epoch,latitude,longitude,speed,heading,course,status,timestamp
2014-05-29 05:08:00+00:00,55.47583,8.412857,0.0,143.0,316.0,0,1401340080
2014-05-29 08:10:00+00:00,55.47583,8.412865,0.0,143.0,7.0,0,1401351000
2014-05-29 09:20:00+00:00,55.47581,8.41285,0.0,143.0,145.0,0,1401355200
2014-05-29 14:19:00+00:00,55.47581,8.41285,0.0,142.0,303.0,0,1401373140
2014-05-29 16:15:00+00:00,55.47583,8.412867,0.0,142.0,165.0,0,1401380100
2014-05-30 09:00:00+00:00,55.47581,8.412833,0.0,143.0,126.0,0,1401440400
2014-05-30 10:06:00+00:00,55.47583,8.412855,0.0,143.0,62.0,0,1401444360
2014-05-30 16:15:00+00:00,55.47583,8.41285,0.0,143.0,256.0,0,1401466500
2014-05-31 08:22:00+00:00,55.47581,8.412867,0.0,143.0,190.0,0,1401524520
2014-05-31 20:04:00+00:00,55.47584,8.41287,0.0,143.0,242.0,0,1401566640
2014-05-31 21:13:00+00:00,55.47581,8.41285,0.0,143.0,257.0,0,1401570780
2014-05-31 23:09:00+00:00,55.47583,8.41285,0.0,143.0,320.0,0,1401577740
2014-06-01 01:19:00+00:00,55.47583,8.41285,0.0,143.0,38.0,0,1401585540
2014-06-01 03:12:00+00:00,55.47581,8.41285,0.0,143.0,156.0,0,1401592320
2014-06-01 04:18:00+00:00,55.47583,8.412865,0.0,143.0,61.0,0,1401596280
2014-06-01 05:05:00+00:00,55.47583,8.41285,0.0,143.0,8.0,0,1401599100
2014-06-01 06:15:00+00:00,55.47584,8.412871,0.0,143.0,338.0,0,1401603300
2014-06-01 07:18:00+00:00,55.47584,8.412865,0.0,143.0,167.0,0,1401607080
2014-06-01 08:05:00+00:00,55.47583,8.41287,0.0,143.0,164.0,0,1401609900
2014-06-01 10:20:00+00:00,55.47584,8.412857,0.0,143.0,136.0,0,1401618000
2014-06-01 15:13:00+00:00,55.47581,8.41285,0.0,143.0,73.0,0,1401635580
2014-06-01 17:08:00+00:00,55.47583,8.41285,0.0,143.0,233.0,0,1401642480
2014-06-01 22:00:00+00:00,55.47581,8.41285,0.0,143.0,220.0,0,1401660000
2014-06-02 00:17:00+00:00,55.47583,8.41285,0.0,143.0,216.0,0,1401668220
2014-06-02 04:06:00+00:00,55.47583,8.412858,0.0,143.0,255.0,0,1401681960
2014-06-02 06:21:00+00:00,55.47583,8.41285,0.0,143.0,36.0,0,1401690060
2014-06-02 07:07:00+00:00,55.47583,8.41285,0.0,143.0,85.0,0,1401692820
2014-06-02 10:05:00+00:00,55.47581,8.41285,0.0,143.0,288.0,0,1401703500
2014-06-02 11:12:00+00:00,55.47583,8.41285,0.0,143.0,27.0,0,1401707520
2014-06-02 12:19:00+00:00,55.47583,8.41285,0.0,143.0,262.0,0,1401711540
2014-06-02 14:13:00+00:00,55.47581,8.41285,0.0,143.0,84.0,0,1401718380
2014-06-02 19:01:00+00:00,55.47584,8.412857,0.0,143.0,181.0,0,1401735660
2014-06-03 04:06:00+00:00,55.47581,8.41285,0.0,143.0,216.0,0,1401768360
2014-06-03 05:13:00+00:00,55.47583,8.41285,0.0,143.0,325.0,0,1401772380
2014-06-03 07:03:00+00:00,55.47583,8.41285,0.0,143.0,145.0,0,1401778980
2014-06-03 10:00:00+00:00,55.47581,8.41285,0.0,143.0,7.0,0,1401789600
2014-06-03 14:13:00+00:00,55.47581,8.412867,0.0,143.0,62.0,0,1401804780
2014-06-03 16:09:00+00:00,55.47583,8.41286,0.0,143.0,345.0,0,1401811740
2014-06-03 18:23:00+00:00,55.47581,8.41285,0.0,143.0,192.0,0,1401819780
2014-06-03 21:03:00+00:00,55.4758,8.41285,0.0,143.0,359.0,0,1401829380
2014-06-03 23:20:00+00:00,55.47583,8.41285,0.0,143.0,141.0,0,1401837600
2014-06-04 03:10:00+00:00,55.47581,8.41285,0.0,143.0,300.0,0,1401851400
2014-06-04 07:18:00+00:00,55.47584,8.412857,0.0,143.0,211.0,0,1401866280
2014-06-04 08:05:00+00:00,55.47583,8.412865,0.0,143.0,163.0,0,1401869100
2014-06-04 14:06:00+00:00,55.47581,8.41285,0.0,143.0,354.0,0,1401890760
2014-06-04 16:02:00+00:00,55.47583,8.41285,0.0,143.0,221.0,0,1401897720
2014-06-04 18:21:00+00:00,55.47581,8.41285,0.0,143.0,19.0,0,1401906060
2014-06-04 20:17:00+00:00,55.47581,8.41285,0.0,143.0,10.0,0,1401913020
2014-06-05 05:01:00+00:00,55.47583,8.41285,0.0,143.0,43.0,0,1401944460
2014-06-05 06:09:00+00:00,55.47584,8.412864,0.0,143.0,195.0,0,1401948540
2014-06-05 08:05:00+00:00,55.47583,8.412867,0.0,143.0,66.0,0,1401955500
2014-06-05 12:16:00+00:00,55.47583,8.41285,0.0,143.0,341.0,0,1401970560
2014-06-05 14:11:00+00:00,55.47581,8.412867,0.0,143.0,107.0,0,1401977460
2014-06-05 16:06:00+00:00,55.47583,8.412855,0.0,143.0,351.0,0,1401984360
2014-06-05 17:15:00+00:00,55.47583,8.412867,0.0,143.0,132.0,0,1401988500
2014-06-06 02:09:00+00:00,55.47584,8.412862,0.0,143.0,10.0,0,1402020540
2014-06-06 03:17:00+00:00,55.47581,8.41285,0.0,143.0,133.0,0,1402024620
2014-06-06 04:03:00+00:00,55.47581,8.41285,0.0,143.0,257.0,0,1402027380
2014-06-06 08:17:00+00:00,55.47583,8.41285,0.0,143.0,187.0,0,1402042620
2014-06-06 15:10:00+00:00,55.47584,8.412858,0.0,143.0,32.0,0,1402067400
2014-06-07 02:07:00+00:00,55.47583,8.412862,0.0,143.0,342.0,0,1402106820
2014-06-07 05:13:00+00:00,55.47583,8.412858,0.0,143.0,107.0,0,1402117980
2014-06-07 06:20:00+00:00,55.47584,8.412864,0.0,143.0,216.0,0,1402122000
2014-06-07 11:11:00+00:00,55.47581,8.41285,0.0,143.0,248.0,0,1402139460
2014-06-07 15:16:00+00:00,55.47584,8.412864,0.0,143.0,53.0,0,1402154160
2014-06-07 18:18:00+00:00,55.47584,8.412857,0.0,143.0,149.0,0,1402165080
2014-06-07 21:17:00+00:00,55.47583,8.412858,0.0,143.0,195.0,0,1402175820
2014-06-08 06:03:00+00:00,55.47584,8.412868,0.0,143.0,240.0,0,1402207380
2014-06-08 07:06:00+00:00,55.47583,8.41285,0.0,143.0,203.0,0,1402211160
2014-06-08 07:06:00+00:00,55.47583,8.41285,0.0,143.0,203.0,0,1402211160
2014-06-08 08:08:00+00:00,55.47584,8.412867,0.0,143.0,218.0,0,1402214880
2014-06-08 10:22:00+00:00,55.47583,8.412862,0.0,143.0,306.0,0,1402222920
2014-06-08 14:03:00+00:00,55.47583,8.412871,0.0,143.0,175.0,0,1402236180
2014-06-08 15:13:00+00:00,55.47584,8.412868,0.0,143.0,182.0,0,1402240380
2014-06-08 18:16:00+00:00,55.47583,8.41285,0.0,143.0,29.0,0,1402251360
2014-06-08 19:22:00+00:00,55.47583,8.412867,0.0,143.0,319.0,0,1402255320
2014-06-08 23:11:00+00:00,55.47583,8.41285,0.0,143.0,192.0,0,1402269060
2014-06-09 01:00:00+00:00,55.47583,8.41285,0.0,143.0,322.0,0,1402275600
2014-06-09 03:12:00+00:00,55.47583,8.41286,0.0,143.0,181.0,0,1402283520
2014-06-09 06:16:00+00:00,55.47584,8.41286,0.0,143.0,269.0,0,1402294560
2014-06-09 08:04:00+00:00,55.47584,8.412862,0.0,143.0,272.0,0,1402301040
2014-06-09 09:08:00+00:00,55.47583,8.41285,0.0,143.0,204.0,0,1402304880
2014-06-09 12:20:00+00:00,55.47583,8.41285,0.0,143.0,277.0,0,1402316400
2014-06-09 13:04:00+00:00,55.47583,8.41285,0.0,143.0,259.0,0,1402319040
2014-06-09 16:04:00+00:00,55.47583,8.41285,0.0,143.0,311.0,0,1402329840
2014-06-09 22:12:00+00:00,55.47583,8.412853,0.0,143.0,203.0,0,1402351920
2014-06-10 00:05:00+00:00,55.47583,8.412847,0.0,143.0,33.0,0,1402358700
2014-06-10 01:08:00+00:00,55.47581,8.41285,0.0,143.0,108.0,0,1402362480
2014-06-10 02:15:00+00:00,55.47584,8.412857,0.0,143.0,191.0,0,1402366500
2014-06-10 03:21:00+00:00,55.47583,8.41285,0.0,143.0,154.0,0,1402370460
2014-06-10 04:07:00+00:00,55.47583,8.41285,0.0,143.0,43.0,0,1402373220
2014-06-10 06:20:00+00:00,55.47583,8.41285,0.0,143.0,35.0,0,1402381200
2014-06-10 08:12:00+00:00,55.47583,8.41285,0.0,143.0,311.0,0,1402387920
2014-06-10 10:05:00+00:00,55.47583,8.41285,0.0,143.0,165.0,0,1402394700
2014-06-10 12:23:00+00:00,55.47583,8.41285,0.0,143.0,352.0,0,1402402980
2014-06-10 17:04:00+00:00,55.47584,8.412864,0.0,143.0,33.0,0,1402419840
2014-06-10 19:18:00+00:00,55.47584,8.412867,0.0,143.0,204.0,0,1402427880
2014-06-10 20:03:00+00:00,55.47581,8.412867,0.0,143.0,247.0,0,1402430580
2014-06-11 01:14:00+00:00,55.47583,8.41285,0.0,143.0,20.0,0,1402449240
2014-06-11 09:04:00+00:00,55.47581,8.41285,0.0,143.0,262.0,0,1402477440
2014-06-11 10:10:00+00:00,55.47583,8.41286,0.0,143.0,115.0,0,1402481400
2014-06-11 13:07:00+00:00,55.47583,8.412862,0.0,143.0,220.0,0,1402492020
2014-06-11 15:15:00+00:00,55.47583,8.41285,0.0,143.0,128.0,0,1402499700
2014-06-11 19:21:00+00:00,55.47583,8.412867,0.0,143.0,242.0,0,1402514460
2014-06-11 22:03:00+00:00,55.47583,8.41285,0.0,143.0,219.0,0,1402524180
2014-06-12 02:14:00+00:00,55.47583,8.41285,0.0,143.0,184.0,0,1402539240
2014-06-12 05:15:00+00:00,55.47583,8.412867,0.0,143.0,79.0,0,1402550100
2014-06-12 09:09:00+00:00,55.47583,8.41285,0.0,143.0,196.0,0,1402564140
2014-06-12 11:00:00+00:00,55.47581,8.41285,0.0,143.0,81.0,0,1402570800
2014-06-12 15:13:00+00:00,55.47583,8.41285,0.0,143.0,34.0,0,1402585980
2014-06-12 19:20:00+00:00,55.47583,8.412867,0.0,143.0,21.0,0,1402600800
2014-06-13 03:17:00+00:00,55.47583,8.412868,0.0,143.0,309.0,0,1402629420
2014-06-13 04:04:00+00:00,55.47583,8.412858,0.0,143.0,279.0,0,1402632240
2014-06-13 10:07:00+00:00,55.47583,8.412864,0.0,143.0,155.0,0,1402654020
2014-06-13 11:17:00+00:00,55.47583,8.412865,0.0,143.0,312.0,0,1402658220
2014-06-13 17:03:00+00:00,55.47584,8.412865,0.0,143.0,99.0,0,1402678980
2014-06-13 18:09:00+00:00,55.47584,8.41287,0.0,143.0,16.0,0,1402682940
2014-06-13 21:12:00+00:00,55.47581,8.41285,0.0,143.0,73.0,0,1402693920
2014-06-14 06:20:00+00:00,55.47584,8.41286,0.0,143.0,43.0,0,1402726800
2014-06-14 08:15:00+00:00,55.47581,8.41285,0.0,143.0,251.0,0,1402733700
2014-06-14 12:21:00+00:00,55.47583,8.41285,0.0,143.0,44.0,0,1402748460
2014-06-14 13:07:00+00:00,55.47581,8.41285,0.0,143.0,127.0,0,1402751220
2014-06-14 16:07:00+00:00,55.47583,8.41286,0.0,143.0,212.0,0,1402762020
2014-06-14 18:02:00+00:00,55.47585,8.412865,0.0,143.0,174.0,0,1402768920
2014-06-14 22:06:00+00:00,55.47583,8.41285,0.0,143.0,33.0,0,1402783560
2014-06-15 02:16:00+00:00,55.47583,8.41285,0.0,143.0,41.0,0,1402798560
2014-06-15 04:13:00+00:00,55.47583,8.41285,0.0,143.0,337.0,0,1402805580
2014-06-15 05:22:00+00:00,55.47584,8.412868,0.0,143.0,202.0,0,1402809720
2014-06-15 06:05:00+00:00,55.47584,8.412864,0.0,143.0,209.0,0,1402812300
2014-06-15 07:13:00+00:00,55.47584,8.412864,0.0,143.0,355.0,0,1402816380
2014-06-15 09:06:00+00:00,55.47583,8.41285,0.0,143.0,309.0,0,1402823160
2014-06-15 10:13:00+00:00,55.47583,8.412858,0.0,143.0,262.0,0,1402827180
2014-06-15 12:10:00+00:00,55.47583,8.41285,0.0,143.0,94.0,0,1402834200
2014-06-15 13:17:00+00:00,55.47583,8.412862,0.0,143.0,280.0,0,1402838220
2014-06-15 15:10:00+00:00,55.47583,8.412867,0.0,143.0,193.0,0,1402845000
2014-06-15 22:09:00+00:00,55.47583,8.412855,0.0,143.0,67.0,0,1402870140
2014-06-16 01:12:00+00:00,55.47583,8.412864,0.0,143.0,154.0,0,1402881120
2014-06-16 03:07:00+00:00,55.47583,8.412867,0.0,143.0,176.0,0,1402888020
2014-06-16 09:03:00+00:00,55.47583,8.412851,0.0,143.0,134.0,0,1402909380
2014-06-16 12:05:00+00:00,55.47583,8.412853,0.0,143.0,16.0,0,1402920300
2014-06-16 16:19:00+00:00,55.47583,8.41286,0.0,143.0,75.0,0,1402935540
2014-06-16 18:15:00+00:00,55.47583,8.41285,0.0,143.0,230.0,0,1402942500
2014-06-16 23:17:00+00:00,55.47584,8.412848,0.0,143.0,196.0,0,1402960620
2014-06-17 01:07:00+00:00,55.47583,8.412858,0.0,143.0,255.0,0,1402967220
2014-06-17 02:14:00+00:00,55.47583,8.412857,0.0,143.0,164.0,0,1402971240
2014-06-17 03:21:00+00:00,55.47584,8.412862,0.0,143.0,281.0,0,1402975260
2014-06-17 06:18:00+00:00,55.47584,8.412862,0.0,143.0,19.0,0,1402985880
2014-06-17 08:10:00+00:00,55.47583,8.412857,0.0,143.0,175.0,0,1402992600
2014-06-17 10:03:00+00:00,55.47584,8.412858,0.0,143.0,294.0,0,1402999380
2014-06-17 13:04:00+00:00,55.47581,8.41285,0.0,143.0,342.0,0,1403010240
2014-06-17 16:09:00+00:00,55.47583,8.412855,0.0,143.0,19.0,0,1403021340
2014-06-17 19:17:00+00:00,55.47583,8.412862,0.0,143.0,276.0,0,1403032620
2014-06-18 02:19:00+00:00,55.47581,8.41285,0.0,143.0,51.0,0,1403057940
2014-06-18 03:02:00+00:00,55.47583,8.41285,0.0,143.0,14.0,0,1403060520
2014-06-18 04:06:00+00:00,55.47583,8.41285,0.0,143.0,180.0,0,1403064360
2014-06-18 10:08:00+00:00,55.47583,8.41285,0.0,143.0,41.0,0,1403086080
2014-06-18 15:22:00+00:00,55.47583,8.41285,0.0,143.0,204.0,0,1403104920
2014-06-18 19:14:00+00:00,55.4758,8.41285,0.0,143.0,0.0,0,1403118840
2014-06-18 20:01:00+00:00,55.4758,8.41285,0.0,143.0,0.0,0,1403121660
2014-06-18 21:07:00+00:00,55.4758,8.41285,0.0,143.0,0.0,0,1403125620
2014-06-18 22:18:00+00:00,55.4758,8.41285,0.0,143.0,0.0,0,1403129880
2014-06-18 23:06:00+00:00,55.4758,8.41285,0.0,143.0,0.0,0,1403132760
2014-06-19 03:22:00+00:00,55.47583,8.412833,0.0,143.0,302.0,0,1403148120
2014-06-19 08:15:00+00:00,55.47583,8.412833,0.0,143.0,227.0,0,1403165700
2014-06-19 10:10:00+00:00,55.47583,8.412833,0.0,143.0,112.0,0,1403172600
2014-06-19 14:13:00+00:00,55.47583,8.412833,0.0,143.0,57.0,5,1403187180
2014-06-19 16:19:00+00:00,55.47583,8.412833,0.0,143.0,41.0,5,1403194740
2014-06-19 17:01:00+00:00,55.47583,8.412833,0.0,143.0,177.0,5,1403197260
2014-06-20 00:01:00+00:00,55.47583,8.412833,0.0,143.0,296.0,5,1403222460
2014-06-20 05:17:00+00:00,55.47583,8.412833,0.0,143.0,348.0,5,1403241420
2014-06-20 06:20:00+00:00,55.47583,8.412833,0.0,143.0,25.0,5,1403245200
2014-06-20 10:11:00+00:00,55.47583,8.412833,0.0,143.0,304.0,5,1403259060
2014-06-20 11:14:00+00:00,55.47583,8.412833,0.0,143.0,304.0,5,1403262840
2014-06-20 14:02:00+00:00,55.47583,8.412833,0.0,143.0,239.0,5,1403272920
2014-06-20 15:05:00+00:00,55.47583,8.412833,0.0,143.0,8.0,5,1403276700
2014-06-20 17:11:00+00:00,55.47583,8.412833,0.0,142.0,159.0,5,1403284260
2014-06-20 20:20:00+00:00,55.47583,8.412833,0.0,142.0,97.0,5,1403295600
2014-06-20 21:02:00+00:00,55.47583,8.412833,0.0,142.0,6.0,5,1403298120
2014-06-20 23:08:00+00:00,55.47583,8.412833,0.0,142.0,255.0,5,1403305680
2014-06-21 03:20:00+00:00,55.47583,8.412833,0.0,142.0,256.0,5,1403320800
2014-06-21 05:05:00+00:00,55.47583,8.412833,0.0,142.0,14.0,5,1403327100
2014-06-21 06:08:00+00:00,55.47583,8.412833,0.0,142.0,99.0,5,1403330880
2014-06-21 07:11:00+00:00,55.47583,8.412833,0.0,142.0,206.0,5,1403334660
2014-06-21 09:17:00+00:00,55.47583,8.412833,0.0,142.0,171.0,5,1403342220
2014-06-21 10:00:00+00:00,55.47583,8.412833,0.0,142.0,158.0,5,1403344800
2014-06-21 14:12:00+00:00,55.47583,8.412833,0.0,142.0,328.0,5,1403359920
2014-06-21 21:15:00+00:00,55.47583,8.412833,0.0,142.0,263.0,5,1403385300
2014-06-21 23:03:00+00:00,55.47583,8.412833,0.0,142.0,127.0,5,1403391780
2014-06-22 01:09:00+00:00,55.47583,8.412833,0.0,142.0,176.0,5,1403399340
2014-06-22 02:12:00+00:00,55.47583,8.412833,0.0,142.0,260.0,5,1403403120
2014-06-22 04:00:00+00:00,55.47583,8.412833,0.0,142.0,130.0,5,1403409600
2014-06-22 07:12:00+00:00,55.47583,8.412833,0.0,142.0,347.0,5,1403421120
2014-06-22 16:13:00+00:00,55.47583,8.412833,0.0,142.0,334.0,5,1403453580
2014-06-22 19:04:00+00:00,55.47583,8.412833,0.0,142.0,104.0,5,1403463840
2014-06-23 00:13:00+00:00,55.47583,8.412833,0.0,142.0,81.0,5,1403482380
2014-06-23 04:07:00+00:00,55.47583,8.412833,0.0,142.0,207.0,5,1403496420
2014-06-23 05:19:00+00:00,55.47583,8.412833,0.0,142.0,183.0,5,1403500740
2014-06-23 08:19:00+00:00,55.47583,8.412833,0.0,142.0,70.0,5,1403511540
2014-06-23 13:01:00+00:00,55.47583,8.412833,0.0,142.0,83.0,5,1403528460
2014-06-23 15:13:00+00:00,55.47583,8.412833,0.0,142.0,130.0,5,1403536380
2014-06-23 16:16:00+00:00,55.47583,8.412833,0.0,142.0,80.0,5,1403540160
2014-06-23 20:07:00+00:00,55.47583,8.412833,0.0,142.0,199.0,5,1403554020
2014-06-23 22:16:00+00:00,55.47583,8.412833,0.0,142.0,225.0,5,1403561760
2014-06-24 03:20:00+00:00,55.47583,8.412833,0.0,142.0,275.0,5,1403580000
2014-06-24 04:05:00+00:00,55.47583,8.412833,0.0,142.0,273.0,5,1403582700
2014-06-24 05:14:00+00:00,55.47583,8.412833,0.0,142.0,78.0,5,1403586840
2014-06-24 11:20:00+00:00,55.47583,8.412833,0.0,142.0,318.0,5,1403608800
2014-06-24 12:02:00+00:00,55.47583,8.412833,0.0,142.0,159.0,5,1403611320
2014-06-24 14:08:00+00:00,55.47583,8.412833,0.0,142.0,222.0,5,1403618880
2014-06-25 01:51:00+00:00,55.46067,8.444,0.0,277.0,107.0,5,1403661060
2014-06-25 02:42:00+00:00,55.46067,8.444,0.0,277.0,153.0,5,1403664120
2014-06-25 09:27:00+00:00,55.46067,8.444,0.0,277.0,141.0,5,1403688420
2014-06-25 12:24:00+00:00,55.46067,8.444,0.0,277.0,154.0,5,1403699040
2014-06-25 13:03:00+00:00,55.46067,8.444,0.0,277.0,132.0,5,1403701380
2014-06-25 15:09:00+00:00,55.46067,8.444,0.0,277.0,343.0,5,1403708940
2014-06-25 18:48:00+00:00,55.46067,8.444,0.0,278.0,270.0,5,1403722080
2014-06-25 21:57:00+00:00,55.46067,8.444,0.0,277.0,135.0,5,1403733420
2014-06-25 22:22:00+00:00,55.46067,8.444,0.0,277.0,229.0,5,1403734920
2014-06-26 09:00:00+00:00,55.46067,8.444,0.0,277.0,187.0,5,1403773200
2014-06-26 14:17:00+00:00,55.47583,8.412833,0.0,142.0,162.0,5,1403792220
2014-06-26 15:20:00+00:00,55.47583,8.412833,0.0,142.0,20.0,5,1403796000
2014-06-26 23:02:00+00:00,55.47583,8.412833,0.0,142.0,262.0,5,1403823720
2014-06-27 03:14:00+00:00,55.47583,8.412833,0.0,142.0,232.0,5,1403838840
2014-06-27 04:17:00+00:00,55.47583,8.412833,0.0,142.0,46.0,5,1403842620
2014-06-27 06:02:00+00:00,55.47583,8.412833,0.0,142.0,102.0,5,1403848920
2014-06-27 07:05:00+00:00,55.47583,8.412833,0.0,142.0,24.0,5,1403852700
2014-06-27 14:05:00+00:00,55.47583,8.412833,0.0,142.0,308.0,5,1403877900
2014-06-27 17:14:00+00:00,55.47583,8.412833,0.0,142.0,38.0,5,1403889240
2014-06-28 05:12:00+00:00,55.47583,8.412833,0.0,142.0,185.0,5,1403932320
2014-06-28 06:15:00+00:00,55.47583,8.412833,0.0,142.0,346.0,5,1403936100
2014-06-28 07:18:00+00:00,55.47583,8.412833,0.0,142.0,121.0,5,1403939880
2014-06-28 10:12:00+00:00,55.47583,8.412833,0.0,142.0,307.0,5,1403950320
2014-06-28 12:18:00+00:00,55.47583,8.412833,0.0,142.0,105.0,5,1403957880
2014-06-28 15:12:00+00:00,55.47583,8.412833,0.0,142.0,205.0,5,1403968320
2014-06-28 16:18:00+00:00,55.47583,8.412833,0.0,142.0,54.0,5,1403972280
2014-06-28 20:00:00+00:00,55.47583,8.412833,0.0,142.0,244.0,5,1403985600
2014-06-28 22:00:00+00:00,55.47583,8.412833,0.0,142.0,140.0,5,1403992800
2014-06-29 02:07:00+00:00,55.47583,8.412833,0.0,142.0,126.0,5,1404007620
2014-06-29 03:19:00+00:00,55.47583,8.412833,0.0,142.0,152.0,5,1404011940
2014-06-29 05:19:00+00:00,55.47583,8.412833,0.0,142.0,202.0,5,1404019140
2014-06-29 10:07:00+00:00,55.47583,8.412833,0.0,142.0,218.0,5,1404036420
2014-06-29 13:16:00+00:00,55.47583,8.412833,0.0,142.0,84.0,5,1404047760
2014-06-29 14:01:00+00:00,55.47583,8.412833,0.0,142.0,266.0,5,1404050460
2014-06-29 19:52:00+00:00,55.47583,8.412833,0.0,142.0,313.0,5,1404071520
2014-06-29 20:16:00+00:00,55.47583,8.412833,0.0,142.0,209.0,5,1404072960
2014-06-29 23:10:00+00:00,55.47583,8.412833,0.0,142.0,266.0,5,1404083400
2014-06-30 00:19:00+00:00,55.47583,8.412833,0.0,142.0,98.0,5,1404087540
2014-06-30 02:19:00+00:00,55.47583,8.412833,0.0,142.0,336.0,5,1404094740
2014-06-30 06:13:00+00:00,55.47583,8.412833,0.0,142.0,314.0,5,1404108780
2014-06-30 07:01:00+00:00,55.47583,8.412833,0.0,142.0,264.0,5,1404111660
2014-06-30 09:02:00+00:00,55.47583,8.412833,0.0,142.0,312.0,5,1404118920
2014-06-30 10:14:00+00:00,55.47583,8.412833,0.0,142.0,292.0,5,1404123240
2014-06-30 13:02:00+00:00,55.47583,8.412833,0.0,142.0,11.0,5,1404133320
2014-06-30 17:20:00+00:00,55.47583,8.412833,0.0,142.0,111.0,5,1404148800
2014-06-30 19:20:00+00:00,55.47583,8.412833,0.0,142.0,159.0,5,1404156000
2014-07-01 00:02:00+00:00,55.47583,8.412833,0.0,142.0,178.0,5,1404172920
2014-07-01 02:14:00+00:00,55.47583,8.412833,0.0,142.0,233.0,5,1404180840
2014-07-01 03:20:00+00:00,55.47583,8.412833,0.0,142.0,303.0,5,1404184800
2014-07-01 04:05:00+00:00,55.47583,8.412833,0.0,142.0,14.0,5,1404187500
2014-07-01 06:20:00+00:00,55.47583,8.412833,0.0,142.0,24.0,5,1404195600
2014-07-01 08:20:00+00:00,55.47583,8.412833,0.0,142.0,182.0,5,1404202800
2014-07-01 12:20:00+00:00,55.47583,8.412833,0.0,142.0,326.0,5,1404217200
2014-07-01 15:09:00+00:00,55.47583,8.412833,0.0,142.0,174.0,5,1404227340
2014-07-01 16:21:00+00:00,55.47583,8.412833,0.0,142.0,230.0,5,1404231660
2014-07-01 23:21:00+00:00,55.47583,8.412833,0.0,142.0,123.0,5,1404256860
2014-07-01 23:21:00+00:00,55.47583,8.412833,0.0,142.0,123.0,5,1404256860
2014-07-02 03:15:00+00:00,55.47583,8.412833,0.0,142.0,178.0,5,1404270900
2014-07-02 06:15:00+00:00,55.47583,8.412833,0.0,142.0,359.0,5,1404281700
2014-07-02 07:03:00+00:00,55.47583,8.412833,0.0,142.0,333.0,5,1404284580
2014-07-02 11:15:00+00:00,55.47583,8.412833,0.0,142.0,13.0,5,1404299700
2014-07-02 17:06:00+00:00,55.47583,8.412833,0.0,142.0,308.0,5,1404320760
2014-07-13 08:06:00+00:00,55.4605,8.443833,0.0,278.0,281.0,5,1405238760
2014-07-13 15:18:00+00:00,55.4605,8.443833,0.0,278.0,42.0,5,1405264680
2014-07-13 18:06:00+00:00,55.46067,8.443833,0.0,278.0,3.0,5,1405274760
2014-07-13 21:17:00+00:00,55.4605,8.443833,0.0,278.0,206.0,5,1405286220
2014-07-14 03:14:00+00:00,55.4605,8.443833,0.0,278.0,322.0,5,1405307640
2014-07-14 05:05:00+00:00,55.4605,8.443833,0.0,278.0,222.0,5,1405314300
2014-07-14 06:14:00+00:00,55.4605,8.443833,0.0,278.0,223.0,5,1405318440
2014-07-14 08:14:00+00:00,55.4605,8.443833,0.0,278.0,233.0,5,1405325640
2014-07-14 10:14:00+00:00,55.4605,8.443833,0.0,278.0,9.0,5,1405332840
2014-07-14 15:12:00+00:00,55.4605,8.443833,0.0,278.0,220.0,5,1405350720
2014-07-14 18:09:00+00:00,55.4605,8.443833,0.0,278.0,130.0,5,1405361340
2014-07-14 20:03:00+00:00,55.4605,8.443833,0.0,278.0,282.0,5,1405368180
2014-07-15 01:12:00+00:00,55.4605,8.443833,0.0,278.0,339.0,5,1405386720
2014-07-15 02:15:00+00:00,55.4605,8.443833,0.0,278.0,315.0,5,1405390500
2014-07-15 13:15:00+00:00,55.4605,8.443833,0.0,278.0,178.0,5,1405430100
2014-07-15 15:03:00+00:00,55.4605,8.443833,0.0,278.0,328.0,5,1405436580
2014-07-15 19:03:00+00:00,55.46067,8.443833,0.0,278.0,88.0,5,1405450980
2014-07-15 21:09:00+00:00,55.4605,8.443833,0.0,278.0,156.0,5,1405458540
2014-07-15 22:15:00+00:00,55.4605,8.443833,0.0,278.0,51.0,5,1405462500
2014-07-16 00:04:00+00:00,55.4605,8.443833,0.0,278.0,15.0,5,1405469040
2014-07-16 02:10:00+00:00,55.4605,8.443833,0.0,278.0,258.0,5,1405476600
2014-07-16 03:16:00+00:00,55.4605,8.443833,0.0,278.0,9.0,5,1405480560
2014-07-16 09:13:00+00:00,55.46067,8.443833,0.0,278.0,205.0,5,1405501980
2014-07-16 10:16:00+00:00,55.4605,8.443833,0.0,278.0,86.0,5,1405505760
2014-07-16 11:19:00+00:00,55.4605,8.443833,0.0,278.0,281.0,5,1405509540
2014-07-16 13:04:00+00:00,55.4605,8.443833,0.0,278.0,286.0,5,1405515840
2014-07-16 14:07:00+00:00,55.4605,8.443833,0.0,278.0,336.0,5,1405519620
2014-07-16 16:13:00+00:00,55.4605,8.443833,0.0,278.0,144.0,5,1405527180
2014-07-16 17:19:00+00:00,55.4605,8.443833,0.0,278.0,191.0,5,1405531140
2014-07-16 18:01:00+00:00,55.4605,8.443833,0.0,278.0,171.0,5,1405533660
2014-07-16 20:07:00+00:00,55.4605,8.443833,0.0,278.0,184.0,5,1405541220
2014-07-16 23:01:00+00:00,55.4605,8.443833,0.0,278.0,60.0,5,1405551660
2014-07-17 03:13:00+00:00,55.4605,8.443833,0.0,278.0,55.0,5,1405566780
2014-07-17 05:01:00+00:00,55.4605,8.443833,0.0,278.0,262.0,5,1405573260
2014-07-17 08:11:00+00:00,55.4605,8.443833,0.0,278.0,313.0,5,1405584660
2014-07-17 12:08:00+00:00,55.4605,8.443833,0.0,278.0,237.0,5,1405598880
2014-07-17 13:11:00+00:00,55.4605,8.443833,0.0,278.0,223.0,5,1405602660
2014-07-17 15:17:00+00:00,55.4605,8.443833,0.0,278.0,10.0,5,1405610220
2014-07-17 16:20:00+00:00,55.4605,8.443833,0.0,278.0,82.0,5,1405614000
2014-07-17 19:08:00+00:00,55.4605,8.443833,0.0,278.0,63.0,5,1405624080
2014-07-17 22:17:00+00:00,55.4605,8.443833,0.0,278.0,121.0,5,1405635420
2014-07-17 23:20:00+00:00,55.4605,8.443833,0.0,278.0,44.0,5,1405639200
2014-07-18 00:02:00+00:00,55.4605,8.443833,0.0,278.0,153.0,5,1405641720
2014-07-18 02:17:00+00:00,55.46067,8.443833,0.0,278.0,318.0,5,1405649820
2014-07-18 05:08:00+00:00,55.4605,8.443833,0.0,278.0,4.0,5,1405660080
2014-07-18 07:14:00+00:00,55.4605,8.443833,0.0,278.0,330.0,5,1405667640
2014-07-18 13:15:00+00:00,55.4605,8.443833,0.0,278.0,74.0,5,1405689300
2014-07-18 15:02:00+00:00,55.4605,8.443833,0.0,278.0,74.0,5,1405695720
2014-07-18 18:05:00+00:00,55.46067,8.443833,0.0,278.0,348.0,5,1405706700
2014-07-18 20:20:00+00:00,55.4605,8.443833,0.0,278.0,354.0,5,1405714800
2014-07-18 21:02:00+00:00,55.4605,8.443833,0.0,278.0,205.0,5,1405717320
2014-07-19 03:08:00+00:00,55.4605,8.443833,0.0,278.0,166.0,5,1405739280
2014-07-19 05:17:00+00:00,55.4605,8.443666,0.0,278.0,235.0,5,1405747020
2014-07-19 06:20:00+00:00,55.4605,8.443833,0.0,278.0,24.0,5,1405750800
2014-07-19 09:08:00+00:00,55.4605,8.443833,0.0,278.0,217.0,5,1405760880
2014-07-19 12:17:00+00:00,55.4605,8.443833,0.0,278.0,140.0,5,1405772220
2014-07-19 14:05:00+00:00,55.4605,8.443833,0.0,278.0,252.0,5,1405778700
2014-07-19 18:08:00+00:00,55.4605,8.443833,0.0,278.0,249.0,5,1405793280
2014-07-19 19:17:00+00:00,55.4605,8.443833,0.0,278.0,196.0,5,1405797420
2014-07-19 21:18:00+00:00,55.4605,8.443833,0.0,278.0,60.0,5,1405804680
2014-07-19 22:00:00+00:00,55.4605,8.443833,0.0,278.0,268.0,5,1405807200
2014-07-19 23:12:00+00:00,55.4605,8.443833,0.0,278.0,185.0,5,1405811520
2014-07-20 06:18:00+00:00,55.4605,8.443833,0.0,278.0,359.0,5,1405837080
2014-07-20 07:00:00+00:00,55.4605,8.443833,0.0,278.0,338.0,5,1405839600
2014-07-20 08:09:00+00:00,55.4605,8.44383,0.0,278.0,21.0,5,1405843740
2014-07-20 10:00:00+00:00,55.4605,8.443833,0.0,278.0,165.0,5,1405850400
2014-07-20 14:06:00+00:00,55.4605,8.443833,0.0,278.0,70.0,5,1405865160
2014-07-20 16:06:00+00:00,55.4605,8.443833,0.0,278.0,153.0,5,1405872360
2014-07-20 17:18:00+00:00,55.46067,8.443833,0.0,278.0,80.0,5,1405876680
2014-07-20 19:18:00+00:00,55.4605,8.443833,0.0,278.0,357.0,5,1405883880
2014-07-21 01:07:00+00:00,55.4605,8.443833,0.0,278.0,333.0,5,1405904820
2014-07-21 02:16:00+00:00,55.4605,8.443833,0.0,278.0,251.0,5,1405908960
2014-07-21 03:01:00+00:00,55.4605,8.443833,0.0,278.0,18.0,5,1405911660
2014-07-21 06:01:00+00:00,55.4605,8.443833,0.0,278.0,60.0,5,1405922460
2014-07-21 09:13:00+00:00,55.4605,8.443833,0.0,278.0,47.0,5,1405933980
2014-07-21 10:01:00+00:00,55.4605,8.443833,0.0,278.0,214.0,5,1405936860
2014-07-21 13:13:00+00:00,55.4605,8.443833,0.0,278.0,355.0,5,1405948380
2014-07-21 19:07:00+00:00,55.4605,8.443833,0.0,278.0,152.0,5,1405969620
2014-07-22 00:13:00+00:00,55.4605,8.443833,0.0,278.0,49.0,5,1405987980
2014-07-22 05:19:00+00:00,55.4605,8.443833,0.0,278.0,98.0,5,1406006340
2014-07-22 08:02:00+00:00,55.4605,8.443833,0.0,278.0,31.0,5,1406016120
2014-07-22 10:02:00+00:00,55.4605,8.443833,0.0,278.0,48.0,5,1406023320
2014-07-22 13:02:00+00:00,55.4605,8.443833,0.0,278.0,297.0,5,1406034120
2014-07-22 15:20:00+00:00,55.4605,8.443833,0.0,278.0,259.0,5,1406042400
2014-07-22 18:08:00+00:00,55.46067,8.443833,0.0,278.0,84.0,5,1406052480
2014-07-22 19:20:00+00:00,55.4605,8.443833,0.0,278.0,106.0,5,1406056800
2014-07-22 20:08:00+00:00,55.46067,8.443833,0.0,278.0,84.0,5,1406059680
2014-07-23 00:08:00+00:00,55.4605,8.443833,0.0,277.0,329.0,5,1406074080
2014-07-23 01:20:00+00:00,55.4605,8.443833,0.0,277.0,177.0,5,1406078400
2014-07-23 02:05:00+00:00,55.4605,8.443833,0.0,277.0,96.0,5,1406081100
2014-07-23 06:05:00+00:00,55.4605,8.443833,0.0,278.0,7.0,5,1406095500
2014-07-23 07:14:00+00:00,55.4605,8.443833,0.0,278.0,5.0,5,1406099640
2014-07-24 20:00:00+00:00,55.45,8.468333,0.0,111.0,4.0,0,1406232000
2014-07-24 21:10:00+00:00,55.45,8.468333,0.0,112.0,24.0,0,1406236200
2014-07-24 22:16:00+00:00,55.45,8.468333,0.0,112.0,66.0,0,1406240160
2014-07-25 02:02:00+00:00,55.45,8.468333,0.0,112.0,46.0,0,1406253720
2014-07-25 05:01:00+00:00,55.45,8.468333,0.0,112.0,335.0,5,1406264460
2014-07-25 06:04:00+00:00,55.45,8.468333,0.0,112.0,23.0,5,1406268240
2014-07-25 15:11:00+00:00,55.45,8.468333,0.0,112.0,162.0,5,1406301060
2014-07-25 18:20:00+00:00,55.45,8.468333,0.0,112.0,258.0,5,1406312400
2014-07-25 19:02:00+00:00,55.45,8.468333,0.0,112.0,15.0,5,1406314920
2014-07-25 22:11:00+00:00,55.45,8.468333,0.0,112.0,184.0,5,1406326260
2014-07-26 00:20:00+00:00,55.45,8.468333,0.0,112.0,207.0,5,1406334000
2014-07-26 05:14:00+00:00,55.45,8.468333,0.0,111.0,269.0,5,1406351640
2014-07-26 08:02:00+00:00,55.45,8.468333,0.0,111.0,235.0,5,1406361720
2014-07-26 13:20:00+00:00,55.45,8.468333,0.0,111.0,130.0,5,1406380800
2014-07-26 13:20:00+00:00,55.45,8.468333,0.0,111.0,130.0,5,1406380800
2014-07-26 14:02:00+00:00,55.45,8.468333,0.0,111.0,76.0,5,1406383320
2014-07-26 15:08:00+00:00,55.45,8.468333,0.0,111.0,276.0,5,1406387280
2014-07-26 18:12:00+00:00,55.45,8.468333,0.0,111.0,26.0,5,1406398320
2014-07-26 20:00:00+00:00,55.45,8.468333,0.0,111.0,64.0,5,1406404800
2014-07-26 22:12:00+00:00,55.45,8.468333,0.0,111.0,204.0,5,1406412720
2014-07-27 00:12:00+00:00,55.45,8.468333,0.0,111.0,352.0,5,1406419920
2014-07-27 06:18:00+00:00,55.45,8.468333,0.0,112.0,285.0,5,1406441880
2014-07-27 08:18:00+00:00,55.45,8.468333,0.0,111.0,107.0,5,1406449080
2014-07-27 13:18:00+00:00,55.44998,8.468333,0.0,112.0,239.0,5,1406467080
2014-07-27 14:00:00+00:00,55.45,8.468333,0.0,112.0,22.0,5,1406469600
2014-07-27 18:16:00+00:00,55.45,8.468333,0.0,112.0,109.0,5,1406484960
2014-07-27 19:00:00+00:00,55.45,8.468333,0.0,112.0,302.0,5,1406487600
2014-07-28 03:13:00+00:00,55.45,8.468333,0.0,112.0,236.0,5,1406517180
2014-07-28 06:19:00+00:00,55.45,8.468333,0.0,112.0,247.0,5,1406528340
2014-07-28 11:01:00+00:00,55.45,8.468333,0.0,112.0,25.0,5,1406545260
2014-07-28 14:07:00+00:00,55.45,8.468333,0.0,112.0,137.0,5,1406556420
2014-07-28 15:19:00+00:00,55.45,8.468333,0.0,112.0,194.0,5,1406560740
2014-07-28 17:19:00+00:00,55.45,8.468333,0.0,112.0,171.0,5,1406567940
2014-07-28 20:07:00+00:00,55.45,8.468333,0.0,112.0,176.0,5,1406578020
2014-07-28 23:13:00+00:00,55.45,8.468333,0.0,246.0,26.0,5,1406589180
2014-07-29 00:01:00+00:00,55.45,8.468333,0.0,70.0,267.0,5,1406592060
2014-07-29 03:07:00+00:00,55.45,8.468333,0.0,112.0,271.0,5,1406603220
2014-07-29 05:19:00+00:00,55.45,8.468333,0.0,112.0,274.0,5,1406611140
2014-07-29 09:08:00+00:00,55.45,8.468333,0.0,112.0,283.0,5,1406624880
2014-07-29 15:02:00+00:00,55.45,8.468333,0.0,111.0,252.0,5,1406646120
2014-07-29 16:14:00+00:00,55.45,8.468333,0.0,111.0,356.0,5,1406650440
2014-07-29 20:08:00+00:00,55.45,8.468333,0.0,111.0,291.0,5,1406664480
2014-07-29 22:05:00+00:00,55.45,8.468333,0.0,111.0,131.0,5,1406671500
2014-07-29 23:07:00+00:00,55.45,8.468333,0.0,111.0,195.0,5,1406675220
2014-07-29 23:07:00+00:00,55.45,8.468333,0.0,111.0,195.0,5,1406675220
2014-07-30 00:10:00+00:00,55.45,8.468333,0.0,111.0,64.0,5,1406679000
2014-07-30 01:13:00+00:00,55.45,8.468333,0.0,111.0,39.0,5,1406682780
2014-07-30 05:04:00+00:00,55.45,8.468333,0.0,111.0,39.0,5,1406696640
2014-07-30 06:07:00+00:00,55.45,8.468333,0.0,111.0,40.0,5,1406700420
2014-07-30 07:10:00+00:00,55.45,8.468333,0.0,111.0,18.0,5,1406704200
2014-07-30 09:19:00+00:00,55.45,8.468333,0.0,111.0,153.0,5,1406711940
2014-07-30 13:11:00+00:00,55.45,8.468333,0.0,110.0,205.0,5,1406725860
2014-07-30 14:14:00+00:00,55.45,8.468333,0.0,111.0,263.0,5,1406729640
2014-07-30 16:20:00+00:00,55.45,8.468333,0.0,111.0,321.0,5,1406737200
2014-07-30 17:02:00+00:00,55.45,8.468333,0.0,111.0,87.0,5,1406739720
2014-07-30 20:11:00+00:00,55.45,8.468333,0.0,111.0,349.0,5,1406751060
2014-07-30 23:20:00+00:00,55.45,8.468333,0.0,111.0,284.0,5,1406762400
2014-07-31 01:08:00+00:00,55.45,8.468333,0.0,111.0,245.0,5,1406768880
2014-07-31 04:20:00+00:00,55.45,8.468333,0.0,111.0,304.0,5,1406780400
2014-07-31 07:08:00+00:00,55.45,8.468333,0.0,111.0,229.0,5,1406790480
2014-07-31 08:11:00+00:00,55.45,8.468333,0.0,111.0,237.0,5,1406794260
2014-07-31 11:20:00+00:00,55.45,8.468333,0.0,111.0,15.0,5,1406805600
2014-07-31 13:05:00+00:00,55.45,8.468333,0.0,111.0,182.0,5,1406811900
2014-07-31 15:11:00+00:00,55.45,8.468333,0.0,111.0,7.0,5,1406819460
2014-07-31 17:17:00+00:00,55.45,8.468333,0.0,111.0,80.0,5,1406827020
2014-08-01 05:12:00+00:00,55.45,8.468333,0.0,111.0,197.0,5,1406869920
2014-08-01 06:15:00+00:00,55.45,8.468333,0.0,111.0,133.0,5,1406873700
2014-08-01 09:03:00+00:00,55.45,8.468333,0.0,111.0,40.0,5,1406883780
2014-08-01 10:06:00+00:00,55.45,8.468333,0.0,111.0,282.0,5,1406887560
2014-08-01 11:09:00+00:00,55.45,8.468333,0.0,111.0,7.0,5,1406891340
2014-08-01 12:12:00+00:00,55.45,8.468333,0.0,111.0,68.0,5,1406895120
2014-08-01 13:15:00+00:00,55.45,8.468333,0.0,111.0,131.0,5,1406898900
2014-08-01 14:18:00+00:00,55.45,8.468333,0.0,111.0,349.0,5,1406902680
2014-08-01 19:12:00+00:00,55.45,8.468333,0.0,111.0,232.0,5,1406920320
2014-08-01 22:00:00+00:00,55.45,8.468333,0.0,111.0,188.0,5,1406930400
2014-08-01 23:03:00+00:00,55.45,8.468333,0.0,111.0,171.0,5,1406934180
2014-08-02 00:06:00+00:00,55.45,8.468333,0.0,111.0,344.0,5,1406937960
2014-08-02 02:12:00+00:00,55.45,8.468333,0.0,110.0,76.0,5,1406945520
2014-08-02 04:19:00+00:00,55.45,8.468333,0.0,110.0,185.0,5,1406953140
2014-08-02 17:13:00+00:00,55.45,8.468333,0.0,111.0,139.0,5,1406999580
2014-08-02 19:13:00+00:00,55.45,8.468333,0.0,111.0,254.0,5,1407006780
2014-08-02 22:19:00+00:00,55.45,8.468333,0.0,111.0,163.0,5,1407017940
2014-08-03 02:13:00+00:00,55.45,8.468333,0.0,111.0,111.0,5,1407031980
2014-08-03 04:07:00+00:00,55.45,8.468333,0.0,111.0,38.0,5,1407038820
2014-08-03 07:19:00+00:00,55.45,8.468333,0.0,111.0,69.0,5,1407050340
2014-08-03 12:08:00+00:00,55.45,8.468333,0.0,111.0,296.0,5,1407067680
2014-08-03 13:20:00+00:00,55.45,8.468333,0.0,111.0,349.0,5,1407072000
2014-08-03 14:08:00+00:00,55.45,8.468333,0.0,111.0,322.0,5,1407074880
2014-08-03 19:17:00+00:00,55.45,8.468333,0.0,111.0,347.0,5,1407093420
2014-08-04 00:14:00+00:00,55.45,8.468333,0.0,111.0,103.0,5,1407111240
2014-08-04 05:02:00+00:00,55.45,8.468333,0.0,111.0,162.0,5,1407128520
2014-08-04 11:02:00+00:00,55.45,8.468333,0.0,111.0,289.0,5,1407150120
2014-08-04 12:14:00+00:00,55.45,8.468333,0.0,111.0,73.0,5,1407154440
2014-08-04 13:02:00+00:00,55.45,8.468333,0.0,111.0,85.0,5,1407157320
2014-08-04 14:14:00+00:00,55.45,8.468333,0.0,111.0,244.0,5,1407161640
2014-08-04 16:15:00+00:00,55.45,8.468333,0.0,111.0,199.0,5,1407168900
2014-08-04 20:15:00+00:00,55.45,8.468333,0.0,111.0,205.0,5,1407183300
2014-08-04 22:15:00+00:00,55.45,8.468333,0.0,110.0,18.0,5,1407190500
2014-08-05 06:09:00+00:00,55.45,8.468333,0.0,111.0,44.0,5,1407218940
2014-08-05 10:09:00+00:00,55.45,8.468333,0.0,111.0,355.0,5,1407233340
2014-08-05 11:19:00+00:00,55.45,8.468333,0.0,111.0,75.0,5,1407237540
2014-08-05 14:03:00+00:00,55.45,8.468333,0.0,111.0,287.0,5,1407247380
2014-08-05 16:03:00+00:00,55.45,8.468333,0.0,111.0,189.0,5,1407254580
2014-08-05 18:03:00+00:00,55.45,8.468333,0.0,111.0,276.0,5,1407261780
2014-08-05 22:03:00+00:00,55.45,8.468333,0.0,111.0,208.0,5,1407276180
2014-08-06 00:03:00+00:00,55.45,8.468333,0.0,111.0,136.0,5,1407283380
2014-08-06 00:03:00+00:00,55.45,8.468333,0.0,111.0,136.0,5,1407283380
2014-08-06 01:16:00+00:00,55.45,8.468333,0.0,111.0,198.0,5,1407287760
2014-08-06 06:04:00+00:00,55.45,8.468333,0.0,111.0,54.0,5,1407305040
2014-08-06 17:04:00+00:00,55.45,8.468333,0.0,111.0,277.0,5,1407344640
2014-08-06 17:04:00+00:00,55.45,8.468333,0.0,111.0,277.0,5,1407344640
2014-08-06 18:16:00+00:00,55.45,8.468333,0.0,111.0,32.0,5,1407348960
2014-08-24 16:04:00+00:00,55.45,8.468333,0.0,111.0,163.0,0,1408896240
2014-08-24 18:12:00+00:00,55.45,8.468333,0.0,111.0,303.0,0,1408903920
2014-08-24 21:11:00+00:00,55.45,8.468333,0.0,111.0,158.0,0,1408914660
2014-08-24 23:02:00+00:00,55.45,8.468333,0.0,111.0,293.0,0,1408921320
2014-08-25 08:03:00+00:00,55.45,8.468333,0.0,111.0,121.0,0,1408953780
2014-08-25 09:13:00+00:00,55.45,8.468333,0.0,111.0,197.0,0,1408957980
2014-08-25 11:04:00+00:00,55.45,8.468333,0.0,111.0,75.0,0,1408964640
2014-08-26 01:05:00+00:00,55.45,8.468333,0.0,111.0,241.0,5,1409015100
2014-08-26 05:20:00+00:00,55.45,8.468333,0.0,111.0,46.0,5,1409030400
2014-08-26 06:02:00+00:00,55.45,8.468333,0.0,111.0,240.0,5,1409032920
2014-08-26 07:05:00+00:00,55.45,8.468333,0.0,111.0,182.0,5,1409036700
2014-08-26 12:00:00+00:00,55.45,8.468333,0.0,111.0,79.0,5,1409054400
2014-08-26 13:03:00+00:00,55.45,8.468333,0.0,111.0,230.0,5,1409058180
2014-08-26 15:12:00+00:00,55.45,8.468333,0.0,111.0,84.0,5,1409065920
2014-08-26 16:00:00+00:00,55.45,8.468333,0.0,111.0,192.0,5,1409068800
2014-08-26 20:09:00+00:00,55.45,8.468333,0.0,111.0,203.0,5,1409083740
2014-08-26 23:15:00+00:00,55.45,8.468333,0.0,111.0,102.0,5,1409094900
2014-08-26 23:15:00+00:00,55.45,8.468333,0.0,111.0,102.0,5,1409094900
2014-08-27 02:18:00+00:00,55.45,8.468333,0.0,111.0,311.0,5,1409105880
2014-08-27 13:03:00+00:00,55.45,8.468333,0.0,111.0,341.0,5,1409144580
2014-08-27 16:00:00+00:00,55.45,8.468333,0.0,111.0,1.0,5,1409155200
2014-08-28 00:19:00+00:00,55.45,8.468333,0.0,111.0,142.0,5,1409185140
2014-08-28 01:01:00+00:00,55.45,8.468333,0.0,111.0,34.0,5,1409187660
2014-08-28 01:01:00+00:00,55.45,8.468333,0.0,111.0,34.0,5,1409187660
2014-08-28 02:07:00+00:00,55.45,8.468333,0.0,111.0,130.0,5,1409191620
2014-08-28 04:13:00+00:00,55.45,8.468333,0.0,111.0,337.0,5,1409199180
2014-08-28 06:01:00+00:00,55.45,8.468333,0.0,111.0,42.0,5,1409205660
2014-08-28 21:05:00+00:00,55.45,8.468333,0.0,111.0,40.0,5,1409259900
2014-08-29 06:14:00+00:00,55.45,8.468333,0.0,111.0,289.0,5,1409292840
2014-08-29 20:21:00+00:00,55.45,8.468333,0.0,111.0,243.0,5,1409343660
2014-08-29 23:17:00+00:00,55.45,8.468333,0.0,111.0,13.0,5,1409354220
2014-08-30 02:17:00+00:00,55.45,8.468333,0.0,111.0,55.0,5,1409365020
2014-08-30 03:23:00+00:00,55.45,8.468333,0.0,111.0,221.0,5,1409368980
2014-08-30 13:15:00+00:00,55.45,8.468333,0.0,111.0,211.0,5,1409404500
2014-08-30 18:15:00+00:00,55.45,8.468333,0.0,111.0,132.0,5,1409422500
2014-08-30 21:03:00+00:00,55.45,8.468333,0.0,111.0,310.0,5,1409432580
2014-08-30 22:06:00+00:00,55.45,8.468333,0.0,111.0,123.0,5,1409436360
2014-08-31 00:12:00+00:00,55.45,8.468333,0.0,111.0,216.0,5,1409443920
2014-08-31 03:00:00+00:00,55.45,8.468333,0.0,111.0,331.0,5,1409454000
2014-08-31 08:15:00+00:00,55.45,8.468333,0.0,111.0,104.0,5,1409472900
2014-08-31 09:18:00+00:00,55.45,8.468333,0.0,111.0,241.0,5,1409476680
2014-08-31 09:18:00+00:00,55.45,8.468333,0.0,111.0,241.0,5,1409476680
2014-08-31 10:00:00+00:00,55.45,8.468333,0.0,111.0,243.0,5,1409479200
2014-08-31 11:03:00+00:00,55.45,8.468333,0.0,111.0,251.0,5,1409482980
2014-08-31 18:20:00+00:00,55.45,8.468333,0.0,111.0,273.0,5,1409509200
2014-08-31 20:05:00+00:00,55.45,8.468333,0.0,111.0,192.0,5,1409515500
2014-08-31 23:14:00+00:00,55.45,8.468333,0.0,111.0,57.0,5,1409526840
2014-09-01 06:18:00+00:00,55.45,8.468333,0.0,111.0,131.0,5,1409552280
2014-09-01 09:09:00+00:00,55.45,8.468333,0.0,111.0,142.0,5,1409562540
2014-09-01 12:18:00+00:00,55.45,8.468333,0.0,111.0,86.0,5,1409573880
2014-09-01 13:00:00+00:00,55.45,8.468333,0.0,111.0,186.0,5,1409576400
2014-09-01 15:06:00+00:00,55.45,8.468333,0.0,111.0,298.0,5,1409583960
2014-09-01 18:18:00+00:00,55.45,8.468333,0.0,111.0,241.0,5,1409595480
2014-09-01 21:06:00+00:00,55.45,8.468333,0.0,111.0,125.0,5,1409605560
2014-09-02 03:03:00+00:00,55.45,8.468333,0.0,111.0,110.0,5,1409626980
2014-09-02 04:06:00+00:00,55.45,8.468333,0.0,111.0,24.0,5,1409630760
2014-09-02 07:15:00+00:00,55.45,8.468333,0.0,111.0,298.0,5,1409642100
2014-09-02 08:18:00+00:00,55.45,8.468333,0.0,111.0,37.0,5,1409645880
2014-09-02 12:10:00+00:00,55.45,8.468333,0.0,111.0,173.0,5,1409659800
2014-09-02 15:19:00+00:00,55.45,8.468333,0.0,111.0,166.0,5,1409671140
2014-09-02 21:16:00+00:00,55.45,8.468333,0.0,111.0,179.0,5,1409692560
2014-09-02 22:00:00+00:00,55.45,8.468333,0.0,111.0,101.0,5,1409695200
2014-09-03 01:10:00+00:00,55.45,8.468333,0.0,111.0,83.0,5,1409706600
2014-09-03 02:13:00+00:00,55.45,8.468333,0.0,111.0,179.0,5,1409710380
2014-09-03 05:04:00+00:00,55.45,8.468333,0.0,111.0,242.0,5,1409720640
2014-09-03 06:07:00+00:00,55.45,8.468333,0.0,111.0,117.0,5,1409724420
2014-09-03 09:16:00+00:00,55.45,8.468333,0.0,111.0,90.0,5,1409735760
2014-09-03 11:01:00+00:00,55.45,8.468333,0.0,111.0,130.0,5,1409742060
2014-09-03 22:14:00+00:00,55.45,8.468333,0.0,111.0,297.0,5,1409782440
2014-09-03 23:17:00+00:00,55.45,8.468333,0.0,111.0,76.0,5,1409786220
2014-09-04 00:20:00+00:00,55.45,8.468333,0.0,111.0,151.0,5,1409790000
2014-09-04 01:02:00+00:00,55.45,8.468333,0.0,111.0,183.0,5,1409792520
2014-09-04 03:08:00+00:00,55.45,8.468333,0.0,111.0,17.0,5,1409800080
2014-09-04 09:05:00+00:00,55.45,8.468333,0.0,111.0,303.0,5,1409821500
2014-09-04 09:05:00+00:00,55.45,8.468333,0.0,111.0,303.0,5,1409821500
2014-09-04 15:08:00+00:00,55.45,8.468333,0.0,111.0,262.0,5,1409843280
2014-09-04 20:18:00+00:00,55.45,8.468333,0.0,111.0,296.0,5,1409861880
2014-09-04 23:09:00+00:00,55.45,8.468333,0.0,111.0,47.0,5,1409872140
2014-09-05 01:15:00+00:00,55.45,8.468333,0.0,111.0,197.0,5,1409879700
2014-09-05 02:18:00+00:00,55.45,8.468333,0.0,111.0,16.0,5,1409883480
2014-09-05 03:00:00+00:00,55.45,8.468333,0.0,111.0,75.0,5,1409886000
2014-09-05 10:00:00+00:00,55.45,8.468333,0.0,111.0,137.0,5,1409911200
2014-09-05 11:03:00+00:00,55.45,8.468333,0.0,111.0,43.0,5,1409914980
2014-09-05 14:12:00+00:00,55.45,8.468333,0.0,111.0,182.0,5,1409926320
2014-09-05 17:03:00+00:00,55.45,8.468333,0.0,111.0,57.0,5,1409936580
2014-09-05 19:09:00+00:00,55.45,8.468333,0.0,111.0,304.0,5,1409944140
2014-09-05 21:19:00+00:00,55.45,8.468333,0.0,111.0,109.0,5,1409951940
2014-09-05 23:04:00+00:00,55.45,8.468333,0.0,111.0,170.0,5,1409958240
2014-09-06 01:10:00+00:00,55.45,8.468333,0.0,111.0,233.0,5,1409965800
2014-09-06 06:13:00+00:00,55.45,8.468333,0.0,111.0,69.0,5,1409983980
2014-09-06 10:04:00+00:00,55.45,8.468333,0.0,111.0,298.0,5,1409997840
2014-09-06 11:07:00+00:00,55.45,8.468333,0.0,111.0,162.0,5,1410001620
2014-09-06 12:13:00+00:00,55.45,8.468333,0.0,111.0,192.0,5,1410005580
2014-09-06 14:19:00+00:00,55.45,8.468333,0.0,111.0,296.0,5,1410013140
2014-09-07 00:19:00+00:00,55.45,8.468333,0.0,111.0,213.0,5,1410049140
2014-09-07 04:05:00+00:00,55.45,8.468333,0.0,111.0,114.0,5,1410062700
2014-09-07 06:14:00+00:00,55.45,8.468333,0.0,111.0,163.0,5,1410070440
2014-09-07 10:08:00+00:00,55.45,8.468333,0.0,111.0,22.0,5,1410084480
2014-09-07 11:11:00+00:00,55.45,8.468333,0.0,111.0,190.0,5,1410088260
2014-09-07 12:14:00+00:00,55.45,8.468333,0.0,111.0,188.0,5,1410092040
2014-09-07 19:17:00+00:00,55.45,8.468333,0.0,111.0,355.0,5,1410117420
2014-09-07 21:08:00+00:00,55.45,8.468333,0.0,111.0,253.0,5,1410124080
2014-09-07 22:11:00+00:00,55.45,8.468333,0.0,111.0,23.0,5,1410127860
2014-09-07 23:14:00+00:00,55.45,8.468333,0.0,111.0,275.0,5,1410131640
2014-09-08 04:12:00+00:00,55.45,8.468333,0.0,111.0,157.0,5,1410149520
2014-09-08 12:12:00+00:00,55.45,8.468333,0.0,111.0,52.0,5,1410178320
2014-09-08 14:19:00+00:00,55.45,8.468333,0.0,111.0,354.0,5,1410185940
2014-09-08 15:07:00+00:00,55.45,8.468333,0.0,111.0,222.0,5,1410188820
2014-09-08 21:02:00+00:00,55.45,8.468333,0.0,111.0,176.0,5,1410210120
2014-09-09 03:08:00+00:00,55.45,8.468333,0.0,111.0,242.0,5,1410232080
2014-09-09 10:08:00+00:00,55.45,8.468333,0.0,111.0,340.0,5,1410257280
2014-09-09 11:17:00+00:00,55.45,8.468333,0.0,111.0,210.0,5,1410261420
2014-09-09 14:02:00+00:00,55.45,8.468333,0.0,111.0,282.0,5,1410271320
2014-09-09 17:13:00+00:00,55.45,8.468333,0.0,111.0,217.0,5,1410282780
2014-09-09 19:14:00+00:00,55.45,8.468333,0.0,111.0,54.0,5,1410290040
2014-09-09 21:08:00+00:00,55.45,8.468333,0.0,111.0,128.0,5,1410296880
2014-09-10 13:18:00+00:00,55.45,8.468333,0.0,111.0,41.0,5,1410355080
2014-09-10 14:03:00+00:00,55.45,8.468333,0.0,111.0,250.0,5,1410357780
2014-09-10 20:12:00+00:00,55.45,8.468333,0.0,111.0,39.0,5,1410379920
2014-09-10 21:21:00+00:00,55.45,8.468333,0.0,111.0,353.0,5,1410384060
2014-09-11 00:03:00+00:00,55.45,8.468333,0.0,111.0,161.0,5,1410393780
2014-09-11 02:15:00+00:00,55.45,8.468333,0.0,111.0,126.0,5,1410401700
2014-09-11 04:15:00+00:00,55.45,8.468333,0.0,111.0,312.0,5,1410408900
2014-09-11 07:03:00+00:00,55.45,8.468333,0.0,111.0,93.0,5,1410418980
2014-09-11 08:15:00+00:00,55.45,8.468333,0.0,111.0,57.0,5,1410423300
2014-09-11 09:03:00+00:00,55.45,8.468333,0.0,111.0,235.0,5,1410426180
2014-09-11 14:04:00+00:00,55.45,8.468333,0.0,111.0,301.0,5,1410444240
2014-09-11 15:16:00+00:00,55.45,8.468333,0.0,111.0,211.0,5,1410448560
2014-09-11 16:06:00+00:00,55.45,8.468333,0.0,111.0,276.0,5,1410451560
2014-09-11 19:16:00+00:00,55.45,8.468333,0.0,111.0,310.0,5,1410462960
2014-09-11 21:16:00+00:00,55.45,8.468333,0.0,111.0,343.0,5,1410470160
2014-09-11 22:04:00+00:00,55.45,8.468333,0.0,111.0,194.0,5,1410473040
2014-09-11 23:16:00+00:00,55.45,8.468333,0.0,111.0,283.0,5,1410477360
2014-09-12 04:04:00+00:00,55.45,8.468333,0.0,111.0,92.0,5,1410494640
2014-09-12 05:16:00+00:00,55.45,8.468333,0.0,111.0,184.0,5,1410498960
2014-09-12 06:04:00+00:00,55.45,8.468333,0.0,111.0,220.0,5,1410501840
2014-09-12 07:16:00+00:00,55.45,8.468333,0.0,111.0,139.0,5,1410506160
2014-09-12 11:16:00+00:00,55.45,8.468333,0.0,111.0,185.0,5,1410520560
2014-09-12 13:16:00+00:00,55.45,8.468333,0.0,111.0,215.0,5,1410527760
2014-09-12 18:05:00+00:00,55.45,8.468333,0.0,111.0,90.0,5,1410545100
2014-09-12 19:17:00+00:00,55.45,8.468333,0.0,111.0,347.0,5,1410549420
2014-09-12 21:17:00+00:00,55.45,8.468333,0.0,111.0,68.0,5,1410556620
2014-09-13 00:05:00+00:00,55.45,8.468333,0.0,111.0,180.0,5,1410566700
2014-09-13 01:17:00+00:00,55.45,8.468333,0.0,111.0,62.0,5,1410571020
2014-09-13 02:05:00+00:00,55.45,8.468333,0.0,111.0,333.0,5,1410573900
2014-09-13 04:05:00+00:00,55.45,8.468333,0.0,111.0,26.0,5,1410581100
2014-09-13 05:17:00+00:00,55.45,8.468333,0.0,111.0,223.0,5,1410585420
2014-09-13 06:05:00+00:00,55.45,8.468333,0.0,111.0,130.0,5,1410588300
2014-09-13 10:05:00+00:00,55.45,8.468333,0.0,111.0,114.0,5,1410602700
2014-09-13 17:11:00+00:00,55.45,8.468333,0.0,111.0,296.0,5,1410628260
2014-09-13 20:23:00+00:00,55.45,8.468333,0.0,111.0,88.0,5,1410639780
2014-09-13 22:23:00+00:00,55.45,8.468333,0.0,111.0,248.0,5,1410646980
2014-09-13 23:12:00+00:00,55.45,8.468333,0.0,111.0,50.0,5,1410649920
2014-09-14 00:00:00+00:00,55.45,8.468333,0.0,111.0,340.0,5,1410652800
2014-09-14 02:18:00+00:00,55.45,8.468333,0.0,111.0,75.0,5,1410661080
2014-09-14 04:18:00+00:00,55.45,8.468333,0.0,111.0,57.0,5,1410668280
2014-09-14 08:18:00+00:00,55.45,8.468333,0.0,111.0,83.0,5,1410682680
2014-09-14 12:18:00+00:00,55.45,8.468333,0.0,111.0,111.0,5,1410697080
2014-09-14 13:06:00+00:00,55.45,8.468333,0.0,111.0,136.0,5,1410699960
2014-09-14 16:12:00+00:00,55.45,8.468333,0.0,111.0,209.0,5,1410711120
2014-09-15 00:06:00+00:00,55.45,8.468333,0.0,111.0,13.0,5,1410739560
2014-09-15 05:18:00+00:00,55.45,8.468333,0.0,111.0,154.0,5,1410758280
2014-09-15 09:19:00+00:00,55.45,8.468333,0.0,111.0,120.0,5,1410772740
2014-09-15 18:10:00+00:00,55.45,8.468333,0.0,111.0,247.0,5,1410804600
2014-09-15 20:07:00+00:00,55.45,8.468333,0.0,111.0,344.0,5,1410811620
2014-09-15 21:19:00+00:00,55.45,8.468333,0.0,111.0,60.0,5,1410815940
2014-09-16 13:14:00+00:00,55.45,8.468333,0.0,111.0,350.0,5,1410873240
2014-09-16 15:14:00+00:00,55.45,8.468333,0.0,111.0,182.0,5,1410880440
2014-09-16 18:02:00+00:00,55.45,8.468333,0.0,111.0,256.0,5,1410890520
2014-09-17 00:20:00+00:00,55.45,8.468333,0.0,111.0,219.0,5,1410913200
2014-09-17 04:20:00+00:00,55.45,8.468333,0.0,111.0,53.0,5,1410927600
2014-09-17 07:08:00+00:00,55.45,8.468333,0.0,111.0,63.0,5,1410937680
2014-09-17 14:14:00+00:00,55.45,8.468333,0.0,111.0,338.0,5,1410963240
2014-09-17 17:02:00+00:00,55.45,8.468333,0.0,111.0,76.0,5,1410973320
2014-09-17 20:15:00+00:00,55.45,8.468333,0.0,111.0,144.0,5,1410984900
2014-09-17 22:15:00+00:00,55.45,8.468333,0.0,111.0,42.0,5,1410992100
2014-09-17 23:03:00+00:00,55.45,8.468333,0.0,111.0,203.0,5,1410994980
2014-09-18 01:03:00+00:00,55.45,8.468333,0.0,111.0,92.0,5,1411002180
2014-09-18 04:15:00+00:00,55.45,8.468333,0.0,111.0,2.0,5,1411013700
2014-09-18 05:03:00+00:00,55.45,8.468333,0.0,111.0,60.0,5,1411016580
2014-09-18 09:21:00+00:00,55.45,8.468333,0.0,111.0,17.0,5,1411032060
2014-09-18 14:03:00+00:00,55.45,8.468333,0.0,111.0,248.0,5,1411048980
2014-09-18 17:18:00+00:00,55.45,8.468333,0.0,111.0,341.0,5,1411060680
2014-09-18 21:09:00+00:00,55.45,8.468333,0.0,111.0,27.0,5,1411074540
2014-09-19 01:03:00+00:00,55.45,8.468333,0.0,111.0,153.0,5,1411088580
2014-09-19 06:16:00+00:00,55.45,8.468333,0.0,111.0,10.0,5,1411107360
2014-09-19 11:04:00+00:00,55.45,8.468333,0.0,111.0,234.0,5,1411124640
2014-09-19 14:07:00+00:00,55.45,8.468333,0.0,111.0,351.0,5,1411135620
2014-09-19 17:22:00+00:00,55.45,8.468333,0.0,111.0,27.0,5,1411147320
2014-09-19 18:10:00+00:00,55.45,8.468333,0.0,111.0,0.0,5,1411150200
2014-09-19 19:16:00+00:00,55.45,8.468333,0.0,111.0,125.0,5,1411154160
2014-09-20 01:10:00+00:00,55.45,8.468333,0.0,111.0,108.0,5,1411175400
2014-09-20 05:10:00+00:00,55.45,8.468333,0.0,111.0,236.0,5,1411189800
2014-09-20 08:22:00+00:00,55.45,8.468333,0.0,111.0,50.0,5,1411201320
2014-09-20 11:11:00+00:00,55.45,8.468333,0.0,111.0,81.0,5,1411211460
2014-09-20 15:11:00+00:00,55.45,8.468333,0.0,111.0,68.0,5,1411225860
2014-09-20 18:23:00+00:00,55.45,8.468333,0.0,111.0,342.0,5,1411237380
2014-09-20 20:29:00+00:00,55.45,8.468333,0.0,111.0,266.0,5,1411244940
2014-09-21 06:11:00+00:00,55.45,8.468333,0.0,111.0,198.0,5,1411279860
2014-09-21 13:14:00+00:00,55.45,8.468333,0.0,111.0,297.0,5,1411305240
2014-09-21 16:00:00+00:00,55.45,8.468333,0.0,111.0,198.0,5,1411315200
2014-09-21 19:12:00+00:00,55.45,8.468333,0.0,111.0,75.0,5,1411326720
2014-09-22 07:16:00+00:00,55.45,8.468333,0.0,111.0,158.0,5,1411370160
2014-09-22 08:03:00+00:00,55.45,8.468333,0.0,111.0,244.0,5,1411372980
2014-09-22 11:39:00+00:00,55.45,8.468333,0.0,111.0,136.0,5,1411385940
2014-09-22 12:00:00+00:00,55.45,8.468333,0.0,111.0,84.0,5,1411387200
2014-09-22 13:12:00+00:00,55.45,8.468333,0.0,111.0,86.0,5,1411391520
2014-09-22 18:12:00+00:00,55.45,8.468333,0.0,111.0,51.0,5,1411409520
2014-09-22 20:18:00+00:00,55.45,8.468333,0.0,111.0,276.0,5,1411417080
2014-09-22 22:03:00+00:00,55.45,8.468333,0.0,111.0,294.0,5,1411423380
2014-09-22 23:06:00+00:00,55.45,8.468333,0.0,111.0,16.0,5,1411427160
2014-09-23 23:01:00+00:00,55.45,8.468333,0.0,111.0,176.0,5,1411513260
2014-09-24 03:13:00+00:00,55.45,8.468333,0.0,111.0,168.0,5,1411528380
2014-09-24 05:20:00+00:00,55.45,8.468333,0.0,111.0,330.0,5,1411536000
2014-09-24 07:11:00+00:00,55.45,8.468333,0.0,111.0,7.0,5,1411542660
2014-09-24 10:11:00+00:00,55.45,8.468333,0.0,111.0,65.0,5,1411553460
2014-09-24 20:11:00+00:00,55.45,8.468333,0.0,111.0,87.0,5,1411589460
2014-09-24 23:11:00+00:00,55.45,8.468333,0.0,111.0,336.0,5,1411600260
2014-09-25 00:14:00+00:00,55.45,8.468333,0.0,111.0,124.0,5,1411604040
2014-09-25 03:02:00+00:00,55.45,8.468333,0.0,111.0,119.0,5,1411614120
2014-09-25 09:02:00+00:00,55.45,8.468333,0.0,111.0,17.0,5,1411635720
2014-09-25 10:05:00+00:00,55.45,8.468333,0.0,111.0,6.0,5,1411639500
2014-09-25 13:03:00+00:00,55.45,8.468333,0.0,111.0,31.0,5,1411650180
2014-09-25 16:15:00+00:00,55.45,8.468333,0.0,111.0,72.0,5,1411661700
2014-09-25 18:00:00+00:00,55.45,8.468333,0.0,111.0,170.0,5,1411668000
2014-09-25 20:09:00+00:00,55.45,8.468333,0.0,111.0,1.0,5,1411675740
2014-09-26 03:09:00+00:00,55.45,8.468333,0.0,111.0,176.0,5,1411700940
2014-09-26 04:12:00+00:00,55.45,8.468333,0.0,111.0,299.0,5,1411704720
2014-09-26 05:15:00+00:00,55.45,8.468333,0.0,111.0,140.0,5,1411708500
2014-09-26 09:06:00+00:00,55.45,8.468333,0.0,111.0,117.0,5,1411722360
2014-09-26 23:16:00+00:00,55.45,8.468333,0.0,111.0,123.0,5,1411773360
2014-09-27 02:19:00+00:00,55.45,8.468333,0.0,111.0,171.0,5,1411784340
2014-09-27 03:22:00+00:00,55.45,8.468333,0.0,111.0,101.0,5,1411788120
2014-09-27 06:01:00+00:00,55.45,8.468333,0.0,111.0,24.0,5,1411797660
2014-09-27 09:10:00+00:00,55.45,8.468333,0.0,111.0,80.0,5,1411809000
2014-09-27 10:28:00+00:00,55.45,8.468333,0.0,111.0,263.0,5,1411813680
2014-09-27 12:07:00+00:00,55.45,8.468333,0.0,111.0,33.0,5,1411819620
2014-09-27 13:28:00+00:00,55.45,8.468333,0.0,111.0,288.0,5,1411824480
2014-09-27 14:28:00+00:00,55.45,8.468333,0.0,111.0,239.0,5,1411828080
2014-09-27 17:07:00+00:00,55.45,8.468333,0.0,111.0,111.0,5,1411837620
2014-09-27 19:04:00+00:00,55.45,8.468333,0.0,111.0,90.0,5,1411844640
2014-09-27 23:05:00+00:00,55.45,8.468333,0.0,111.0,206.0,5,1411859100
2014-09-28 05:14:00+00:00,55.45,8.468333,0.0,111.0,205.0,5,1411881240
2014-09-28 06:23:00+00:00,55.45,8.468333,0.0,111.0,251.0,5,1411885380
2014-09-28 07:11:00+00:00,55.45,8.468333,0.0,111.0,325.0,5,1411888260
2014-09-28 09:11:00+00:00,55.45,8.468333,0.0,111.0,42.0,5,1411895460
2014-09-28 15:02:00+00:00,55.45,8.468333,0.0,111.0,68.0,5,1411916520
2014-09-28 18:05:00+00:00,55.45,8.468333,0.0,111.0,83.0,5,1411927500
2014-09-28 21:05:00+00:00,55.45,8.468333,0.0,111.0,287.0,5,1411938300
2014-09-29 09:18:00+00:00,55.45,8.468333,0.0,111.0,102.0,5,1411982280
2014-09-29 11:18:00+00:00,55.45,8.468333,0.0,111.0,73.0,5,1411989480
2014-09-29 12:06:00+00:00,55.45,8.468333,0.0,111.0,253.0,5,1411992360
2014-09-29 13:18:00+00:00,55.45,8.468333,0.0,111.0,42.0,5,1411996680
2014-09-29 15:18:00+00:00,55.45,8.468333,0.0,111.0,11.0,5,1412003880
2014-09-29 21:18:00+00:00,55.45,8.468333,0.0,111.0,276.0,5,1412025480
2014-09-29 23:18:00+00:00,55.45,8.468333,0.0,111.0,145.0,5,1412032680
2014-09-30 00:06:00+00:00,55.45,8.468333,0.0,111.0,57.0,5,1412035560
2014-09-30 03:18:00+00:00,55.45,8.468333,0.0,111.0,4.0,5,1412047080
2014-09-30 05:18:00+00:00,55.45,8.468333,0.0,111.0,260.0,5,1412054280
2014-09-30 10:07:00+00:00,55.45,8.468333,0.0,111.0,78.0,5,1412071620
2014-09-30 13:01:00+00:00,55.45,8.468333,0.0,111.0,145.0,5,1412082060
2014-09-30 14:13:00+00:00,55.45,8.468333,0.0,111.0,346.0,5,1412086380
2014-09-30 15:01:00+00:00,55.45,8.468333,0.0,111.0,209.0,5,1412089260
2014-10-01 01:01:00+00:00,55.45,8.468333,0.0,111.0,317.0,5,1412125260
2014-10-01 02:13:00+00:00,55.45,8.468333,0.0,111.0,186.0,5,1412129580
2014-10-01 05:01:00+00:00,55.45,8.468333,0.0,111.0,78.0,5,1412139660
2014-10-01 06:13:00+00:00,55.45,8.468333,0.0,111.0,277.0,5,1412143980
2014-10-01 08:16:00+00:00,55.45,8.468333,0.0,111.0,161.0,5,1412151360
2014-10-01 12:13:00+00:00,55.45,8.468333,0.0,111.0,221.0,5,1412165580
2014-10-01 13:01:00+00:00,55.45,8.468333,0.0,111.0,204.0,5,1412168460
2014-10-01 14:14:00+00:00,55.45,8.468333,0.0,111.0,268.0,5,1412172840
2014-10-01 15:02:00+00:00,55.45,8.468333,0.0,111.0,130.0,5,1412175720
2014-10-01 16:14:00+00:00,55.45,8.468333,0.0,111.0,13.0,5,1412180040
2014-10-01 20:08:00+00:00,55.45,8.468333,0.0,111.0,283.0,5,1412194080
2014-10-02 06:14:00+00:00,55.45,8.468333,0.0,111.0,166.0,5,1412230440
2014-10-02 08:14:00+00:00,55.45,8.468333,0.0,111.0,298.0,5,1412237640
2014-10-02 10:14:00+00:00,55.45,8.468333,0.0,111.0,19.0,5,1412244840
2014-10-02 13:02:00+00:00,55.45,8.468333,0.0,111.0,306.0,5,1412254920
2014-10-02 14:14:00+00:00,55.45,8.468333,0.0,111.0,103.0,5,1412259240
2014-10-02 16:14:00+00:00,55.45,8.468333,0.0,111.0,112.0,5,1412266440
2014-10-02 19:02:00+00:00,55.45,8.468333,0.0,111.0,110.0,5,1412276520
2014-10-02 20:15:00+00:00,55.45,8.468333,0.0,111.0,243.0,5,1412280900
2014-10-02 21:03:00+00:00,55.45,8.468333,0.0,111.0,216.0,5,1412283780
2014-10-02 23:03:00+00:00,55.45,8.468333,0.0,111.0,297.0,5,1412290980
2014-10-03 01:03:00+00:00,55.45,8.468333,0.0,111.0,69.0,5,1412298180
2014-10-03 02:15:00+00:00,55.45,8.468333,0.0,111.0,19.0,5,1412302500
2014-10-03 03:03:00+00:00,55.45,8.468333,0.0,111.0,236.0,5,1412305380
2014-10-03 06:15:00+00:00,55.45,8.468333,0.0,111.0,108.0,5,1412316900
2014-10-03 07:03:00+00:00,55.45,8.468333,0.0,111.0,213.0,5,1412319780
2014-10-03 11:03:00+00:00,55.45,8.468333,0.0,111.0,163.0,5,1412334180
2014-10-03 18:03:00+00:00,55.45,8.468333,0.0,111.0,241.0,5,1412359380
2014-10-03 20:03:00+00:00,55.45,8.468333,0.0,111.0,276.0,5,1412366580
2014-10-03 23:15:00+00:00,55.45,8.468333,0.0,111.0,177.0,5,1412378100
2014-10-04 10:04:00+00:00,55.45,8.468333,0.0,111.0,272.0,5,1412417040
2014-10-04 11:16:00+00:00,55.45,8.468333,0.0,111.0,289.0,5,1412421360
2014-10-04 14:04:00+00:00,55.45,8.468333,0.0,111.0,126.0,5,1412431440
2014-10-04 17:10:00+00:00,55.45,8.468333,0.0,111.0,189.0,5,1412442600
2014-10-04 20:22:00+00:00,55.45,8.468333,0.0,111.0,156.0,5,1412454120
2014-10-04 21:10:00+00:00,55.45,8.468333,0.0,111.0,270.0,5,1412457000
2014-10-05 00:25:00+00:00,55.45,8.468333,0.0,111.0,295.0,5,1412468700
2014-10-05 07:10:00+00:00,55.45,8.468333,0.0,111.0,332.0,5,1412493000
2014-10-05 10:22:00+00:00,55.45,8.468333,0.0,111.0,72.0,5,1412504520
2014-10-05 12:23:00+00:00,55.45,8.468333,0.0,111.0,36.0,5,1412511780
2014-10-05 14:05:00+00:00,55.45,8.468333,0.0,111.0,265.0,5,1412517900
2014-10-05 18:13:00+00:00,55.45,8.468333,0.0,111.0,323.0,5,1412532780
2014-10-05 19:08:00+00:00,55.45,8.468333,0.0,111.0,323.0,5,1412536080
2014-10-06 02:14:00+00:00,55.45,8.468333,0.0,111.0,247.0,5,1412561640
2014-10-06 03:29:00+00:00,55.45,8.468333,0.0,111.0,56.0,5,1412566140
2014-10-06 04:17:00+00:00,55.45,8.468333,0.0,111.0,101.0,5,1412569020
2014-10-06 22:06:00+00:00,55.45,8.468333,0.0,111.0,69.0,5,1412633160
2014-10-06 23:18:00+00:00,55.45,8.468333,0.0,111.0,252.0,5,1412637480
2014-10-07 06:06:00+00:00,55.45,8.468333,0.0,111.0,330.0,5,1412661960
2014-10-07 09:18:00+00:00,55.45,8.468333,0.0,111.0,214.0,5,1412673480
2014-10-07 15:12:00+00:00,55.45,8.468333,0.0,111.0,259.0,5,1412694720
2014-10-07 16:06:00+00:00,55.45,8.468333,0.0,111.0,87.0,5,1412697960
2014-10-08 03:03:00+00:00,55.45,8.468333,0.0,111.0,351.0,5,1412737380
2014-10-08 08:13:00+00:00,55.45,8.468333,0.0,111.0,166.0,5,1412755980
2014-10-08 09:01:00+00:00,55.45,8.468333,0.0,111.0,98.0,5,1412758860
2014-10-08 10:13:00+00:00,55.45,8.468333,0.0,111.0,39.0,5,1412763180
2014-10-08 12:13:00+00:00,55.45,8.468333,0.0,111.0,300.0,5,1412770380
2014-10-08 16:13:00+00:00,55.45,8.468333,0.0,111.0,201.0,5,1412784780
2014-10-08 21:19:00+00:00,55.45,8.468333,0.0,111.0,355.0,5,1412803140
2014-10-08 22:05:00+00:00,55.45,8.468333,0.0,111.0,69.0,5,1412805900
2014-10-08 23:13:00+00:00,55.45,8.468333,0.0,111.0,110.0,5,1412809980
2014-10-09 00:01:00+00:00,55.45,8.468333,0.0,111.0,256.0,5,1412812860
2014-10-09 03:07:00+00:00,55.45,8.468333,0.0,111.0,26.0,5,1412824020
2014-10-09 04:20:00+00:00,55.45,8.468333,0.0,111.0,337.0,5,1412828400
2014-10-09 09:08:00+00:00,55.45,8.468333,0.0,111.0,71.0,5,1412845680
2014-10-09 10:20:00+00:00,55.45,8.468333,0.0,111.0,146.0,5,1412850000
2014-10-09 12:20:00+00:00,55.45,8.468333,0.0,111.0,147.0,5,1412857200
2014-10-09 15:08:00+00:00,55.45,8.468333,0.0,111.0,19.0,5,1412867280
2014-10-09 19:08:00+00:00,55.45,8.468333,0.0,111.0,101.0,5,1412881680
2014-10-09 21:09:00+00:00,55.45,8.468333,0.0,111.0,39.0,5,1412888940
2014-10-09 22:20:00+00:00,55.45,8.468333,0.0,111.0,198.0,5,1412893200
2014-10-10 01:08:00+00:00,55.45,8.468333,0.0,111.0,107.0,5,1412903280
2014-10-10 02:20:00+00:00,55.45,8.468333,0.0,111.0,80.0,5,1412907600
2014-10-10 03:08:00+00:00,55.45,8.468333,0.0,111.0,100.0,5,1412910480
2014-10-10 11:14:00+00:00,55.45,8.4685,0.0,111.0,196.0,5,1412939640
2014-10-10 16:21:00+00:00,55.45,8.468333,0.0,111.0,118.0,5,1412958060
2014-10-10 18:21:00+00:00,55.45,8.468333,0.0,111.0,178.0,5,1412965260
2014-10-11 03:09:00+00:00,55.45,8.468333,0.0,111.0,356.0,5,1412996940
2014-10-11 06:21:00+00:00,55.45,8.468333,0.0,111.0,327.0,5,1413008460
2014-10-11 17:21:00+00:00,55.45,8.468333,0.0,111.0,340.0,5,1413048060
2014-10-11 18:09:00+00:00,55.45,8.468333,0.0,111.0,19.0,5,1413050940
2014-10-12 01:22:00+00:00,55.45,8.468333,0.0,111.0,81.0,5,1413076920
2014-10-12 11:22:00+00:00,55.45,8.468333,0.0,111.0,90.0,5,1413112920
2014-10-12 15:22:00+00:00,55.45,8.468333,0.0,111.0,304.0,5,1413127320
2014-10-12 16:10:00+00:00,55.45,8.468333,0.0,111.0,160.0,5,1413130200
2014-10-12 17:22:00+00:00,55.45,8.468333,0.0,111.0,169.0,5,1413134520
2014-10-12 18:10:00+00:00,55.45,8.468333,0.0,111.0,21.0,5,1413137400
2014-10-12 20:10:00+00:00,55.45,8.468333,0.0,111.0,343.0,5,1413144600
2014-10-13 01:22:00+00:00,55.45,8.468333,0.0,111.0,234.0,5,1413163320
2014-10-13 02:10:00+00:00,55.45,8.468333,0.0,111.0,64.0,5,1413166200
2014-10-13 04:11:00+00:00,55.45,8.468333,0.0,111.0,152.0,5,1413173460
2014-10-13 06:11:00+00:00,55.45,8.468333,0.0,111.0,307.0,5,1413180660
2014-10-13 09:23:00+00:00,55.45,8.468333,0.0,111.0,251.0,5,1413192180
2014-10-13 11:23:00+00:00,55.45,8.468333,0.0,111.0,59.0,5,1413199380
2014-10-13 11:23:00+00:00,55.45,8.468333,0.0,111.0,59.0,5,1413199380
2014-10-13 17:23:00+00:00,55.45,8.468333,0.0,111.0,74.0,5,1413220980
2014-10-13 18:11:00+00:00,55.45,8.468333,0.0,111.0,267.0,5,1413223860
2014-10-13 19:23:00+00:00,55.45,8.468333,0.0,111.0,33.0,5,1413228180
2014-10-13 21:23:00+00:00,55.45,8.468333,0.0,111.0,155.0,5,1413235380
2014-10-14 03:23:00+00:00,55.45,8.468333,0.0,111.0,106.0,5,1413256980
2014-10-14 06:11:00+00:00,55.45,8.468333,0.0,111.0,320.0,5,1413267060
2014-10-14 10:11:00+00:00,55.45,8.468333,0.0,111.0,123.0,5,1413281460
2014-10-14 15:00:00+00:00,55.45,8.468333,0.0,111.0,287.0,5,1413298800
2014-10-14 16:12:00+00:00,55.45,8.468333,0.0,111.0,273.0,5,1413303120
2014-10-14 17:00:00+00:00,55.45,8.468333,0.0,111.0,58.0,5,1413306000
2014-10-14 20:12:00+00:00,55.45,8.468333,0.0,111.0,293.0,5,1413317520
2014-10-14 21:00:00+00:00,55.45,8.468333,0.0,111.0,159.0,5,1413320400
2014-10-15 03:00:00+00:00,55.45,8.468333,0.0,111.0,175.0,5,1413342000
2014-10-15 14:12:00+00:00,55.45,8.468333,0.0,111.0,136.0,5,1413382320
2014-10-15 19:01:00+00:00,55.45,8.468333,0.0,111.0,146.0,5,1413399660
2014-10-15 20:13:00+00:00,55.45,8.468333,0.0,111.0,131.0,5,1413403980
2014-10-15 21:01:00+00:00,55.45,8.468333,0.0,111.0,128.0,5,1413406860
2014-10-16 00:13:00+00:00,55.45,8.468333,0.0,111.0,344.0,5,1413418380
2014-10-16 01:01:00+00:00,55.45,8.468333,0.0,111.0,316.0,5,1413421260
2014-10-16 07:01:00+00:00,55.45,8.468333,0.0,111.0,0.0,5,1413442860
2014-10-16 08:13:00+00:00,55.45,8.468333,0.0,111.0,45.0,5,1413447180
2014-10-16 10:13:00+00:00,55.45,8.468333,0.0,111.0,232.0,5,1413454380
2014-10-16 13:01:00+00:00,55.45,8.468333,0.0,111.0,118.0,5,1413464460
2014-10-16 15:01:00+00:00,55.45,8.468333,0.0,111.0,32.0,5,1413471660
2014-10-16 19:01:00+00:00,55.45,8.468333,0.0,111.0,143.0,5,1413486060
2014-10-16 20:10:00+00:00,55.45,8.468333,0.0,111.0,354.0,5,1413490200
2014-10-16 21:19:00+00:00,55.45,8.468333,0.0,111.0,321.0,5,1413494340
2014-10-16 22:07:00+00:00,55.45,8.468333,0.0,111.0,320.0,5,1413497220
2014-10-16 23:20:00+00:00,55.45,8.468333,0.0,111.0,210.0,5,1413501600
2014-10-17 01:20:00+00:00,55.45,8.468333,0.0,111.0,15.0,5,1413508800
2014-10-17 05:20:00+00:00,55.45,8.468333,0.0,111.0,118.0,5,1413523200
2014-10-17 07:20:00+00:00,55.45,8.468333,0.0,111.0,124.0,5,1413530400
2014-10-17 08:02:00+00:00,55.45,8.468333,0.0,111.0,242.0,5,1413532920
2014-10-17 10:02:00+00:00,55.45,8.468333,0.0,111.0,222.0,5,1413540120
2014-11-02 11:00:00+00:00,55.45,8.468333,0.0,111.0,324.0,5,1414926000
2014-11-02 15:12:00+00:00,55.45,8.468333,0.0,111.0,197.0,5,1414941120
2014-11-02 18:03:00+00:00,55.45,8.468333,0.0,111.0,198.0,5,1414951380
2014-11-02 20:09:00+00:00,55.45,8.468333,0.0,111.0,219.0,5,1414958940
2014-11-02 21:12:00+00:00,55.45,8.468333,0.0,111.0,106.0,5,1414962720
2014-11-03 01:03:00+00:00,55.45,8.468333,0.0,111.0,125.0,5,1414976580
2014-11-03 02:06:00+00:00,55.45,8.468333,0.0,111.0,249.0,5,1414980360
2014-11-03 08:04:00+00:00,55.45,8.468333,0.0,111.0,98.0,5,1415001840
2014-11-03 11:07:00+00:00,55.45,8.468333,0.0,111.0,274.0,5,1415012820
2014-11-03 12:10:00+00:00,55.45,8.468333,0.0,111.0,270.0,5,1415016600
2014-11-04 00:04:00+00:00,55.45,8.468333,0.0,111.0,329.0,5,1415059440
2014-11-04 02:10:00+00:00,55.45,8.468333,0.0,111.0,18.0,5,1415067000
2014-11-04 09:10:00+00:00,55.45,8.468333,0.0,111.0,189.0,5,1415092200
2014-11-04 10:13:00+00:00,55.45,8.468333,0.0,111.0,244.0,5,1415095980
2014-11-04 11:16:00+00:00,55.45,8.468333,0.0,111.0,12.0,5,1415099760
2014-11-04 12:19:00+00:00,55.45,8.468333,0.0,111.0,211.0,5,1415103540
2014-11-04 14:05:00+00:00,55.45,8.468333,0.0,111.0,347.0,5,1415109900
2014-11-04 20:08:00+00:00,55.45,8.468333,0.0,111.0,260.0,5,1415131680
2014-11-04 21:11:00+00:00,55.45,8.468333,0.0,111.0,26.0,5,1415135460
2014-11-04 22:14:00+00:00,55.45,8.468333,0.0,111.0,111.0,5,1415139240
2014-11-04 23:17:00+00:00,55.45,8.468333,0.0,111.0,235.0,5,1415143020
2014-11-05 02:05:00+00:00,55.45,8.468333,0.0,111.0,269.0,5,1415153100
2014-11-05 05:05:00+00:00,55.45,8.468333,0.0,111.0,232.0,5,1415163900
2014-11-05 09:02:00+00:00,55.45,8.468333,0.0,111.0,192.0,5,1415178120
2014-11-05 12:11:00+00:00,55.45,8.468333,0.0,111.0,242.0,5,1415189460
2014-11-05 13:14:00+00:00,55.45,8.468333,0.0,111.0,231.0,5,1415193240
2014-11-05 15:20:00+00:00,55.45,8.468333,0.0,111.0,280.0,5,1415200800
2014-11-05 18:08:00+00:00,55.45,8.468333,0.0,111.0,114.0,5,1415210880
2014-11-05 21:18:00+00:00,55.45,8.468333,0.0,111.0,178.0,5,1415222280
2014-11-05 22:00:00+00:00,55.45,8.468333,0.0,111.0,27.0,5,1415224800
2014-11-06 10:06:00+00:00,55.45,8.468333,0.0,111.0,115.0,5,1415268360
2014-11-06 17:18:00+00:00,55.45,8.468333,0.0,111.0,278.0,5,1415294280
2014-11-06 18:06:00+00:00,55.45,8.468333,0.0,111.0,22.0,5,1415297160
2014-11-06 19:18:00+00:00,55.45,8.468333,0.0,111.0,272.0,5,1415301480
2014-11-06 20:06:00+00:00,55.45,8.468333,0.0,111.0,268.0,5,1415304360
2014-11-07 00:06:00+00:00,55.45,8.468333,0.0,111.0,285.0,5,1415318760
2014-11-07 01:18:00+00:00,55.45,8.468333,0.0,111.0,141.0,5,1415323080
2014-11-07 02:06:00+00:00,55.45,8.468333,0.0,111.0,155.0,5,1415325960
2014-11-07 07:05:00+00:00,55.45,8.468333,0.0,111.0,292.0,5,1415343900
2014-11-07 08:08:00+00:00,55.45,8.468333,0.0,111.0,281.0,5,1415347680
2014-11-07 19:21:00+00:00,55.45,8.468333,0.0,111.0,341.0,5,1415388060
2014-11-07 20:02:00+00:00,55.45,8.468333,0.0,111.0,40.0,5,1415390520
2014-11-08 01:20:00+00:00,55.45,8.468333,0.0,111.0,42.0,5,1415409600
2014-11-08 04:15:00+00:00,55.45,8.468333,0.0,111.0,135.0,5,1415420100
2014-11-08 06:00:00+00:00,55.45,8.468333,0.0,111.0,239.0,5,1415426400
2014-11-09 02:09:00+00:00,55.45,8.468333,0.0,111.0,262.0,5,1415498940
2014-11-09 05:00:00+00:00,55.45,8.468333,0.0,111.0,157.0,5,1415509200
2014-11-09 07:06:00+00:00,55.45,8.468333,0.0,111.0,187.0,5,1415516760
2014-11-09 11:18:00+00:00,55.45,8.468333,0.0,111.0,117.0,5,1415531880
2014-11-09 15:10:00+00:00,55.45,8.468333,0.0,111.0,305.0,5,1415545800
2014-11-09 19:04:00+00:00,55.45,8.468333,0.0,111.0,312.0,5,1415559840
2014-11-09 20:10:00+00:00,55.45,8.468333,0.0,111.0,113.0,5,1415563800
2014-11-10 01:10:00+00:00,55.45,8.468333,0.0,111.0,238.0,5,1415581800
2014-11-10 07:10:00+00:00,55.45,8.468333,0.0,111.0,201.0,5,1415603400
2014-11-10 08:22:00+00:00,55.45,8.468333,0.0,111.0,279.0,5,1415607720
2014-11-10 10:16:00+00:00,55.45,8.468333,0.0,111.0,47.0,5,1415614560
2014-11-10 16:05:00+00:00,55.45,8.468333,0.0,111.0,356.0,5,1415635500
2014-11-10 20:18:00+00:00,55.45,8.468333,0.0,112.0,0.0,0,1415650680
2014-11-27 00:17:00+00:00,55.45,8.468333,0.0,111.0,189.0,0,1417047420
2014-11-27 02:04:00+00:00,55.45,8.468333,0.0,111.0,233.0,0,1417053840
2014-11-27 10:16:00+00:00,55.45,8.468333,0.0,111.0,216.0,0,1417083360
2014-11-27 12:10:00+00:00,55.45,8.468333,0.0,111.0,162.0,0,1417090200
2014-11-27 15:19:00+00:00,55.45,8.468333,0.0,111.0,145.0,0,1417101540
2014-11-27 21:10:00+00:00,55.45,8.468333,0.0,111.0,286.0,0,1417122600
2014-11-27 23:02:00+00:00,55.45,8.468333,0.0,111.0,148.0,0,1417129320
2014-11-28 05:01:00+00:00,55.45,8.468333,0.0,111.0,170.0,0,1417150860
2014-11-28 06:11:00+00:00,55.45,8.468333,0.0,111.0,101.0,0,1417155060
2014-11-28 13:19:00+00:00,55.45,8.468333,0.0,111.0,49.0,0,1417180740
2014-11-28 18:08:00+00:00,55.45,8.468333,0.0,111.0,85.0,0,1417198080
2014-11-28 20:20:00+00:00,55.45,8.468333,0.0,111.0,350.0,0,1417206000
2014-11-29 01:15:00+00:00,55.45,8.468333,0.0,111.0,318.0,0,1417223700
2014-11-29 02:19:00+00:00,55.45,8.468333,0.0,111.0,170.0,0,1417227540
2014-11-29 03:06:00+00:00,55.45,8.468333,0.0,111.0,324.0,0,1417230360
2014-11-29 05:21:00+00:00,55.45,8.468333,0.0,111.0,325.0,0,1417238460
2014-11-29 11:17:00+00:00,55.45,8.468333,0.0,111.0,215.0,0,1417259820
2014-11-29 14:14:00+00:00,55.45,8.468333,0.0,111.0,9.0,0,1417270440
2014-11-29 20:02:00+00:00,55.45,8.468333,0.0,111.0,160.0,0,1417291320
2014-11-30 05:15:00+00:00,55.45,8.468333,0.0,111.0,74.0,0,1417324500
2014-11-30 07:02:00+00:00,55.45,8.468333,0.0,111.0,87.0,0,1417330920
2014-11-30 10:00:00+00:00,55.45,8.468333,0.0,111.0,139.0,0,1417341600
2014-11-30 11:07:00+00:00,55.45,8.468333,0.0,111.0,341.0,0,1417345620
2014-11-30 13:19:00+00:00,55.45,8.468333,0.0,111.0,209.0,0,1417353540
2014-11-30 15:10:00+00:00,55.45,8.468333,0.0,111.0,232.0,0,1417360200
2014-11-30 17:03:00+00:00,55.45,8.468333,0.0,111.0,119.0,0,1417366980
2014-11-30 19:15:00+00:00,55.45,8.468333,0.0,111.0,200.0,0,1417374900
2014-11-30 20:18:00+00:00,55.45,8.468333,0.0,111.0,63.0,0,1417378680
2014-11-30 21:03:00+00:00,55.45,8.468333,0.0,111.0,168.0,0,1417381380
2014-12-01 02:16:00+00:00,55.45,8.468333,0.0,111.0,120.0,0,1417400160
2014-12-01 03:02:00+00:00,55.45,8.468333,0.0,111.0,179.0,0,1417402920
2014-12-01 05:17:00+00:00,55.45,8.468333,0.0,111.0,50.0,0,1417411020
2014-12-01 11:13:00+00:00,55.45,8.468333,0.0,111.0,1.0,0,1417432380
2014-12-01 15:12:00+00:00,55.45,8.468333,0.0,111.0,131.0,0,1417446720
2014-12-01 17:07:00+00:00,55.45,8.468333,0.0,111.0,21.0,0,1417453620
2014-12-01 18:18:00+00:00,55.45,8.468333,0.0,111.0,86.0,0,1417457880
2014-12-01 21:20:00+00:00,55.45,8.468333,0.0,111.0,317.0,0,1417468800
2014-12-02 03:21:00+00:00,55.45,8.468333,0.0,111.0,193.0,0,1417490460
2014-12-02 04:08:00+00:00,55.45,8.468333,0.0,111.0,13.0,0,1417493280
2014-12-02 08:18:00+00:00,55.45,8.468333,0.0,111.0,0.0,0,1417508280
2014-12-02 10:13:00+00:00,55.45,8.468333,0.0,111.0,93.0,0,1417515180
2014-12-02 12:02:00+00:00,55.45,8.468333,0.0,111.0,98.0,0,1417521720
2014-12-02 15:05:00+00:00,55.45,8.468333,0.0,111.0,42.0,0,1417532700
2014-12-02 17:16:00+00:00,55.45,8.468333,0.0,111.0,221.0,0,1417540560
2014-12-02 18:03:00+00:00,55.45,8.468333,0.0,111.0,23.0,0,1417543380
2014-12-02 20:18:00+00:00,55.45,8.468333,0.0,111.0,149.0,0,1417551480
2014-12-02 22:08:00+00:00,55.45,8.468333,0.0,111.0,63.0,0,1417558080
2014-12-02 23:12:00+00:00,55.45,8.468333,0.0,111.0,246.0,0,1417561920
2014-12-03 01:20:00+00:00,55.45,8.468333,0.0,111.0,14.0,0,1417569600
2014-12-03 05:05:00+00:00,55.45,8.468333,0.0,111.0,133.0,0,1417583100
2014-12-03 06:12:00+00:00,55.45,8.468333,0.0,111.0,346.0,0,1417587120
2014-12-03 07:17:00+00:00,55.45,8.468333,0.0,111.0,194.0,0,1417591020
2014-12-03 09:04:00+00:00,55.45,8.468333,0.0,111.0,352.0,0,1417597440
2014-12-03 10:09:00+00:00,55.45,8.468333,0.0,111.0,61.0,0,1417601340
2014-12-03 12:18:00+00:00,55.45,8.468333,0.0,111.0,143.0,0,1417609080
2014-12-03 13:04:00+00:00,55.45,8.468333,0.0,111.0,244.0,0,1417611840
2014-12-03 15:12:00+00:00,55.45,8.468333,0.0,111.0,48.0,0,1417619520
2014-12-03 19:17:00+00:00,55.45,8.468333,0.0,111.0,309.0,0,1417634220
2014-12-03 20:04:00+00:00,55.45,8.468333,0.0,111.0,292.0,0,1417637040
2014-12-04 00:03:00+00:00,55.45,8.468333,0.0,111.0,218.0,0,1417651380
2014-12-04 05:14:00+00:00,55.45,8.468333,0.0,111.0,249.0,0,1417670040
2014-12-04 07:07:00+00:00,55.45,8.468333,0.0,111.0,212.0,0,1417676820
2014-12-04 09:18:00+00:00,55.45,8.468333,0.0,111.0,192.0,0,1417684680
2014-12-04 11:08:00+00:00,55.45,8.468333,0.0,111.0,116.0,0,1417691280
2014-12-04 12:15:00+00:00,55.45,8.468333,0.0,111.0,255.0,0,1417695300
2014-12-04 13:20:00+00:00,55.45,8.468333,0.0,111.0,169.0,0,1417699200
2014-12-04 14:09:00+00:00,55.45,8.468333,0.0,111.0,36.0,0,1417702140
2014-12-04 15:15:00+00:00,55.45,8.468333,0.0,111.0,78.0,0,1417706100
2014-12-04 16:00:00+00:00,55.45,8.468333,0.0,111.0,182.0,0,1417708800
2014-12-04 21:12:00+00:00,55.45,8.468333,0.0,111.0,67.0,0,1417727520
2014-12-05 04:14:00+00:00,55.45,8.468333,0.0,111.0,11.0,0,1417752840
2014-12-05 08:15:00+00:00,55.45,8.468333,0.0,111.0,86.0,0,1417767300
2014-12-05 13:20:00+00:00,55.45,8.468333,0.0,111.0,346.0,0,1417785600
2014-12-05 14:06:00+00:00,55.45,8.468333,0.0,111.0,135.0,0,1417788360
2014-12-05 23:18:00+00:00,55.45,8.468333,0.0,111.0,338.0,0,1417821480
2014-12-06 01:06:00+00:00,55.45,8.468333,0.0,111.0,207.0,0,1417827960
2014-12-06 03:15:00+00:00,55.45,8.468333,0.0,111.0,249.0,0,1417835700
2014-12-06 06:13:00+00:00,55.45,8.468333,0.0,111.0,321.0,0,1417846380
2014-12-06 08:04:00+00:00,55.45,8.468333,0.0,111.0,32.0,0,1417853040
2014-12-06 11:00:00+00:00,55.45,8.468333,0.0,111.0,138.0,0,1417863600
2014-12-06 16:13:00+00:00,55.45,8.468333,0.0,111.0,207.0,0,1417882380
2014-12-06 19:15:00+00:00,55.45,8.468333,0.0,111.0,337.0,0,1417893300
2014-12-06 20:23:00+00:00,55.45,8.468333,0.0,111.0,213.0,0,1417897380
2014-12-06 22:18:00+00:00,55.45,8.468333,0.0,111.0,85.0,0,1417904280
2014-12-06 23:03:00+00:00,55.45,8.468333,0.0,111.0,215.0,0,1417906980
2014-12-07 00:13:00+00:00,55.45,8.468333,0.0,111.0,107.0,0,1417911180
2014-12-07 05:00:00+00:00,55.45,8.468333,0.0,111.0,23.0,0,1417928400
2014-12-07 06:06:00+00:00,55.45,8.468333,0.0,111.0,179.0,0,1417932360
2014-12-07 16:21:00+00:00,55.45,8.468333,0.0,111.0,241.0,0,1417969260
2014-12-07 23:03:00+00:00,55.45,8.468333,0.0,111.0,264.0,0,1417993380
2014-12-08 01:19:00+00:00,55.45,8.468333,0.0,111.0,232.0,0,1418001540
2014-12-08 11:07:00+00:00,55.45,8.468333,0.0,111.0,170.0,0,1418036820
2014-12-08 12:12:00+00:00,55.45,8.468333,0.0,111.0,139.0,0,1418040720
2014-12-08 17:04:00+00:00,55.45,8.468333,0.0,111.0,221.0,0,1418058240
2014-12-09 01:11:00+00:00,55.45,8.468333,0.0,111.0,332.0,0,1418087460
2014-12-09 03:04:00+00:00,55.45,8.468333,0.0,111.0,269.0,0,1418094240
2014-12-09 04:07:00+00:00,55.45,8.468333,0.0,111.0,65.0,0,1418098020
2014-12-09 05:13:00+00:00,55.45,8.468333,0.0,111.0,188.0,0,1418101980
2014-12-09 11:08:00+00:00,55.45,8.468333,0.0,111.0,181.0,0,1418123280
2014-12-09 13:21:00+00:00,55.45,8.468333,0.0,111.0,40.0,0,1418131260
2014-12-09 16:16:00+00:00,55.45,8.468333,0.0,111.0,17.0,0,1418141760
2014-12-09 18:08:00+00:00,55.45,8.468333,0.0,111.0,106.0,0,1418148480
2014-12-10 01:16:00+00:00,55.45,8.468333,0.0,111.0,230.0,0,1418174160
2014-12-10 03:04:00+00:00,55.45,8.468333,0.0,111.0,207.0,0,1418180640
2014-12-10 04:12:00+00:00,55.45,8.468333,0.0,111.0,44.0,0,1418184720
2014-12-10 07:13:00+00:00,55.45,8.468333,0.0,111.0,304.0,0,1418195580
2014-12-10 15:10:00+00:00,55.45,8.468333,0.0,111.0,218.0,0,1418224200
2014-12-10 23:17:00+00:00,55.45,8.468333,0.0,111.0,122.0,0,1418253420
2014-12-11 05:14:00+00:00,55.45,8.468333,0.0,111.0,119.0,0,1418274840
2014-12-11 06:22:00+00:00,55.45,8.468333,0.0,111.0,14.0,0,1418278920
2014-12-11 07:07:00+00:00,55.45,8.468333,0.0,111.0,328.0,0,1418281620
2014-12-11 11:10:00+00:00,55.45,8.468333,0.0,111.0,185.0,0,1418296200
2014-12-11 12:17:00+00:00,55.45,8.468333,0.0,111.0,102.0,0,1418300220
2014-12-11 16:18:00+00:00,55.45,8.468333,0.0,111.0,295.0,0,1418314680
2014-12-11 21:07:00+00:00,55.45,8.468333,0.0,111.0,322.0,0,1418332020
2014-12-11 23:02:00+00:00,55.45,8.468333,0.0,111.0,287.0,0,1418338920
2014-12-11 23:02:00+00:00,55.45,8.468333,0.0,111.0,287.0,0,1418338920
2014-12-12 01:15:00+00:00,55.45,8.468333,0.0,111.0,256.0,0,1418346900
2014-12-12 02:19:00+00:00,55.45,8.468333,0.0,111.0,200.0,0,1418350740
2014-12-12 04:15:00+00:00,55.45,8.468333,0.0,111.0,31.0,0,1418357700
2014-12-12 08:20:00+00:00,55.45,8.468333,0.0,111.0,94.0,0,1418372400
2014-12-12 09:07:00+00:00,55.45,8.468333,0.0,111.0,235.0,0,1418375220
2014-12-12 10:13:00+00:00,55.45,8.468333,0.0,111.0,287.0,0,1418379180
2014-12-13 03:10:00+00:00,55.45,8.468333,0.0,111.0,56.0,0,1418440200
2014-12-13 05:03:00+00:00,55.45,8.468333,0.0,111.0,52.0,0,1418446980
2014-12-13 09:04:00+00:00,55.45,8.468333,0.0,111.0,212.0,0,1418461440
2014-12-13 20:10:00+00:00,55.45,8.468333,0.0,111.0,55.0,0,1418501400
2014-12-13 23:01:00+00:00,55.45,8.468333,0.0,111.0,58.0,0,1418511660
2014-12-14 14:15:00+00:00,55.45,8.468333,0.0,111.0,340.0,0,1418566500
2014-12-14 18:17:00+00:00,55.45,8.468333,0.0,111.0,195.0,0,1418581020
2014-12-14 21:18:00+00:00,55.45,8.468333,0.0,111.0,118.0,0,1418591880
2014-12-14 23:10:00+00:00,55.45,8.468333,0.0,111.0,186.0,0,1418598600
2014-12-15 01:03:00+00:00,55.45,8.468333,0.0,111.0,126.0,0,1418605380
2014-12-15 04:00:00+00:00,55.45,8.468333,0.0,111.0,248.0,0,1418616000
2014-12-15 05:09:00+00:00,55.45,8.468333,0.0,111.0,278.0,0,1418620140
2014-12-15 07:00:00+00:00,55.45,8.468333,0.0,111.0,209.0,0,1418626800
2014-12-15 08:04:00+00:00,55.45,8.468333,0.0,111.0,353.0,0,1418630640
2014-12-15 12:07:00+00:00,55.45,8.468333,0.0,111.0,99.0,0,1418645220
2014-12-15 13:14:00+00:00,55.45,8.468333,0.0,111.0,154.0,0,1418649240
2014-12-15 14:01:00+00:00,55.45,8.468333,0.0,111.0,231.0,0,1418652060
2014-12-15 15:08:00+00:00,55.45,8.468333,0.0,111.0,57.0,0,1418656080
2014-12-16 00:05:00+00:00,55.45,8.468333,0.0,111.0,15.0,0,1418688300
2014-12-16 02:21:00+00:00,55.45,8.468333,0.0,111.0,222.0,0,1418696460
2014-12-16 04:12:00+00:00,55.45,8.468333,0.0,111.0,202.0,0,1418703120
2014-12-16 06:06:00+00:00,55.45,8.468333,0.0,111.0,178.0,0,1418709960
2014-12-16 10:06:00+00:00,55.45,8.468333,0.0,111.0,137.0,0,1418724360
2014-12-16 15:18:00+00:00,55.45,8.468333,0.0,111.0,49.0,0,1418743080
2014-12-16 21:20:00+00:00,55.45,8.468333,0.0,111.0,232.0,0,1418764800
2014-12-17 06:09:00+00:00,55.45,8.468333,0.0,111.0,239.0,0,1418796540
2014-12-17 10:17:00+00:00,55.45,8.468333,0.0,111.0,313.0,0,1418811420
2014-12-17 11:03:00+00:00,55.45,8.468333,0.0,111.0,224.0,0,1418814180
2014-12-17 17:02:00+00:00,55.45,8.468333,0.0,111.0,284.0,0,1418835720
2014-12-18 12:17:00+00:00,55.45,8.468333,0.0,111.0,158.0,0,1418905020
2014-12-18 13:03:00+00:00,55.45,8.468333,0.0,111.0,341.0,0,1418907780
2014-12-18 17:07:00+00:00,55.45,8.468333,0.0,111.0,189.0,0,1418922420
2014-12-18 19:22:00+00:00,55.45,8.468333,0.0,111.0,47.0,0,1418930520
2014-12-18 21:16:00+00:00,55.45,8.468333,0.0,111.0,1.0,0,1418937360
2014-12-19 01:04:00+00:00,55.45,8.468333,0.0,111.0,157.0,0,1418951040
2014-12-19 02:07:00+00:00,55.45,8.468333,0.0,111.0,95.0,0,1418954820
2014-12-19 04:01:00+00:00,55.45,8.468333,0.0,111.0,296.0,0,1418961660
2014-12-19 05:07:00+00:00,55.45,8.468333,0.0,111.0,305.0,0,1418965620
2014-12-19 06:13:00+00:00,55.45,8.468333,0.0,111.0,282.0,0,1418969580
2014-12-19 07:20:00+00:00,55.45,8.468333,0.0,111.0,34.0,0,1418973600
2014-12-19 10:18:00+00:00,55.45,8.468333,0.0,111.0,184.0,0,1418984280
2014-12-19 21:12:00+00:00,55.45,8.468333,0.0,111.0,324.0,0,1419023520
2014-12-20 02:01:00+00:00,55.45,8.468333,0.0,111.0,84.0,0,1419040860
2014-12-20 18:07:00+00:00,55.45,8.468333,0.0,111.0,97.0,0,1419098820
2014-12-20 23:14:00+00:00,55.45,8.468333,0.0,111.0,97.0,0,1419117240
2014-12-21 01:00:00+00:00,55.45,8.468333,0.0,111.0,271.0,0,1419123600
2014-12-21 04:17:00+00:00,55.45,8.468333,0.0,111.0,125.0,0,1419135420
2014-12-21 07:14:00+00:00,55.45,8.468333,0.0,111.0,348.0,0,1419146040
2014-12-22 00:08:00+00:00,55.45,8.468333,0.0,111.0,49.0,0,1419206880
2014-12-22 05:02:00+00:00,55.45,8.468333,0.0,111.0,7.0,0,1419224520
2014-12-22 07:11:00+00:00,55.45,8.468333,0.0,111.0,27.0,0,1419232260
2014-12-22 12:20:00+00:00,55.45,8.468333,0.0,111.0,302.0,0,1419250800
2014-12-22 14:10:00+00:00,55.45,8.468333,0.0,111.0,337.0,0,1419257400
2014-12-22 17:09:00+00:00,55.45,8.468333,0.0,111.0,181.0,0,1419268140
2014-12-22 21:19:00+00:00,55.45,8.468333,0.0,111.0,318.0,0,1419283140
2014-12-23 07:09:00+00:00,55.45,8.468333,0.0,111.0,217.0,0,1419318540
2014-12-23 08:16:00+00:00,55.45,8.468333,0.0,111.0,91.0,0,1419322560
2014-12-23 12:21:00+00:00,55.45,8.468333,0.0,111.0,71.0,0,1419337260
2014-12-23 14:18:00+00:00,55.45,8.468333,0.0,111.0,239.0,0,1419344280
2014-12-23 20:02:00+00:00,55.45,8.468333,0.0,111.0,278.0,0,1419364920
2014-12-23 22:15:00+00:00,55.45,8.468333,0.0,111.0,55.0,0,1419372900
2014-12-24 05:19:00+00:00,55.45,8.468333,0.0,111.0,285.0,0,1419398340
2014-12-24 09:16:00+00:00,55.45,8.468333,0.0,111.0,128.0,0,1419412560
2014-12-24 11:10:00+00:00,55.45,8.468333,0.0,111.0,258.0,0,1419419400
2014-12-24 18:07:00+00:00,55.45,8.468333,0.0,111.0,31.0,0,1419444420
2014-12-25 01:04:00+00:00,55.45,8.468333,0.0,111.0,31.0,0,1419469440
2014-12-25 05:01:00+00:00,55.45,8.468333,0.0,111.0,30.0,0,1419483660
2014-12-25 07:18:00+00:00,55.45,8.468333,0.0,111.0,294.0,0,1419491880
2014-12-25 11:20:00+00:00,55.45,8.468333,0.0,111.0,242.0,0,1419506400
2014-12-25 13:09:00+00:00,55.45,8.468333,0.0,111.0,185.0,0,1419512940
2015-01-07 02:11:00+00:00,55.4495,8.4685,0.0,113.0,54.0,0,1420596660
2015-01-07 05:06:00+00:00,55.45,8.468333,0.0,112.0,232.0,0,1420607160
2015-01-07 10:04:00+00:00,55.45,8.468333,0.0,112.0,317.0,0,1420625040
2015-01-07 11:13:00+00:00,55.45,8.468333,0.0,112.0,52.0,0,1420629180
2015-01-07 12:19:00+00:00,55.45,8.468333,0.0,112.0,136.0,0,1420633140
2015-01-07 20:19:00+00:00,55.45,8.468333,0.0,112.0,357.0,0,1420661940
2015-01-07 22:07:00+00:00,55.45,8.468333,0.0,112.0,305.0,0,1420668420
2015-01-07 23:13:00+00:00,55.45,8.468333,0.0,112.0,232.0,0,1420672380
2015-01-08 01:05:00+00:00,55.45,8.468333,0.0,112.0,71.0,0,1420679100
2015-01-08 02:11:00+00:00,55.45,8.468333,0.0,112.0,82.0,0,1420683060
2015-01-08 03:15:00+00:00,55.45,8.468333,0.0,112.0,326.0,0,1420686900
2015-01-08 11:18:00+00:00,55.45,8.468333,0.0,112.0,258.0,0,1420715880
2015-01-08 12:01:00+00:00,55.45,8.468333,0.0,112.0,193.0,0,1420718460
2015-01-08 17:09:00+00:00,55.45,8.468333,0.0,112.0,127.0,0,1420736940
2015-01-08 20:05:00+00:00,55.45,8.468333,0.0,112.0,199.0,0,1420747500
2015-01-09 05:18:00+00:00,55.45,8.468333,0.0,112.0,235.0,0,1420780680
2015-01-09 08:10:00+00:00,55.45,8.468333,0.0,112.0,30.0,0,1420791000
2015-01-09 10:04:00+00:00,55.45,8.468333,0.0,112.0,243.0,0,1420797840
2015-01-09 12:16:00+00:00,55.45,8.468333,0.0,112.0,242.0,0,1420805760
2015-01-09 15:12:00+00:00,55.45,8.468333,0.0,112.0,76.0,0,1420816320
2015-01-09 16:17:00+00:00,55.45,8.468333,0.0,112.0,14.0,0,1420820220
2015-01-09 18:03:00+00:00,55.45,8.468333,0.0,112.0,280.0,0,1420826580
2015-01-10 00:02:00+00:00,55.45,8.468333,0.0,112.0,13.0,0,1420848120
2015-01-10 07:23:00+00:00,55.45,8.468333,0.0,112.0,292.0,0,1420874580
2015-01-10 08:07:00+00:00,55.45,8.468333,0.0,112.0,323.0,0,1420877220
2015-01-10 11:03:00+00:00,55.45,8.468333,0.0,112.0,304.0,0,1420887780
2015-01-10 12:08:00+00:00,55.45,8.468333,0.0,112.0,45.0,0,1420891680
2015-01-10 15:11:00+00:00,55.45,8.468333,0.0,112.0,316.0,0,1420902660
2015-01-10 17:00:00+00:00,55.45,8.468333,0.0,112.0,201.0,0,1420909200
2015-01-10 21:04:00+00:00,55.45,8.468333,0.0,112.0,28.0,0,1420923840
2015-01-11 08:20:00+00:00,55.45,8.468333,0.0,112.0,308.0,0,1420964400
2015-01-11 10:11:00+00:00,55.45,8.468333,0.0,112.0,141.0,0,1420971060
2015-01-11 11:19:00+00:00,55.45,8.468333,0.0,112.0,133.0,0,1420975140
2015-01-11 17:07:00+00:00,55.45,8.468333,0.0,112.0,294.0,0,1420996020
2015-01-11 19:15:00+00:00,55.45,8.468333,0.0,112.0,359.0,0,1421003700
2015-01-12 01:21:00+00:00,55.45,8.468333,0.0,112.0,97.0,0,1421025660
2015-01-12 04:12:00+00:00,55.45,8.468333,0.0,112.0,37.0,0,1421035920
2015-01-12 11:15:00+00:00,55.45,8.468333,0.0,112.0,32.0,0,1421061300
2015-01-12 14:10:00+00:00,55.45,8.468333,0.0,112.0,162.0,0,1421071800
2015-01-12 15:12:00+00:00,55.45,8.468333,0.0,112.0,32.0,0,1421075520
2015-01-13 02:11:00+00:00,55.45,8.468333,0.0,112.0,179.0,0,1421115060
2015-01-13 06:00:00+00:00,55.45,8.468333,0.0,112.0,106.0,0,1421128800
2015-01-13 18:03:00+00:00,55.45,8.468333,0.0,112.0,184.0,0,1421172180
2015-01-13 23:21:00+00:00,55.45,8.468333,0.0,112.0,245.0,0,1421191260
2015-01-14 01:11:00+00:00,55.45,8.468333,0.0,112.0,222.0,0,1421197860
2015-01-14 04:08:00+00:00,55.45,8.468333,0.0,112.0,322.0,0,1421208480
2015-01-14 08:13:00+00:00,55.45,8.468333,0.0,112.0,123.0,0,1421223180
2015-01-14 09:22:00+00:00,55.45,8.468333,0.0,112.0,309.0,0,1421227320
2015-01-14 10:06:00+00:00,55.45,8.468333,0.0,112.0,289.0,0,1421229960
2015-01-14 16:18:00+00:00,55.45,8.468333,0.0,112.0,341.0,0,1421252280
2015-01-14 19:08:00+00:00,55.45,8.468333,0.0,112.0,100.0,0,1421262480
2015-01-15 02:14:00+00:00,55.45,8.468333,0.0,112.0,209.0,5,1421288040
2015-01-15 10:17:00+00:00,55.45,8.468333,0.0,112.0,256.0,5,1421317020
2015-01-15 11:20:00+00:00,55.45,8.468333,0.0,112.0,326.0,5,1421320800
2015-01-16 01:17:00+00:00,55.45,8.468333,0.0,112.0,254.0,5,1421371020
2015-01-16 02:20:00+00:00,55.45,8.468333,0.0,112.0,200.0,5,1421374800
2015-01-16 04:06:00+00:00,55.45,8.468333,0.0,112.0,54.0,5,1421381160
2015-01-16 05:09:00+00:00,55.45,8.468333,0.0,112.0,277.0,5,1421384940
2015-01-16 18:04:00+00:00,55.45,8.468333,0.0,112.0,74.0,5,1421431440
2015-01-16 19:10:00+00:00,55.45,8.468333,0.0,112.0,197.0,5,1421435400
2015-01-16 20:13:00+00:00,55.45,8.468333,0.0,112.0,296.0,5,1421439180
2015-01-16 21:16:00+00:00,55.45,8.468333,0.0,112.0,29.0,5,1421442960
2015-01-16 23:01:00+00:00,55.45,8.468333,0.0,112.0,282.0,5,1421449260
2015-01-17 02:10:00+00:00,55.45,8.468333,0.0,112.0,279.0,5,1421460600
2015-01-17 05:19:00+00:00,55.45,8.468333,0.0,112.0,333.0,5,1421471940
2015-01-17 07:04:00+00:00,55.45,8.468333,0.0,112.0,289.0,5,1421478240
2015-01-17 13:02:00+00:00,55.45,8.468333,0.0,112.0,156.0,5,1421499720
2015-01-17 15:08:00+00:00,55.45,8.468333,0.0,112.0,55.0,5,1421507280
2015-01-17 16:11:00+00:00,55.45,8.468333,0.0,112.0,195.0,5,1421511060
2015-01-17 21:05:00+00:00,55.45,8.468333,0.0,112.0,47.0,5,1421528700
2015-01-18 00:13:00+00:00,55.45,8.468333,0.0,112.0,283.0,5,1421539980
2015-01-18 01:16:00+00:00,55.45,8.468333,0.0,112.0,217.0,5,1421543760
2015-01-18 02:19:00+00:00,55.45,8.468333,0.0,112.0,47.0,5,1421547540
2015-01-18 11:05:00+00:00,55.45,8.468333,0.0,112.0,140.0,5,1421579100
2015-01-18 19:08:00+00:00,55.45,8.468333,0.0,112.0,228.0,0,1421608080
2015-01-31 03:00:11+00:00,55.45,8.468333,0.0,112.0,94.0,0,1422673211
2015-01-31 06:01:10+00:00,55.45,8.468333,0.0,112.0,162.0,0,1422684070
2015-01-31 11:10:12+00:00,55.45,8.468333,0.0,112.0,225.0,0,1422702612
2015-01-31 14:09:08+00:00,55.45,8.468333,0.0,112.0,91.0,0,1422713348
2015-01-31 16:00:29+00:00,55.45,8.468333,0.0,112.0,28.0,0,1422720029
2015-01-31 18:14:33+00:00,55.45,8.468333,0.0,112.0,136.0,0,1422728073
2015-01-31 21:15:44+00:00,55.45,8.468333,0.0,112.0,209.0,0,1422738944
2015-02-01 04:09:35+00:00,55.45,8.468333,0.0,112.0,59.0,0,1422763775
2015-02-01 05:20:35+00:00,55.45,8.468333,0.0,112.0,28.0,0,1422768035
2015-02-01 06:07:03+00:00,55.45,8.468333,0.0,112.0,190.0,0,1422770823
2015-02-01 08:18:32+00:00,55.45,8.468333,0.0,112.0,316.0,0,1422778712
2015-02-01 10:07:53+00:00,55.45,8.468333,0.0,112.0,97.0,0,1422785273
2015-02-01 16:07:22+00:00,55.45,8.468333,0.0,112.0,179.0,0,1422806842
2015-02-01 20:06:52+00:00,55.45,8.468333,0.0,112.0,112.0,0,1422821212
2015-02-02 02:20:45+00:00,55.45,8.468333,0.0,112.0,300.0,0,1422843645
2015-02-02 05:16:57+00:00,55.45,8.468333,0.0,112.0,355.0,0,1422854217
2015-02-02 08:17:07+00:00,55.45,8.468333,0.0,112.0,113.0,0,1422865027
2015-02-02 15:19:36+00:00,55.45,8.468333,0.0,112.0,303.0,0,1422890376
2015-02-11 17:02:12+00:00,55.45,8.468333,0.0,111.0,311.0,0,1423674132
2015-02-11 19:08:17+00:00,55.45,8.468333,0.0,111.0,226.0,0,1423681697
2015-02-11 21:20:47+00:00,55.45,8.468333,0.0,111.0,315.0,0,1423689647
2015-02-12 02:21:21+00:00,55.45,8.468333,0.0,112.0,332.0,0,1423707681
2015-02-12 05:18:19+00:00,55.45,8.468333,0.0,112.0,306.0,0,1423718299
2015-02-12 07:05:10+00:00,55.45,8.468333,0.0,111.0,122.0,0,1423724710
2015-02-12 13:17:04+00:00,55.45,8.468333,0.0,112.0,139.0,0,1423747024
2015-02-12 15:02:42+00:00,55.45,8.468333,0.0,112.0,88.0,0,1423753362
2015-02-22 07:10:23+00:00,55.45,8.468333,0.0,112.0,131.0,5,1424589023
2015-02-22 08:13:26+00:00,55.45,8.468333,0.0,112.0,293.0,5,1424592806
2015-02-22 12:06:37+00:00,55.45,8.468333,0.0,112.0,85.0,5,1424606797
2015-02-22 14:12:43+00:00,55.45,8.468333,0.0,112.0,196.0,5,1424614363
2015-02-22 17:00:50+00:00,55.45,8.468333,0.0,112.0,302.0,5,1424624450
2015-02-22 17:00:50+00:00,55.45,8.468333,0.0,112.0,302.0,5,1424624450
2015-02-22 18:03:50+00:00,55.45,8.468333,0.0,112.0,325.0,5,1424628230
2015-02-22 19:06:54+00:00,55.45,8.468333,0.0,112.0,111.0,5,1424632014
2015-02-22 22:15:57+00:00,55.45,8.468333,0.0,112.0,14.0,5,1424643357
2015-02-23 00:01:03+00:00,55.45,8.468333,0.0,112.0,264.0,5,1424649663
2015-02-23 01:04:03+00:00,55.45,8.468333,0.0,112.0,87.0,5,1424653443
2015-02-23 04:13:12+00:00,55.45,8.468333,0.0,112.0,284.0,5,1424664792
2015-02-23 08:08:32+00:00,55.45,8.468333,0.0,112.0,93.0,5,1424678912
2015-02-23 12:20:42+00:00,55.45,8.468333,0.0,112.0,347.0,5,1424694042
2015-02-23 14:05:47+00:00,55.45,8.468333,0.0,112.0,313.0,5,1424700347
2015-02-23 19:21:01+00:00,55.45,8.468333,0.0,112.0,156.0,5,1424719261
2015-02-23 20:03:02+00:00,55.45,8.468333,0.0,112.0,47.0,5,1424721782
2015-02-23 21:06:02+00:00,55.45,8.468333,0.0,112.0,76.0,5,1424725562
2015-02-23 23:12:07+00:00,55.45,8.468333,0.0,112.0,10.0,5,1424733127
2015-02-24 04:06:16+00:00,55.45,8.468333,0.0,112.0,162.0,5,1424750776
2015-02-24 10:06:30+00:00,55.45,8.468333,0.0,112.0,332.0,5,1424772390
2015-02-24 13:15:37+00:00,55.45,8.468333,0.0,112.0,156.0,5,1424783737
2015-02-24 15:00:41+00:00,55.45,8.468333,0.0,112.0,326.0,5,1424790041
2015-02-24 17:06:43+00:00,55.45,8.468333,0.0,112.0,145.0,5,1424797603
2015-02-24 22:00:52+00:00,55.45,8.468333,0.0,112.0,65.0,5,1424815252
2015-02-25 07:07:09+00:00,55.45,8.468333,0.0,112.0,184.0,5,1424848029
2015-02-25 12:04:22+00:00,55.45,8.468333,0.0,112.0,354.0,5,1424865862
2015-02-25 18:01:30+00:00,55.45,8.468333,0.0,112.0,95.0,5,1424887290
2015-02-26 05:19:52+00:00,55.45,8.468333,0.0,112.0,178.0,5,1424927992
2015-02-26 13:05:09+00:00,55.45,8.468333,0.0,112.0,168.0,5,1424955909
2015-02-26 19:20:21+00:00,55.45,8.468333,0.0,112.0,23.0,5,1424978421
2015-02-26 22:08:27+00:00,55.45,8.468333,0.0,112.0,53.0,5,1424988507
2015-02-26 23:14:30+00:00,55.45,8.468333,0.0,112.0,18.0,5,1424992470
2015-02-27 00:17:31+00:00,55.45,8.468333,0.0,112.0,151.0,5,1424996251
2015-02-27 02:02:37+00:00,55.45,8.468333,0.0,112.0,251.0,5,1425002557
2015-02-27 03:05:37+00:00,55.45,8.468333,0.0,112.0,312.0,5,1425006337
2015-02-27 06:14:49+00:00,55.45,8.468333,0.0,112.0,329.0,5,1425017689
2015-02-27 07:17:51+00:00,55.45,8.468333,0.0,112.0,349.0,5,1425021471
2015-02-27 12:12:10+00:00,55.45,8.468333,0.0,112.0,117.0,5,1425039130
2015-02-27 13:15:18+00:00,55.45,8.468333,0.0,112.0,103.0,5,1425042918
2015-02-27 21:18:31+00:00,55.45,8.468333,0.0,112.0,343.0,5,1425071911
2015-02-27 22:00:32+00:00,55.45,8.468333,0.0,112.0,67.0,5,1425074432
2015-02-28 03:15:43+00:00,55.45,8.468333,0.0,112.0,122.0,5,1425093343
2015-02-28 04:18:45+00:00,55.45,8.468333,0.0,112.0,28.0,5,1425097125
2015-02-28 06:20:02+00:00,55.45,8.468333,0.0,112.0,12.0,5,1425104402
2015-02-28 08:06:53+00:00,55.45,8.468333,0.0,112.0,197.0,5,1425110813
2015-02-28 10:12:56+00:00,55.45,8.468333,0.0,112.0,296.0,5,1425118376
2015-02-28 11:15:59+00:00,55.45,8.468333,0.0,112.0,345.0,5,1425122159
2015-03-01 03:01:25+00:00,55.45,8.468333,0.0,112.0,250.0,5,1425178885
2015-03-01 07:13:35+00:00,55.45,8.468333,0.0,112.0,308.0,5,1425194015
2015-03-01 11:04:44+00:00,55.45,8.468333,0.0,112.0,88.0,5,1425207884
2015-03-01 12:07:43+00:00,55.45,8.468333,0.0,112.0,296.0,5,1425211663
2015-03-01 15:18:54+00:00,55.45,8.468333,0.0,112.0,239.0,5,1425223134
2015-03-01 16:00:56+00:00,55.45,8.468333,0.0,112.0,348.0,5,1425225656
2015-03-01 21:16:10+00:00,55.45,8.468333,0.0,112.0,44.0,5,1425244570
2015-03-01 22:19:11+00:00,55.45,8.468333,0.0,112.0,258.0,5,1425248351
2015-03-02 00:04:19+00:00,55.45,8.468333,0.0,112.0,141.0,5,1425254659
2015-03-02 01:07:19+00:00,55.45,8.468333,0.0,112.0,136.0,5,1425258439
2015-03-02 02:10:23+00:00,55.45,8.468333,0.0,112.0,93.0,5,1425262223
2015-03-02 05:19:27+00:00,55.45,8.468333,0.0,112.0,247.0,5,1425273567
2015-03-02 11:20:52+00:00,55.45,8.468333,0.0,112.0,177.0,5,1425295252
2015-03-02 20:09:12+00:00,55.45,8.468333,0.0,112.0,234.0,5,1425326952
2015-03-03 02:12:21+00:00,55.45,8.468333,0.0,112.0,180.0,5,1425348741
2015-03-04 00:01:04+00:00,55.45,8.468333,0.0,112.0,73.0,5,1425427264
2015-03-04 02:07:07+00:00,55.45,8.468333,0.0,112.0,40.0,5,1425434827
2015-03-04 04:13:12+00:00,55.45,8.468333,0.0,112.0,58.0,5,1425442392
2015-03-04 10:10:26+00:00,55.45,8.468333,0.0,112.0,8.0,5,1425463826
2015-03-04 11:13:26+00:00,55.45,8.468333,0.0,112.0,344.0,5,1425467606
2015-03-04 17:16:42+00:00,55.45,8.468333,0.0,112.0,73.0,5,1425489402
2015-03-04 19:10:46+00:00,55.45,8.468333,0.0,112.0,292.0,5,1425496246
2015-03-05 01:16:59+00:00,55.45,8.468333,0.0,112.0,166.0,5,1425518219
2015-03-14 01:19:48+00:00,55.45,8.468333,0.0,111.0,89.0,9,1426295988
2015-03-14 02:04:39+00:00,55.45,8.468333,0.0,111.0,357.0,9,1426298679
2015-03-14 03:12:22+00:00,55.45,8.468333,0.0,111.0,28.0,9,1426302742
2015-03-14 07:06:46+00:00,55.45,8.468333,0.0,111.0,206.0,5,1426316806
2015-03-14 16:13:05+00:00,55.45,8.468333,0.0,111.0,334.0,5,1426349585
2015-03-14 17:16:04+00:00,55.45,8.468333,0.0,111.0,35.0,5,1426353364
2015-03-14 20:04:12+00:00,55.45,8.468333,0.0,111.0,245.0,5,1426363452
2015-03-14 21:07:14+00:00,55.45,8.468333,0.0,111.0,149.0,5,1426367234
2015-03-14 22:10:10+00:00,55.45,8.468333,0.0,111.0,176.0,0,1426371010
2015-03-21 01:12:56+00:00,55.45,8.468333,0.0,111.0,331.0,5,1426900376
2015-03-21 03:19:02+00:00,55.45,8.468333,0.0,111.0,115.0,5,1426907942
2015-03-21 04:01:03+00:00,55.45,8.468333,0.0,111.0,212.0,5,1426910463
2015-03-21 08:19:10+00:00,55.45,8.468333,0.0,111.0,184.0,5,1426925950
2015-03-21 12:10:20+00:00,55.45,8.468333,0.0,111.0,233.0,5,1426939820
2015-03-21 16:01:26+00:00,55.45,8.468333,0.0,111.0,295.0,5,1426953686
2015-03-22 00:04:40+00:00,55.45,8.468333,0.0,111.0,331.0,5,1426982680
2015-03-22 04:16:50+00:00,55.45,8.468333,0.0,111.0,141.0,5,1426997810
2015-03-22 06:01:51+00:00,55.45,8.468333,0.0,111.0,297.0,5,1427004111
2015-03-22 07:04:55+00:00,55.45,8.468333,0.0,111.0,109.0,5,1427007895
2015-03-29 11:11:47+00:00,55.45,8.468333,0.0,111.0,16.0,8,1427627507
2015-03-29 13:04:01+00:00,55.45011,8.468496,0.0,111.0,295.0,8,1427634241
2015-03-29 14:10:31+00:00,55.45009,8.468384,0.0,111.0,233.0,8,1427638231
2015-03-29 15:15:32+00:00,55.45011,8.468483,0.0,111.0,0.0,8,1427642132
2015-03-29 16:20:53+00:00,55.45011,8.468483,0.0,111.0,0.0,8,1427646053
2015-03-29 21:04:11+00:00,55.45,8.468333,0.0,111.0,135.0,8,1427663051
2015-03-30 02:19:22+00:00,55.45,8.468333,0.0,111.0,31.0,8,1427681962
2015-03-30 08:17:03+00:00,55.45,8.468333,0.0,111.0,125.0,8,1427703423
2015-03-30 10:10:53+00:00,55.45,8.468333,0.0,111.0,290.0,8,1427710253
2015-03-30 15:08:22+00:00,55.45,8.468333,0.0,111.0,312.0,8,1427728102
2015-03-30 19:17:42+00:00,55.45,8.468333,0.0,111.0,30.0,8,1427743062
2015-03-30 21:11:23+00:00,55.45,8.468333,0.0,111.0,104.0,8,1427749883
2015-03-30 22:17:13+00:00,55.45,8.468333,0.0,111.0,153.0,8,1427753833
2015-03-31 00:13:43+00:00,55.45,8.468333,0.0,111.0,256.0,8,1427760823
2015-03-31 10:14:42+00:00,55.45,8.468333,0.0,111.0,85.0,8,1427796882
2015-03-31 11:00:43+00:00,55.45,8.468333,0.0,111.0,28.0,8,1427799643
2015-03-31 13:15:25+00:00,55.45,8.468333,0.0,111.0,134.0,8,1427807725
2015-03-31 15:06:35+00:00,55.45,8.468333,0.0,111.0,274.0,8,1427814395
2015-03-31 18:21:48+00:00,55.45,8.468333,0.0,111.0,178.0,8,1427826108
2015-04-01 01:08:35+00:00,55.45,8.468333,0.0,111.0,354.0,8,1427850515
2015-04-01 06:18:11+00:00,55.45,8.468333,0.0,111.0,168.0,8,1427869091
2015-04-01 19:04:26+00:00,55.45,8.468333,0.0,111.0,258.0,8,1427915066
2015-04-01 20:12:50+00:00,55.45,8.468333,0.0,111.0,98.0,8,1427919170
2015-04-01 23:10:10+00:00,55.45,8.468333,0.0,111.0,15.0,8,1427929810
2015-04-02 09:13:47+00:00,55.45,8.468333,0.0,111.0,244.0,5,1427966027
2015-04-02 13:04:52+00:00,55.45,8.468333,0.0,111.0,198.0,5,1427979892
2015-04-02 14:07:57+00:00,55.45,8.468333,0.0,111.0,109.0,5,1427983677
2015-04-03 03:08:22+00:00,55.45,8.468333,0.0,111.0,210.0,5,1428030502
2015-04-03 09:05:34+00:00,55.45,8.468333,0.0,111.0,103.0,5,1428051934
2015-04-03 11:11:37+00:00,55.45,8.468333,0.0,111.0,126.0,5,1428059497
2015-04-03 12:14:40+00:00,55.45,8.468333,0.0,111.0,113.0,5,1428063280
2015-04-03 15:02:46+00:00,55.45,8.468333,0.0,111.0,320.0,5,1428073366
2015-04-03 16:05:47+00:00,55.45,8.468333,0.0,111.0,147.0,5,1428077147
2015-04-03 18:11:51+00:00,55.45,8.468333,0.0,111.0,91.0,5,1428084711
2015-04-03 23:09:00+00:00,55.45,8.468333,0.0,111.0,4.0,5,1428102540
2015-04-04 01:15:04+00:00,55.45,8.468333,0.0,111.0,348.0,5,1428110104
2015-04-04 02:18:06+00:00,55.45,8.468333,0.0,111.0,7.0,5,1428113886
2015-04-04 03:00:10+00:00,55.45,8.468333,0.0,111.0,81.0,5,1428116410
2015-06-29 16:03:52+00:00,55.47317,8.413667,0.0,47.0,74.0,0,1435593832
2015-07-31 21:17:21+00:00,55.44917,8.467667,0.0,110.0,305.0,0,1438377441
2015-08-01 03:12:00+00:00,55.45016,8.4685,0.0,111.0,46.0,5,1438398720
2015-08-01 11:00:17+00:00,55.45016,8.4685,0.0,111.0,121.0,5,1438426817
2015-08-01 13:06:21+00:00,55.45016,8.468667,0.0,111.0,324.0,5,1438434381
2015-08-01 15:15:21+00:00,55.45016,8.468333,0.0,111.0,158.0,5,1438442121
2015-08-01 18:03:26+00:00,55.45016,8.4685,0.0,111.0,319.0,5,1438452206
2015-08-01 19:06:32+00:00,55.45016,8.4685,0.0,111.0,259.0,5,1438455992
2015-08-01 20:09:32+00:00,55.45016,8.4685,0.0,111.0,160.0,5,1438459772
2015-08-02 05:08:31+00:00,55.45016,8.4685,0.0,111.0,270.0,5,1438492111
2015-08-02 09:20:38+00:00,55.45016,8.4685,0.0,111.0,331.0,5,1438507238
2015-08-02 10:00:59+00:00,55.45033,8.4685,0.0,111.0,13.0,5,1438509659
2015-08-02 11:03:58+00:00,55.45016,8.4685,0.0,111.0,238.0,5,1438513438
2015-08-02 18:18:48+00:00,55.45016,8.4685,0.0,111.0,138.0,5,1438539528
2015-08-03 00:15:57+00:00,55.45016,8.4685,0.0,111.0,187.0,5,1438560957
2015-08-03 01:18:59+00:00,55.45016,8.4685,0.0,111.0,310.0,5,1438564739
2015-08-03 05:04:38+00:00,55.45016,8.4685,0.0,111.0,56.0,5,1438578278
2015-08-03 06:07:41+00:00,55.45016,8.4685,0.0,111.0,18.0,5,1438582061
2015-08-03 07:10:42+00:00,55.45016,8.4685,0.0,111.0,60.0,5,1438585842
2015-08-03 09:19:48+00:00,55.45016,8.4685,0.0,111.0,126.0,5,1438593588
2015-08-03 13:04:54+00:00,55.45016,8.4685,0.0,112.0,259.0,5,1438607094
2015-08-03 13:04:54+00:00,55.45016,8.4685,0.0,112.0,259.0,5,1438607094
2015-08-03 14:07:59+00:00,55.45016,8.4685,0.0,112.0,232.0,5,1438610879
2015-08-03 18:11:03+00:00,55.45016,8.4685,0.0,112.0,188.0,5,1438625463
2015-08-03 21:20:10+00:00,55.45016,8.4685,0.0,112.0,310.0,5,1438636810
2015-08-03 22:02:12+00:00,55.45016,8.4685,0.0,112.0,219.0,5,1438639332
2015-08-04 07:08:29+00:00,55.45016,8.4685,0.0,112.0,156.0,5,1438672109
2015-08-04 08:11:31+00:00,55.45016,8.4685,0.0,112.0,274.0,5,1438675891
2015-08-04 10:17:35+00:00,55.45016,8.4685,0.0,112.0,161.0,5,1438683455
2015-08-04 11:20:36+00:00,55.45016,8.468667,0.0,112.0,267.0,5,1438687236
2015-08-04 12:02:37+00:00,55.45016,8.4685,0.0,112.0,264.0,5,1438689757
2015-08-04 13:08:39+00:00,55.45016,8.4685,0.0,112.0,279.0,5,1438693719
2015-08-04 15:14:43+00:00,55.45016,8.4685,0.0,112.0,208.0,5,1438701283
2015-08-04 17:20:47+00:00,55.45016,8.4685,0.0,112.0,350.0,5,1438708847
2015-08-04 19:05:52+00:00,55.45016,8.4685,0.0,112.0,66.0,5,1438715152
2015-08-05 00:02:59+00:00,55.45016,8.468667,0.0,112.0,157.0,5,1438732979
2015-08-05 01:06:05+00:00,55.45016,8.4685,0.0,112.0,144.0,5,1438736765
2015-08-05 02:09:03+00:00,55.45016,8.4685,0.0,112.0,22.0,5,1438740543
2015-08-05 06:03:12+00:00,55.45016,8.468667,0.0,112.0,7.0,5,1438754592
2015-08-12 16:17:16+00:00,55.45016,8.468667,0.0,112.0,119.0,5,1439396236
2015-08-12 16:17:16+00:00,55.45016,8.468667,0.0,112.0,119.0,5,1439396236
2015-08-12 18:02:17+00:00,55.45016,8.4685,0.0,112.0,236.0,5,1439402537
2015-08-12 18:02:17+00:00,55.45016,8.4685,0.0,112.0,236.0,5,1439402537
2015-08-12 19:05:21+00:00,55.45016,8.4685,0.0,112.0,283.0,5,1439406321
2015-08-13 05:20:39+00:00,55.45016,8.4685,0.0,112.0,274.0,5,1439443239
2015-08-13 09:11:49+00:00,55.45016,8.4685,0.0,112.0,3.0,5,1439457109
2015-08-13 14:20:43+00:00,55.45016,8.4685,0.0,112.0,203.0,5,1439475643
2015-08-13 20:20:53+00:00,55.45016,8.4685,0.0,112.0,305.0,5,1439497253
2015-08-14 00:12:02+00:00,55.45016,8.4685,0.0,112.0,210.0,5,1439511122
2015-08-14 01:15:03+00:00,55.45016,8.4685,0.0,112.0,166.0,5,1439514903
2015-08-14 04:15:08+00:00,55.45016,8.4685,0.0,112.0,99.0,5,1439525708
2015-08-14 09:09:20+00:00,55.45016,8.4685,0.0,112.0,359.0,5,1439543360
2015-08-14 09:09:20+00:00,55.45016,8.4685,0.0,112.0,359.0,5,1439543360
2015-08-14 12:18:25+00:00,55.45016,8.4685,0.0,112.0,229.0,5,1439554705
2015-08-14 19:18:38+00:00,55.45016,8.4685,0.0,112.0,206.0,5,1439579918
2015-08-14 23:03:46+00:00,55.45016,8.4685,0.0,112.0,61.0,5,1439593426
2015-08-15 01:09:52+00:00,55.45016,8.4685,0.0,112.0,334.0,5,1439600992
2015-08-15 02:12:53+00:00,55.45016,8.4685,0.0,112.0,152.0,5,1439604773
2015-08-15 05:03:58+00:00,55.45016,8.4685,0.0,112.0,26.0,5,1439615038
2015-08-15 07:13:00+00:00,55.45016,8.4685,0.0,112.0,109.0,5,1439622780
2015-08-15 11:10:12+00:00,55.45016,8.4685,0.0,112.0,126.0,5,1439637012
2015-08-15 13:04:16+00:00,55.45016,8.4685,0.0,112.0,198.0,5,1439643856
2015-08-15 21:13:29+00:00,55.45016,8.468667,0.0,112.0,21.0,5,1439673209
2015-08-15 22:20:34+00:00,55.45016,8.4685,0.0,112.0,257.0,5,1439677234
2015-08-16 02:11:42+00:00,55.45016,8.4685,0.0,112.0,68.0,5,1439691102
2015-08-16 04:17:44+00:00,55.45016,8.4685,0.0,112.0,52.0,5,1439698664
2015-08-16 14:00:05+00:00,55.45016,8.4685,0.0,112.0,173.0,5,1439733605
2015-08-16 16:06:09+00:00,55.45016,8.4685,0.0,112.0,109.0,5,1439741169
2015-08-16 18:12:13+00:00,55.45016,8.4685,0.0,112.0,159.0,5,1439748733
2015-08-16 18:12:13+00:00,55.45016,8.4685,0.0,112.0,159.0,5,1439748733
2015-08-17 04:06:32+00:00,55.45016,8.468667,0.0,112.0,117.0,5,1439784392
2015-08-17 07:19:00+00:00,55.45016,8.468667,0.0,112.0,257.0,5,1439795940
2015-08-17 12:13:09+00:00,55.45016,8.4685,0.0,112.0,205.0,5,1439813589
2015-08-17 14:19:14+00:00,55.45016,8.4685,0.0,112.0,274.0,5,1439821154
2015-08-25 02:20:40+00:00,55.4495,8.471167,0.0,111.0,224.0,0,1440469240
2015-08-25 04:10:11+00:00,55.4495,8.471167,0.0,111.0,205.0,0,1440475811
2015-08-25 05:13:41+00:00,55.44967,8.471167,0.0,111.0,122.0,0,1440479621
2015-08-25 11:10:54+00:00,55.4495,8.471167,0.0,112.0,40.0,5,1440501054
2015-08-25 16:05:02+00:00,55.4495,8.471167,0.0,111.0,127.0,5,1440518702
2015-08-25 19:17:08+00:00,55.4495,8.471167,0.0,111.0,58.0,5,1440530228
2015-08-25 23:08:16+00:00,55.4495,8.471167,0.0,111.0,185.0,5,1440544096
2015-08-26 01:14:20+00:00,55.4495,8.471167,0.0,111.0,6.0,5,1440551660
2015-08-27 00:06:03+00:00,55.4495,8.471167,0.0,111.0,211.0,5,1440633963
2015-08-27 01:09:03+00:00,55.4495,8.471167,0.0,111.0,247.0,5,1440637743
2015-08-27 12:06:26+00:00,55.4495,8.471167,0.0,111.0,206.0,5,1440677186
2015-08-28 00:00:50+00:00,55.4495,8.471167,0.0,111.0,291.0,5,1440720050
2015-08-28 01:06:53+00:00,55.44967,8.471167,0.0,111.0,293.0,5,1440724013
2015-08-28 03:15:54+00:00,55.44967,8.471,0.0,111.0,175.0,5,1440731754
2015-08-28 04:18:59+00:00,55.4495,8.471167,0.0,111.0,220.0,5,1440735539
2015-08-28 08:10:03+00:00,55.44967,8.471167,0.0,111.0,123.0,5,1440749403
2015-08-28 09:13:09+00:00,55.4495,8.471167,0.0,112.0,144.0,5,1440753189
2015-08-28 11:13:12+00:00,55.4495,8.471,0.0,111.0,170.0,5,1440760392
2015-08-28 12:01:14+00:00,55.44967,8.471167,0.0,111.0,309.0,5,1440763274
2015-08-28 13:09:52+00:00,55.4495,8.471167,0.0,111.0,229.0,0,1440767392
2015-09-08 00:15:52+00:00,55.45016,8.4685,0.0,111.0,109.0,0,1441671352
2015-09-08 08:12:14+00:00,55.45016,8.4685,0.0,111.0,42.0,5,1441699934
2015-09-08 11:00:19+00:00,55.45016,8.4685,0.0,111.0,77.0,5,1441710019
2015-09-08 14:09:24+00:00,55.45016,8.4685,0.0,111.0,175.0,5,1441721364
2015-09-08 22:12:40+00:00,55.45016,8.4685,0.0,111.0,314.0,5,1441750360
2015-09-08 23:15:43+00:00,55.45016,8.4685,0.0,111.0,36.0,5,1441754143
2015-09-09 11:13:07+00:00,55.45016,8.4685,0.0,111.0,270.0,5,1441797187
2015-09-09 13:19:11+00:00,55.45016,8.4685,0.0,111.0,184.0,5,1441804751
2015-09-09 17:10:18+00:00,55.45016,8.4685,0.0,111.0,114.0,5,1441818618
2015-09-10 01:14:09+00:00,55.45016,8.4685,0.0,112.0,143.0,5,1441847649
2015-09-10 01:14:09+00:00,55.45016,8.4685,0.0,112.0,143.0,5,1441847649
2015-09-10 05:14:18+00:00,55.45016,8.4685,0.0,111.0,271.0,5,1441862058
2015-09-10 10:11:24+00:00,55.45016,8.4685,0.0,111.0,92.0,5,1441879884
2015-09-10 11:14:29+00:00,55.45016,8.4685,0.0,111.0,325.0,5,1441883669
2015-09-10 11:14:29+00:00,55.45016,8.4685,0.0,111.0,325.0,5,1441883669
2015-09-10 12:17:28+00:00,55.45016,8.4685,0.0,111.0,39.0,5,1441887448
2015-09-10 14:02:33+00:00,55.45016,8.4685,0.0,111.0,103.0,5,1441893753
2015-09-10 15:05:34+00:00,55.45016,8.4685,0.0,111.0,158.0,5,1441897534
2015-09-10 16:08:38+00:00,55.45016,8.4685,0.0,111.0,60.0,5,1441901318
2015-09-10 23:12:15+00:00,55.45016,8.4685,0.0,111.0,298.0,5,1441926735
2015-09-11 01:18:18+00:00,55.45016,8.4685,0.0,111.0,221.0,5,1441934298
2015-09-11 07:18:30+00:00,55.45016,8.4685,0.0,111.0,346.0,5,1441955910
2015-09-11 09:03:31+00:00,55.45016,8.4685,0.0,111.0,231.0,5,1441962211
2015-09-11 10:06:35+00:00,55.45016,8.4685,0.0,111.0,348.0,5,1441965995
2015-09-11 11:09:34+00:00,55.45016,8.4685,0.0,111.0,214.0,5,1441969774
2015-09-11 11:09:34+00:00,55.45016,8.4685,0.0,111.0,214.0,5,1441969774
2015-09-11 15:00:43+00:00,55.45016,8.4685,0.0,111.0,314.0,5,1441983643
2015-09-11 19:15:49+00:00,55.45016,8.4685,0.0,111.0,14.0,5,1441998949
2015-09-11 22:03:55+00:00,55.45016,8.4685,0.0,111.0,230.0,5,1442009035
2015-09-11 23:06:59+00:00,55.45016,8.4685,0.0,111.0,305.0,5,1442012819
2015-09-12 11:04:18+00:00,55.45016,8.4685,0.0,111.0,212.0,5,1442055858
2015-09-12 15:16:26+00:00,55.45016,8.4685,0.0,111.0,103.0,5,1442070986
2015-09-13 04:14:23+00:00,55.45016,8.4685,0.0,111.0,253.0,5,1442117663
2015-09-13 07:02:28+00:00,55.45033,8.4685,0.0,111.0,1.0,5,1442127748
2015-09-22 01:13:56+00:00,55.45016,8.468667,0.0,112.0,97.0,5,1442884436
2015-09-22 02:16:59+00:00,55.45016,8.4685,0.0,112.0,235.0,5,1442888219
2015-09-22 05:05:05+00:00,55.45016,8.4685,0.0,112.0,5.0,5,1442898305
2015-09-22 07:11:09+00:00,55.45016,8.4685,0.0,112.0,17.0,5,1442905869
2015-09-22 10:18:56+00:00,55.45016,8.4685,0.0,112.0,104.0,5,1442917136
2015-09-22 13:10:05+00:00,55.45016,8.468667,0.0,112.0,8.0,5,1442927405
2015-09-22 14:13:04+00:00,55.45016,8.4685,0.0,112.0,237.0,5,1442931184
2015-09-22 15:16:09+00:00,55.45016,8.4685,0.0,112.0,48.0,5,1442934969
2015-09-22 18:04:14+00:00,55.45016,8.468667,0.0,112.0,282.0,5,1442945054
2015-09-22 23:19:23+00:00,55.45016,8.4685,0.0,112.0,34.0,5,1442963963
2015-09-23 00:01:24+00:00,55.45016,8.4685,0.0,112.0,11.0,5,1442966484
2015-09-23 01:04:25+00:00,55.45016,8.4685,0.0,112.0,305.0,5,1442970265
2015-09-23 04:13:32+00:00,55.45016,8.4685,0.0,112.0,79.0,5,1442981612
2015-09-23 06:19:36+00:00,55.45016,8.468667,0.0,112.0,305.0,5,1442989176
2015-09-23 09:07:41+00:00,55.45016,8.4685,0.0,112.0,116.0,5,1442999261
2015-09-23 10:10:43+00:00,55.45016,8.4685,0.0,112.0,33.0,5,1443003043
2015-09-23 11:13:46+00:00,55.45016,8.4685,0.0,112.0,316.0,5,1443006826
2015-09-28 21:02:20+00:00,55.45016,8.468667,0.0,112.0,144.0,0,1443474140
2015-09-28 23:09:54+00:00,55.45016,8.4685,0.0,112.0,91.0,5,1443481794
2015-09-29 02:18:59+00:00,55.45016,8.4685,0.0,112.0,344.0,5,1443493139
2015-09-29 05:10:04+00:00,55.45016,8.4685,0.0,112.0,316.0,5,1443503404
2015-09-29 10:04:12+00:00,55.45016,8.4685,0.0,112.0,180.0,5,1443521052
2015-09-29 13:13:20+00:00,55.45016,8.4685,0.0,112.0,137.0,5,1443532400
2015-09-29 16:01:26+00:00,55.45016,8.4685,0.0,112.0,8.0,5,1443542486
2015-09-29 20:16:31+00:00,55.45016,8.4685,0.0,112.0,239.0,5,1443557791
2015-09-29 20:16:31+00:00,55.45016,8.4685,0.0,112.0,239.0,5,1443557791
2015-09-29 21:01:36+00:00,55.45016,8.4685,0.0,112.0,80.0,5,1443560496
2015-09-29 22:04:35+00:00,55.45016,8.4685,0.0,112.0,43.0,5,1443564275
2015-09-29 23:07:41+00:00,55.45016,8.4685,0.0,112.0,172.0,5,1443568061
2015-10-05 16:12:29+00:00,55.4495,8.471167,0.0,112.0,176.0,5,1444061549
2015-10-05 17:15:32+00:00,55.4495,8.471167,0.0,112.0,333.0,5,1444065332
2015-10-06 00:15:46+00:00,55.4495,8.471167,0.0,112.0,174.0,5,1444090546
2015-10-06 06:12:57+00:00,55.4495,8.471167,0.0,112.0,80.0,5,1444111977
2015-10-06 11:07:07+00:00,55.4495,8.471167,0.0,111.0,92.0,5,1444129627
2015-10-06 12:10:08+00:00,55.4495,8.471167,0.0,111.0,93.0,5,1444133408
2015-10-06 16:04:15+00:00,55.4495,8.471167,0.0,111.0,289.0,5,1444147455
2015-10-06 17:07:17+00:00,55.4495,8.471167,0.0,111.0,324.0,5,1444151237
2015-10-06 17:07:17+00:00,55.4495,8.471167,0.0,111.0,324.0,5,1444151237
2015-10-06 23:19:29+00:00,55.4495,8.471,0.0,111.0,291.0,5,1444173569
2015-10-07 04:16:39+00:00,55.4495,8.471167,0.0,111.0,124.0,5,1444191399
2015-10-07 05:19:39+00:00,55.44967,8.471,0.0,111.0,26.0,5,1444195179
2015-10-07 09:10:49+00:00,55.4495,8.471167,0.0,111.0,349.0,5,1444209049
2015-10-07 10:13:48+00:00,55.4495,8.471167,0.0,111.0,217.0,5,1444212828
2015-10-07 10:13:48+00:00,55.4495,8.471167,0.0,111.0,217.0,5,1444212828
2015-10-07 13:07:54+00:00,55.4495,8.471167,0.0,111.0,38.0,5,1444223274
2015-10-07 14:10:58+00:00,55.44967,8.471167,0.0,111.0,351.0,5,1444227058
2015-10-07 16:17:02+00:00,55.4495,8.471167,0.0,111.0,292.0,5,1444234622
2015-10-07 19:08:05+00:00,55.4495,8.471167,0.0,111.0,134.0,5,1444244885
2015-10-07 20:11:09+00:00,55.4495,8.471167,0.0,111.0,303.0,5,1444248669
2015-10-08 00:05:15+00:00,55.4495,8.471167,0.0,111.0,232.0,5,1444262715
2015-10-08 00:05:15+00:00,55.4495,8.471167,0.0,111.0,232.0,5,1444262715
2015-10-08 01:08:15+00:00,55.44967,8.471167,0.0,111.0,94.0,5,1444266495
2015-10-08 02:11:20+00:00,55.44967,8.471167,0.0,111.0,129.0,5,1444270280
2015-10-08 04:17:23+00:00,55.4495,8.471167,0.0,111.0,333.0,5,1444277843
2015-10-08 04:17:23+00:00,55.4495,8.471167,0.0,111.0,333.0,5,1444277843
2015-10-08 05:20:23+00:00,55.44967,8.471,0.0,111.0,95.0,5,1444281623
2015-10-08 05:20:23+00:00,55.44967,8.471,0.0,111.0,95.0,5,1444281623
2015-10-09 03:03:03+00:00,55.4495,8.471167,0.0,111.0,27.0,5,1444359783
2015-10-09 03:03:03+00:00,55.4495,8.471167,0.0,111.0,27.0,5,1444359783
2015-10-09 04:06:08+00:00,55.44967,8.471,0.0,111.0,279.0,5,1444363568
2015-10-09 04:06:08+00:00,55.44967,8.471,0.0,111.0,279.0,5,1444363568
2015-10-19 21:10:11+00:00,55.4495,8.471167,0.0,111.0,115.0,5,1445289011
2015-10-20 03:07:41+00:00,55.4495,8.471167,0.0,111.0,253.0,5,1445310461
2015-10-20 10:59:41+00:00,55.4495,8.471167,0.0,111.0,180.0,5,1445338781
2015-10-20 19:08:12+00:00,55.4495,8.471167,0.0,111.0,35.0,5,1445368092
2015-10-20 23:20:20+00:00,55.4495,8.471,0.0,111.0,3.0,5,1445383220
2015-10-20 23:20:20+00:00,55.4495,8.471,0.0,111.0,3.0,5,1445383220
2015-10-27 18:05:52+00:00,55.45016,8.468667,0.0,111.0,169.0,5,1445969152
2015-10-27 23:00:01+00:00,55.45016,8.4685,0.0,111.0,263.0,5,1445986801
2015-10-28 02:09:06+00:00,55.45016,8.4685,0.0,111.0,56.0,5,1445998146
2015-10-28 05:18:13+00:00,55.45016,8.4685,0.0,111.0,227.0,5,1446009493
2015-10-28 08:03:18+00:00,55.45016,8.4685,0.0,111.0,70.0,5,1446019398
2015-10-28 11:12:24+00:00,55.45016,8.4685,0.0,111.0,241.0,5,1446030744
2015-10-28 13:18:28+00:00,55.45016,8.4685,0.0,111.0,17.0,5,1446038308
2015-10-28 15:03:32+00:00,55.45016,8.4685,0.0,111.0,45.0,5,1446044612
2015-10-28 18:15:37+00:00,55.45016,8.468667,0.0,111.0,1.0,5,1446056137
2015-10-28 23:09:48+00:00,55.45016,8.4685,0.0,111.0,316.0,5,1446073788
2015-10-29 03:00:54+00:00,55.45016,8.4685,0.0,111.0,82.0,5,1446087654
2015-10-29 03:00:54+00:00,55.45016,8.4685,0.0,111.0,82.0,5,1446087654
2015-10-29 07:13:01+00:00,55.45016,8.4685,0.0,111.0,198.0,5,1446102781
2015-10-29 10:01:07+00:00,55.45016,8.4685,0.0,111.0,266.0,5,1446112867
2015-10-29 14:13:14+00:00,55.45016,8.4685,0.0,111.0,231.0,5,1446127994
2015-10-29 17:01:19+00:00,55.45016,8.4685,0.0,111.0,144.0,5,1446138079
2015-11-05 02:17:10+00:00,55.45016,8.4685,0.0,111.0,170.0,0,1446689830
2015-11-05 07:11:48+00:00,55.45016,8.4685,0.0,111.0,5.0,5,1446707508
2015-11-05 11:02:57+00:00,55.45016,8.4685,0.0,111.0,319.0,5,1446721377
2015-11-05 11:02:57+00:00,55.45016,8.4685,0.0,111.0,319.0,5,1446721377
2015-11-05 15:15:05+00:00,55.45016,8.4685,0.0,111.0,107.0,5,1446736505
2015-11-06 01:09:25+00:00,55.45016,8.4685,0.0,111.0,173.0,5,1446772165
2015-11-06 01:09:25+00:00,55.45016,8.4685,0.0,111.0,173.0,5,1446772165
2015-11-06 03:15:30+00:00,55.45016,8.4685,0.0,111.0,238.0,5,1446779730
2015-11-06 05:03:32+00:00,55.45016,8.468667,0.0,111.0,347.0,5,1446786212
2015-11-06 06:06:33+00:00,55.45016,8.4685,0.0,111.0,259.0,5,1446789993
2015-11-06 06:06:33+00:00,55.45016,8.4685,0.0,111.0,259.0,5,1446789993
2015-11-06 07:10:15+00:00,55.45016,8.4685,0.0,111.0,221.0,5,1446793815
2015-11-06 16:19:33+00:00,55.45016,8.468667,0.0,111.0,0.0,5,1446826773
2015-11-06 16:19:33+00:00,55.45016,8.468667,0.0,111.0,0.0,5,1446826773
2015-12-02 07:05:03+00:00,55.44967,8.471167,0.0,111.0,234.0,5,1449039903
2015-12-02 20:05:29+00:00,55.4495,8.471167,0.0,111.0,226.0,5,1449086729
2015-12-02 21:11:31+00:00,55.44967,8.471167,0.0,111.0,115.0,5,1449090691
2015-12-02 23:26:33+00:00,55.44967,8.471167,0.0,111.0,278.0,5,1449098793
2015-12-03 02:17:39+00:00,55.4495,8.471167,0.0,111.0,282.0,5,1449109059
2015-12-03 15:00:05+00:00,55.4495,8.471167,0.0,111.0,93.0,5,1449154805
2015-12-03 18:09:12+00:00,55.4495,8.471167,0.0,111.0,76.0,5,1449166152
2015-12-03 21:18:16+00:00,55.4495,8.471167,0.0,111.0,244.0,5,1449177496
2015-12-03 22:00:17+00:00,55.44967,8.471167,0.0,111.0,79.0,5,1449180017
2015-12-04 04:00:29+00:00,55.4495,8.471167,0.0,111.0,29.0,5,1449201629
2015-12-04 14:05:58+00:00,55.4495,8.471167,0.0,111.0,348.0,5,1449237958
2015-12-04 18:00:07+00:00,55.4495,8.471167,0.0,111.0,174.0,5,1449252007
2015-12-05 00:03:19+00:00,55.4495,8.471,0.0,111.0,138.0,5,1449273799
2015-12-05 01:06:18+00:00,55.4495,8.471,0.0,111.0,317.0,5,1449277578
2015-12-05 07:20:06+00:00,55.4495,8.471,0.0,111.0,330.0,5,1449300006
2015-12-05 16:11:20+00:00,55.44967,8.471,0.0,111.0,205.0,5,1449331880
2015-12-05 18:17:24+00:00,55.4495,8.471167,0.0,111.0,58.0,5,1449339444
2015-12-06 00:09:02+00:00,55.4495,8.471167,0.0,111.0,273.0,5,1449360542
2015-12-06 09:15:53+00:00,55.4495,8.471167,0.0,111.0,277.0,5,1449393353
2015-12-06 11:00:56+00:00,55.4495,8.471167,0.0,111.0,234.0,5,1449399656
2015-12-06 12:03:59+00:00,55.44967,8.471167,0.0,111.0,310.0,5,1449403439
2015-12-06 13:07:00+00:00,55.44967,8.471167,0.0,111.0,337.0,5,1449407220
2015-12-07 04:16:32+00:00,55.44967,8.471167,0.0,111.0,204.0,5,1449461792
2015-12-07 08:10:39+00:00,55.44967,8.471167,0.0,111.0,344.0,5,1449475839
2015-12-07 11:19:42+00:00,55.44952,8.471211,0.0,112.0,92.0,5,1449487182
2015-12-07 12:01:43+00:00,55.44956,8.47118,0.0,111.0,104.0,5,1449489703
2015-12-07 13:04:48+00:00,55.44957,8.471184,0.0,112.0,95.0,5,1449493488
2015-12-07 14:07:47+00:00,55.44957,8.47124,0.0,112.0,117.0,5,1449497267
2015-12-07 15:13:48+00:00,55.4495,8.47126,0.0,112.0,82.0,5,1449501228
2015-12-07 16:16:54+00:00,55.44954,8.471155,0.0,112.0,94.0,5,1449505014
2015-12-07 17:01:52+00:00,55.44949,8.471131,0.0,112.0,107.0,5,1449507712
2015-12-07 18:04:56+00:00,55.44954,8.471173,0.0,112.0,81.0,5,1449511496
2015-12-07 19:07:56+00:00,55.44953,8.471262,0.0,112.0,97.0,5,1449515276
2015-12-07 20:11:01+00:00,55.44958,8.471107,0.0,112.0,46.0,5,1449519061
2015-12-07 21:14:01+00:00,55.4496,8.471213,0.0,112.0,32.0,5,1449522841
2015-12-07 22:17:05+00:00,55.44954,8.470945,0.0,112.0,53.0,5,1449526625
2015-12-07 23:20:05+00:00,55.4495,8.471167,0.0,112.0,285.0,5,1449530405
2015-12-28 23:12:02+00:00,55.4495,8.471167,0.0,111.0,146.0,5,1451344322
2015-12-29 08:00:20+00:00,55.4495,8.471167,0.0,111.0,343.0,5,1451376020
2015-12-29 13:18:31+00:00,55.44967,8.471,0.0,111.0,80.0,5,1451395111
2015-12-29 19:12:43+00:00,55.4495,8.471167,0.0,111.0,113.0,5,1451416363
2015-12-30 01:00:54+00:00,55.44967,8.471,0.0,111.0,247.0,5,1451437254
2015-12-30 09:01:09+00:00,55.4495,8.471167,0.0,111.0,19.0,5,1451466069
2015-12-30 10:04:08+00:00,55.4495,8.471167,0.0,111.0,170.0,5,1451469848
2015-12-30 18:16:23+00:00,55.4495,8.471,0.0,111.0,123.0,5,1451499383
2015-12-30 22:19:32+00:00,55.4495,8.471167,0.0,111.0,342.0,5,1451513972
2015-12-30 23:01:34+00:00,55.4495,8.471167,0.0,111.0,262.0,5,1451516494
2015-12-31 00:04:33+00:00,55.4495,8.471167,0.0,111.0,344.0,5,1451520273
2015-12-31 05:19:46+00:00,55.44967,8.471167,0.0,111.0,231.0,5,1451539186
2015-12-31 07:04:47+00:00,55.4495,8.471167,0.0,111.0,187.0,5,1451545487
2015-12-31 10:19:57+00:00,55.4495,8.471167,0.0,111.0,80.0,5,1451557197
2015-12-31 14:20:04+00:00,55.4495,8.471167,0.0,111.0,25.0,5,1451571604
2015-12-31 16:20:09+00:00,55.4495,8.471167,0.0,111.0,59.0,5,1451578809
2015-12-31 20:14:16+00:00,55.44967,8.471167,0.0,111.0,269.0,5,1451592856
2015-12-31 22:08:20+00:00,55.4495,8.471167,0.0,111.0,114.0,5,1451599700
2015-12-31 23:11:18+00:00,55.4495,8.471167,0.0,111.0,315.0,5,1451603478
2016-01-01 00:14:24+00:00,55.4495,8.471167,0.0,111.0,133.0,5,1451607264
2016-01-01 01:17:23+00:00,55.4495,8.471167,0.0,111.0,108.0,5,1451611043
2016-01-01 12:08:47+00:00,55.4495,8.471167,0.0,111.0,261.0,5,1451650127
2016-01-01 14:08:52+00:00,55.4495,8.471167,0.0,111.0,345.0,5,1451657332
2016-01-01 15:20:54+00:00,55.4495,8.471167,0.0,111.0,62.0,5,1451661654
2016-01-01 20:09:02+00:00,55.4495,8.471167,0.0,111.0,246.0,5,1451678942
2016-01-01 23:18:04+00:00,55.44967,8.471167,0.0,111.0,17.0,5,1451690284
2016-01-02 04:03:17+00:00,55.4495,8.471167,0.0,111.0,34.0,5,1451707397
2016-01-02 23:03:08+00:00,55.44967,8.471167,0.0,111.0,300.0,5,1451775788
2016-01-03 12:11:14+00:00,55.4495,8.471,0.0,111.0,325.0,5,1451823074
2016-01-03 15:02:19+00:00,55.44967,8.471,0.0,111.0,162.0,5,1451833339
2016-01-04 02:05:41+00:00,55.44967,8.471167,0.0,111.0,21.0,5,1451873141
2016-01-04 03:08:41+00:00,55.4495,8.471,0.0,111.0,283.0,5,1451876921
2016-01-04 04:02:42+00:00,55.44967,8.471167,0.0,111.0,305.0,5,1451880162
2016-01-04 06:08:46+00:00,55.4495,8.471167,0.0,111.0,96.0,5,1451887726
2016-01-04 20:13:51+00:00,55.4495,8.471167,0.0,111.0,256.0,5,1451938431
2016-01-05 00:07:58+00:00,55.4495,8.471167,0.0,111.0,212.0,5,1451952478
2016-01-05 02:14:01+00:00,55.44967,8.471334,0.0,111.0,355.0,5,1451960041
2016-01-05 03:17:03+00:00,55.4495,8.471167,0.0,111.0,245.0,5,1451963823
2016-01-05 06:05:09+00:00,55.44967,8.471334,0.0,111.0,151.0,5,1451973909
2016-01-05 10:10:46+00:00,55.44967,8.471167,0.0,111.0,118.0,5,1451988646
2016-01-05 21:15:49+00:00,55.44967,8.471167,0.0,111.0,186.0,5,1452028549
2016-01-05 23:03:53+00:00,55.44967,8.471167,0.0,111.0,57.0,5,1452035033
2016-01-06 02:15:59+00:00,55.44967,8.471167,0.0,111.0,226.0,5,1452046559
2016-01-15 21:13:31+00:00,55.45016,8.4685,0.0,111.0,351.0,5,1452892411
2016-01-16 01:04:36+00:00,55.45016,8.4685,0.0,111.0,87.0,5,1452906276
2016-01-16 05:16:46+00:00,55.45016,8.468667,0.0,111.0,146.0,5,1452921406
2016-01-16 09:07:53+00:00,55.45016,8.4685,0.0,111.0,10.0,5,1452935273
2016-01-16 10:10:55+00:00,55.45,8.468833,0.0,111.0,357.0,5,1452939055
2016-01-16 17:11:08+00:00,55.45016,8.4685,0.0,111.0,215.0,5,1452964268
2016-01-16 21:02:50+00:00,55.45016,8.4685,0.0,111.0,43.0,5,1452978170
2016-01-17 04:16:56+00:00,55.45016,8.4685,0.0,111.0,124.0,5,1453004216
2016-01-17 05:19:56+00:00,55.45016,8.4685,0.0,111.0,46.0,5,1453007996
2016-02-05 17:11:49+00:00,55.45016,8.4685,0.0,111.0,285.0,0,1454692309
2016-02-05 20:00:57+00:00,55.45016,8.4685,0.0,111.0,202.0,5,1454702457
2016-02-05 21:03:59+00:00,55.45016,8.4685,0.0,111.0,9.0,5,1454706239
2016-02-05 22:07:01+00:00,55.45016,8.4685,0.0,111.0,109.0,5,1454710021
2016-02-05 23:10:03+00:00,55.45016,8.468667,0.0,111.0,71.0,5,1454713803
2016-02-06 00:13:05+00:00,55.45016,8.4685,0.0,111.0,94.0,5,1454717585
2016-02-06 01:16:06+00:00,55.45016,8.4685,0.0,111.0,156.0,5,1454721366
2016-02-06 05:07:15+00:00,55.45016,8.4685,0.0,111.0,340.0,5,1454735235
2016-02-06 06:10:15+00:00,55.45016,8.4685,0.0,111.0,49.0,5,1454739015
2016-02-06 09:19:24+00:00,55.45016,8.4685,0.0,111.0,99.0,5,1454750364
2016-02-06 10:01:25+00:00,55.45016,8.4685,0.0,111.0,270.0,5,1454752885
2016-02-06 13:10:30+00:00,55.45016,8.4685,0.0,111.0,99.0,5,1454764230
2016-02-06 14:13:34+00:00,55.45016,8.4685,0.0,111.0,199.0,5,1454768014
2016-02-06 18:04:38+00:00,55.45016,8.4685,0.0,111.0,7.0,5,1454781878
2016-02-06 19:07:43+00:00,55.45016,8.4685,0.0,111.0,148.0,5,1454785663
2016-02-06 22:16:47+00:00,55.45016,8.4685,0.0,111.0,28.0,5,1454797007
2016-02-07 02:07:56+00:00,55.45016,8.4685,0.0,111.0,310.0,5,1454810876
2016-02-07 06:20:05+00:00,55.45016,8.4685,0.0,111.0,291.0,5,1454826005
2016-02-07 11:14:14+00:00,55.45016,8.4685,0.0,111.0,102.0,5,1454843654
2016-02-07 14:02:20+00:00,55.45016,8.4685,0.0,111.0,57.0,5,1454853740
2016-02-07 15:05:21+00:00,55.45016,8.4685,0.0,111.0,333.0,5,1454857521
2016-02-07 18:14:28+00:00,55.45016,8.4685,0.0,111.0,332.0,5,1454868868
2016-02-07 22:05:34+00:00,55.45016,8.4685,0.0,111.0,85.0,5,1454882734
2016-02-08 00:11:39+00:00,55.45016,8.4685,0.0,111.0,245.0,5,1454890299
2016-02-08 03:02:43+00:00,55.45016,8.4685,0.0,111.0,161.0,5,1454900563
2016-02-08 05:08:47+00:00,55.45016,8.4685,0.0,111.0,168.0,5,1454908127
2016-02-08 07:14:50+00:00,55.45016,8.4685,0.0,111.0,137.0,5,1454915690
2016-02-08 12:09:00+00:00,55.45016,8.4685,0.0,111.0,119.0,5,1454933340
2016-02-08 20:14:55+00:00,55.45016,8.4685,0.0,111.0,304.0,5,1454962495
2016-02-08 23:03:00+00:00,55.45016,8.468667,0.0,111.0,121.0,5,1454972580
2016-02-09 00:06:05+00:00,55.45016,8.4685,0.0,111.0,73.0,5,1454976365
2016-02-09 01:09:04+00:00,55.45016,8.4685,0.0,111.0,134.0,5,1454980144
2016-02-09 03:15:09+00:00,55.45016,8.4685,0.0,111.0,188.0,5,1454987709
2016-02-09 04:18:12+00:00,55.45016,8.4685,0.0,111.0,123.0,5,1454991492
2016-02-09 07:12:19+00:00,55.45016,8.4685,0.0,111.0,152.0,5,1455001939
2016-02-09 12:06:28+00:00,55.45016,8.4685,0.0,111.0,291.0,5,1455019588
2016-02-09 19:12:40+00:00,55.45016,8.4685,0.0,111.0,352.0,5,1455045160
2016-02-09 22:00:48+00:00,55.45016,8.4685,0.0,111.0,264.0,5,1455055248
2016-02-10 05:03:57+00:00,55.45016,8.4685,0.0,111.0,92.0,5,1455080637
2016-02-10 12:04:10+00:00,55.45016,8.4685,0.0,111.0,329.0,5,1455105850
2016-02-10 13:07:15+00:00,55.45016,8.4685,0.0,111.0,131.0,5,1455109635
2016-02-10 14:10:14+00:00,55.45016,8.4685,0.0,111.0,258.0,5,1455113414
2016-02-10 15:16:17+00:00,55.45016,8.4685,0.0,111.0,288.0,5,1455117377
2016-02-10 16:19:20+00:00,55.45016,8.4685,0.0,111.0,310.0,5,1455121160
2016-02-10 17:01:22+00:00,55.45016,8.4685,0.0,111.0,50.0,5,1455123682
2016-02-10 18:04:22+00:00,55.45016,8.4685,0.0,111.0,235.0,5,1455127462
2016-02-10 23:19:33+00:00,55.45016,8.4685,0.0,111.0,237.0,5,1455146373
2016-02-11 00:01:35+00:00,55.45016,8.4685,0.0,111.0,82.0,5,1455148895
2016-02-11 04:13:42+00:00,55.45016,8.4685,0.0,111.0,5.0,5,1455164022
2016-02-11 05:16:43+00:00,55.45016,8.4685,0.0,111.0,260.0,5,1455167803
2016-02-11 06:19:46+00:00,55.45016,8.4685,0.0,111.0,359.0,5,1455171586
2016-02-11 07:01:47+00:00,55.45016,8.4685,0.0,111.0,5.0,5,1455174107
2016-02-11 13:01:58+00:00,55.45016,8.4685,0.0,111.0,63.0,5,1455195718
2016-02-11 21:05:14+00:00,55.45016,8.4685,0.0,111.0,86.0,5,1455224714
2016-02-12 00:14:22+00:00,55.45016,8.4685,0.0,111.0,197.0,5,1455236062
2016-02-12 02:20:23+00:00,55.45016,8.4685,0.0,111.0,346.0,5,1455243623
2016-02-12 03:02:24+00:00,55.45016,8.4685,0.0,111.0,9.0,5,1455246144
2016-02-20 07:17:37+00:00,55.4495,8.471167,0.0,111.0,356.0,5,1455952657
2016-02-20 08:20:42+00:00,55.4495,8.471167,0.0,111.0,252.0,5,1455956442
2016-02-20 16:05:55+00:00,55.44967,8.471,0.0,111.0,113.0,5,1455984355
2016-02-20 18:11:58+00:00,55.4495,8.471167,0.0,111.0,326.0,5,1455991918
2016-02-20 19:15:01+00:00,55.44967,8.471,0.0,111.0,75.0,5,1455995701
2016-02-20 21:03:07+00:00,55.44967,8.471167,0.0,111.0,320.0,5,1456002187
2016-02-20 22:09:10+00:00,55.44967,8.471167,0.0,111.0,132.0,5,1456006150
2016-02-21 04:15:21+00:00,55.4495,8.471167,0.0,111.0,70.0,5,1456028121
2016-02-21 12:09:37+00:00,55.44967,8.471167,0.0,111.0,326.0,5,1456056577
2016-02-21 14:09:41+00:00,55.44967,8.471167,0.0,111.0,162.0,5,1456063781
2016-02-21 15:21:41+00:00,55.44967,8.471167,0.0,112.0,328.0,5,1456068101
2016-02-21 16:09:43+00:00,55.44967,8.471,0.0,111.0,299.0,5,1456070983
2016-02-21 19:15:48+00:00,55.44967,8.471167,0.0,111.0,311.0,5,1456082148
2016-02-22 03:16:08+00:00,55.4495,8.471167,0.0,111.0,56.0,5,1456110968
2016-02-22 09:08:31+00:00,55.4495,8.471167,0.0,112.0,109.0,5,1456132111
2016-02-22 11:14:35+00:00,55.4495,8.471167,0.0,112.0,142.0,5,1456139675
2016-02-22 15:05:41+00:00,55.44967,8.471167,0.0,112.0,21.0,5,1456153541
2016-02-22 23:08:57+00:00,55.44967,8.471,0.0,112.0,128.0,5,1456182537
2016-02-23 00:12:00+00:00,55.4495,8.471167,0.0,111.0,77.0,5,1456186320
2016-02-23 07:15:13+00:00,55.44967,8.471,0.0,112.0,254.0,5,1456211713
2016-02-23 08:18:17+00:00,55.4495,8.471,0.0,111.0,51.0,5,1456215497
2016-02-23 12:09:21+00:00,55.4495,8.471167,0.0,111.0,180.0,5,1456229361
2016-02-23 14:15:25+00:00,55.4495,8.471167,0.0,112.0,19.0,5,1456236925
2016-02-23 17:03:30+00:00,55.44967,8.471167,0.0,111.0,145.0,5,1456247010
2016-02-23 18:06:35+00:00,55.4495,8.471167,0.0,111.0,140.0,5,1456250795
2016-02-23 19:09:34+00:00,55.4495,8.471167,0.0,111.0,266.0,5,1456254574
2016-02-23 23:12:45+00:00,55.44967,8.471167,0.0,112.0,190.0,5,1456269165
2016-02-24 04:12:55+00:00,55.4495,8.471167,0.0,112.0,77.0,5,1456287175
2016-02-24 06:06:58+00:00,55.44967,8.471167,0.0,111.0,140.0,5,1456294018
2016-02-24 08:15:58+00:00,55.44967,8.471167,0.0,111.0,99.0,5,1456301758
2016-02-24 11:16:04+00:00,55.4495,8.471167,0.0,112.0,65.0,5,1456312564
2016-02-24 19:01:22+00:00,55.44967,8.471,0.0,111.0,335.0,5,1456340482
2016-02-24 22:16:24+00:00,55.44967,8.471167,0.0,111.0,101.0,5,1456352184
2016-02-25 01:16:29+00:00,55.4495,8.471167,0.0,111.0,171.0,5,1456362989
2016-02-25 12:13:56+00:00,55.44967,8.471167,0.0,111.0,1.0,5,1456402436
2016-02-25 16:08:04+00:00,55.44967,8.471167,0.0,111.0,255.0,5,1456416484
2016-02-25 17:20:06+00:00,55.44983,8.471167,0.0,111.0,136.0,5,1456420806
2016-02-25 22:02:16+00:00,55.4495,8.471167,0.0,112.0,75.0,5,1456437736
2016-02-26 05:20:27+00:00,55.4495,8.471167,0.0,112.0,220.0,5,1456464027
2016-02-26 06:08:30+00:00,55.4495,8.471167,0.0,112.0,47.0,5,1456466910
2016-02-26 09:20:36+00:00,55.4495,8.471167,0.0,112.0,294.0,5,1456478436
2016-02-26 14:15:27+00:00,55.4495,8.471167,0.0,112.0,17.0,5,1456496127
2016-02-26 17:06:02+00:00,55.44967,8.471167,0.0,110.0,33.0,5,1456506362
2016-03-03 11:11:53+00:00,55.4495,8.471167,0.0,112.0,171.0,5,1457003513
2016-03-03 17:15:07+00:00,55.44967,8.471167,0.0,112.0,20.0,5,1457025307
2016-03-03 20:03:12+00:00,55.44967,8.471167,0.0,112.0,64.0,5,1457035392
2016-03-03 21:06:11+00:00,55.44967,8.471167,0.0,112.0,285.0,5,1457039171
2016-03-03 22:09:15+00:00,55.44967,8.471167,0.0,112.0,243.0,5,1457042955
2016-03-04 01:18:19+00:00,55.44967,8.471167,0.0,112.0,47.0,5,1457054299
2016-03-08 13:00:26+00:00,55.44983,8.465667,0.0,112.0,176.0,0,1457442026
2016-03-08 16:05:54+00:00,55.45016,8.468667,0.0,112.0,19.0,5,1457453154
2016-03-08 18:11:58+00:00,55.45016,8.4685,0.0,112.0,35.0,5,1457460718
2016-03-08 20:18:03+00:00,55.45016,8.4685,0.0,112.0,113.0,5,1457468283
2016-03-09 03:00:17+00:00,55.45016,8.4685,0.0,112.0,127.0,5,1457492417
2016-03-09 05:15:22+00:00,55.45016,8.4685,0.0,112.0,266.0,5,1457500522
2016-03-09 08:20:04+00:00,55.45016,8.4685,0.0,112.0,276.0,0,1457511604
2016-03-13 18:01:03+00:00,55.45016,8.4685,0.0,112.0,189.0,5,1457892063
2016-03-13 19:04:05+00:00,55.45016,8.4685,0.0,112.0,330.0,5,1457895845
2016-03-14 04:10:21+00:00,55.45016,8.4685,0.0,111.0,122.0,5,1457928621
2016-03-14 05:13:24+00:00,55.45016,8.4685,0.0,112.0,90.0,5,1457932404
2016-03-18 20:14:51+00:00,55.4495,8.471167,0.0,111.0,17.0,5,1458332091
2016-03-18 23:02:59+00:00,55.44967,8.471167,0.0,111.0,113.0,5,1458342179
2016-03-19 08:12:16+00:00,55.4495,8.471167,0.0,111.0,230.0,5,1458375136
2016-03-19 14:21:30+00:00,55.44967,8.471167,0.0,111.0,9.0,5,1458397290
2016-03-19 15:03:33+00:00,55.4495,8.471167,0.0,111.0,39.0,5,1458399813
2016-03-19 16:12:30+00:00,55.44967,8.471167,0.0,111.0,60.0,5,1458403950
2016-03-19 18:03:39+00:00,55.4495,8.471167,0.0,111.0,78.0,5,1458410619
2016-03-19 19:15:41+00:00,55.44967,8.471167,0.0,111.0,56.0,5,1458414941
2016-03-19 22:15:46+00:00,55.44967,8.471,0.0,111.0,221.0,5,1458425746
2016-03-20 02:21:55+00:00,55.4495,8.471167,0.0,111.0,32.0,5,1458440515
2016-03-20 09:11:48+00:00,55.4495,8.471167,0.0,111.0,255.0,5,1458465108
2016-03-20 12:02:55+00:00,55.4495,8.471167,0.0,111.0,169.0,5,1458475375
2016-03-26 21:12:29+00:00,55.44967,8.471167,0.0,112.0,108.0,0,1459026749
2016-03-26 23:19:59+00:00,55.44967,8.471167,0.0,112.0,99.0,0,1459034399
2016-03-27 01:01:21+00:00,55.44967,8.471167,0.0,112.0,260.0,0,1459040481
2016-03-27 04:08:40+00:00,55.4495,8.471167,0.0,112.0,158.0,0,1459051720
2016-03-27 08:06:30+00:00,55.4495,8.471167,0.0,112.0,203.0,0,1459065990
2016-03-27 10:16:11+00:00,55.4495,8.471167,0.0,112.0,65.0,0,1459073771
2016-03-27 13:05:21+00:00,55.4495,8.471167,0.0,112.0,225.0,0,1459083921
2016-03-27 20:09:41+00:00,55.4495,8.471167,0.0,112.0,356.0,0,1459109381
2016-03-27 21:15:11+00:00,55.44967,8.471167,0.0,112.0,323.0,0,1459113311
2016-03-28 01:01:00+00:00,55.44967,8.471167,0.0,112.0,168.0,0,1459126860
2016-03-28 03:09:32+00:00,55.4495,8.471167,0.0,112.0,84.0,0,1459134572
2016-03-28 05:19:23+00:00,55.4495,8.471167,0.0,112.0,69.0,0,1459142363
2016-03-28 06:04:12+00:00,55.4495,8.471,0.0,112.0,62.0,0,1459145052
2016-03-28 08:04:22+00:00,55.4495,8.471167,0.0,112.0,229.0,0,1459152262
2016-03-28 09:09:53+00:00,55.4495,8.471167,0.0,112.0,110.0,0,1459156193
2016-03-28 12:05:33+00:00,55.44967,8.471,0.0,112.0,113.0,0,1459166733
2016-03-28 13:14:53+00:00,55.4495,8.471167,0.0,112.0,65.0,0,1459170893
2016-03-28 19:20:11+00:00,55.4495,8.471167,0.0,112.0,158.0,0,1459192811
2016-03-29 02:08:47+00:00,55.4495,8.471167,0.0,111.0,170.0,5,1459217327
2016-03-29 12:00:04+00:00,55.4495,8.471167,0.0,112.0,267.0,5,1459252804
2016-03-29 14:06:10+00:00,55.44967,8.471167,0.0,111.0,70.0,5,1459260370
2016-03-29 15:09:13+00:00,55.44967,8.471167,0.0,112.0,107.0,5,1459264153
2016-03-29 16:12:14+00:00,55.4495,8.471167,0.0,112.0,331.0,5,1459267934
2016-03-30 03:06:35+00:00,55.44967,8.471167,0.0,112.0,114.0,5,1459307195
2016-03-30 15:00:57+00:00,55.44967,8.471167,0.0,112.0,300.0,5,1459350057
2016-03-31 02:16:18+00:00,55.44967,8.471,0.0,112.0,10.0,5,1459390578
2016-04-05 05:15:49+00:00,55.45016,8.4685,0.0,112.0,335.0,5,1459833349
2016-04-05 06:18:50+00:00,55.45016,8.4685,0.0,111.0,0.0,5,1459837130
2016-04-05 07:00:52+00:00,55.45016,8.4685,0.0,111.0,206.0,5,1459839652
2016-04-05 09:06:56+00:00,55.45016,8.4685,0.0,111.0,333.0,5,1459847216
2016-04-05 12:16:01+00:00,55.45016,8.4685,0.0,111.0,189.0,5,1459858561
2016-04-05 14:01:04+00:00,55.45016,8.4685,0.0,111.0,72.0,5,1459864864
2016-04-05 15:04:06+00:00,55.45016,8.4685,0.0,111.0,277.0,5,1459868646
2016-04-05 16:07:08+00:00,55.45016,8.4685,0.0,111.0,111.0,5,1459872428
2016-04-05 17:10:10+00:00,55.45016,8.4685,0.0,111.0,30.0,5,1459876210
2016-04-05 18:13:12+00:00,55.45016,8.4685,0.0,111.0,325.0,5,1459879992
2016-04-11 23:04:29+00:00,55.45016,8.4685,0.0,112.0,312.0,0,1460415869
2016-04-12 01:16:10+00:00,55.45016,8.4685,0.0,112.0,23.0,0,1460423770
2016-04-12 02:21:59+00:00,55.45016,8.4685,0.0,112.0,53.0,0,1460427719
2016-04-12 06:03:10+00:00,55.45016,8.468667,0.0,112.0,277.0,0,1460440990
2016-04-12 08:17:58+00:00,55.45016,8.4685,0.0,112.0,307.0,0,1460449078
2016-04-12 11:16:09+00:00,55.45016,8.4685,0.0,112.0,184.0,0,1460459769
2016-04-12 14:16:30+00:00,55.45016,8.4685,0.0,112.0,185.0,0,1460470590
2016-04-12 17:09:00+00:00,55.45016,8.4685,0.0,112.0,36.0,0,1460480940
2016-04-12 20:00:20+00:00,55.45016,8.4685,0.0,112.0,251.0,0,1460491220
2016-04-18 23:17:30+00:00,55.4495,8.471167,0.0,112.0,272.0,5,1461021450
2016-04-19 02:08:35+00:00,55.4495,8.471167,0.0,112.0,64.0,5,1461031715
2016-04-19 04:20:39+00:00,55.4495,8.471167,0.0,112.0,85.0,5,1461039639
2016-04-19 05:02:40+00:00,55.4495,8.471,0.0,112.0,66.0,5,1461042160
2016-04-19 06:05:43+00:00,55.4495,8.471167,0.0,112.0,318.0,5,1461045943
2016-04-19 07:08:45+00:00,55.4495,8.471167,0.0,112.0,344.0,5,1461049725
2016-04-19 08:11:46+00:00,55.4495,8.471167,0.0,112.0,308.0,5,1461053506
2016-04-19 09:14:49+00:00,55.44967,8.471167,0.0,112.0,228.0,5,1461057289
2016-04-19 10:17:50+00:00,55.4495,8.471167,0.0,112.0,230.0,5,1461061070
2016-04-19 16:23:59+00:00,55.4495,8.471,0.0,112.0,24.0,5,1461083039
2016-04-19 21:00:08+00:00,55.4495,8.471167,0.0,112.0,61.0,5,1461099608
2016-04-19 23:15:18+00:00,55.4495,8.471167,0.0,112.0,89.0,5,1461107718
2016-04-20 03:09:26+00:00,55.4495,8.471167,0.0,112.0,330.0,5,1461121766
2016-04-20 06:13:37+00:00,55.44967,8.471167,0.0,112.0,347.0,5,1461132817
2016-04-20 08:16:28+00:00,55.4495,8.471167,0.0,112.0,299.0,5,1461140188
2016-04-20 19:19:51+00:00,55.4495,8.471167,0.0,112.0,227.0,5,1461179991
2016-04-20 20:04:52+00:00,55.4495,8.471167,0.0,112.0,138.0,5,1461182692
2016-04-21 01:20:03+00:00,55.4495,8.471167,0.0,112.0,140.0,5,1461201603
2016-04-21 04:08:08+00:00,55.4495,8.471167,0.0,112.0,129.0,5,1461211688
2016-04-21 06:14:12+00:00,55.4495,8.471167,0.0,112.0,180.0,5,1461219252
2016-04-21 09:05:15+00:00,55.44967,8.471,0.0,112.0,142.0,5,1461229515
2016-04-27 18:03:51+00:00,55.45016,8.4685,0.0,112.0,29.0,5,1461780231
2016-04-27 19:06:52+00:00,55.45016,8.4685,0.0,112.0,36.0,5,1461784012
2016-04-27 21:12:55+00:00,55.45016,8.4685,0.0,112.0,18.0,5,1461791575
2016-04-28 01:04:03+00:00,55.45016,8.4685,0.0,112.0,262.0,5,1461805443
2016-04-28 02:07:05+00:00,55.45016,8.4685,0.0,112.0,59.0,5,1461809225
2016-04-28 05:19:11+00:00,55.45016,8.4685,0.0,112.0,93.0,5,1461820751
2016-04-28 07:04:14+00:00,55.45016,8.4685,0.0,112.0,276.0,5,1461827054
2016-04-28 11:16:23+00:00,55.45016,8.4685,0.0,112.0,139.0,5,1461842183
2016-04-28 12:19:25+00:00,55.45016,8.4685,0.0,112.0,303.0,5,1461845965
2016-04-28 13:01:27+00:00,55.45016,8.4685,0.0,112.0,353.0,5,1461848487
2016-04-28 19:19:39+00:00,55.45016,8.4685,0.0,112.0,154.0,5,1461871179
2016-04-28 20:01:41+00:00,55.45016,8.4685,0.0,112.0,182.0,5,1461873701
2016-04-28 21:04:42+00:00,55.45016,8.4685,0.0,112.0,104.0,5,1461877482
2016-04-29 03:05:48+00:00,55.45016,8.468667,0.0,112.0,20.0,5,1461899148
2016-04-29 06:16:58+00:00,55.45016,8.4685,0.0,112.0,41.0,5,1461910618
2016-04-29 10:08:08+00:00,55.45016,8.4685,0.0,112.0,15.0,5,1461924488
2016-04-29 15:02:18+00:00,55.45016,8.4685,0.0,112.0,70.0,5,1461942138
2016-04-29 19:05:23+00:00,55.45016,8.4685,0.0,112.0,62.0,5,1461956723
2016-05-06 02:00:01+00:00,55.45016,8.4685,0.0,111.0,121.0,5,1462500001
2016-05-06 03:03:04+00:00,55.45016,8.4685,0.0,111.0,186.0,5,1462503784
2016-05-06 07:15:13+00:00,55.45016,8.4685,0.0,112.0,254.0,5,1462518913
2016-05-06 12:09:22+00:00,55.45016,8.4685,0.0,111.0,318.0,5,1462536562
2016-05-06 13:12:22+00:00,55.45016,8.4685,0.0,111.0,130.0,5,1462540342
2016-05-06 14:18:23+00:00,55.45016,8.4685,0.0,111.0,215.0,5,1462544303
2016-05-06 19:12:32+00:00,55.45016,8.4685,0.0,111.0,52.0,5,1462561952
2016-05-07 06:15:56+00:00,55.45016,8.4685,0.0,111.0,301.0,5,1462601756
2016-05-07 11:04:06+00:00,55.45016,8.4685,0.0,112.0,68.0,5,1462619046
2016-05-07 13:04:10+00:00,55.45016,8.4685,0.0,111.0,115.0,5,1462626250
2016-05-07 16:16:16+00:00,55.45016,8.4685,0.0,111.0,256.0,5,1462637776
2016-05-07 18:04:20+00:00,55.45016,8.4685,0.0,111.0,41.0,5,1462644260
2016-05-08 02:16:36+00:00,55.45016,8.4685,0.0,111.0,187.0,5,1462673796
2016-05-08 05:07:38+00:00,55.45016,8.4685,0.0,111.0,254.0,5,1462684058
2016-05-08 08:16:46+00:00,55.45016,8.4685,0.0,111.0,86.0,5,1462695406
2016-05-08 14:13:56+00:00,55.45016,8.4685,0.0,112.0,293.0,5,1462716836
2016-05-08 15:16:59+00:00,55.45016,8.4685,0.0,112.0,25.0,5,1462720619
2016-05-09 03:17:23+00:00,55.45016,8.4685,0.0,112.0,295.0,5,1462763843
2016-05-09 04:20:26+00:00,55.45016,8.468667,0.0,112.0,233.0,5,1462767626
2016-05-09 08:11:32+00:00,55.45016,8.4685,0.0,112.0,326.0,5,1462781492
2016-05-09 11:20:39+00:00,55.45016,8.4685,0.0,112.0,56.0,5,1462792839
2016-05-09 21:08:00+00:00,55.45016,8.4685,0.0,112.0,358.0,5,1462828080
2016-05-10 02:05:08+00:00,55.45016,8.4685,0.0,112.0,8.0,5,1462845908
2016-05-10 06:20:19+00:00,55.45016,8.4685,0.0,112.0,46.0,5,1462861219
2016-05-10 08:05:19+00:00,55.45016,8.4685,0.0,112.0,345.0,5,1462867519
2016-05-10 09:08:25+00:00,55.45016,8.4685,0.0,112.0,123.0,5,1462871305
2016-05-10 10:14:27+00:00,55.45016,8.4685,0.0,112.0,111.0,5,1462875267
2016-05-11 01:05:53+00:00,55.45016,8.4685,0.0,112.0,54.0,5,1462928753
2016-05-19 21:10:55+00:00,55.45016,8.4685,0.0,112.0,26.0,5,1463692255
2016-05-19 22:13:57+00:00,55.45016,8.4685,0.0,112.0,65.0,5,1463696037
2016-05-20 00:20:01+00:00,55.45016,8.4685,0.0,112.0,301.0,5,1463703601
2016-05-20 10:08:20+00:00,55.45016,8.4685,0.0,112.0,49.0,5,1463738900
2016-05-20 11:11:22+00:00,55.45016,8.4685,0.0,112.0,213.0,5,1463742682
2016-05-20 15:02:29+00:00,55.45016,8.4685,0.0,112.0,320.0,5,1463756549
2016-05-22 19:05:14+00:00,55.45016,8.4685,0.0,111.0,19.0,0,1463943914
2016-05-22 22:16:04+00:00,55.45016,8.4685,0.0,111.0,277.0,0,1463955364
2016-05-23 01:19:03+00:00,55.45016,8.468667,0.0,111.0,8.0,0,1463966343
2016-05-23 13:00:56+00:00,55.45016,8.4685,0.0,112.0,140.0,5,1464008456
2016-05-23 14:03:55+00:00,55.45016,8.4685,0.0,112.0,97.0,5,1464012235
2016-05-23 15:07:00+00:00,55.45016,8.4685,0.0,112.0,321.0,5,1464016020
2016-05-23 21:04:09+00:00,55.45016,8.4685,0.0,112.0,104.0,5,1464037449
2016-05-24 00:13:17+00:00,55.45016,8.4685,0.0,112.0,291.0,5,1464048797
2016-05-24 02:19:21+00:00,55.45016,8.4685,0.0,112.0,257.0,5,1464056361
2016-05-24 03:01:22+00:00,55.45016,8.4685,0.0,112.0,155.0,5,1464058882
2016-05-24 17:16:47+00:00,55.45016,8.4685,0.0,112.0,204.0,5,1464110207
2016-05-24 18:19:51+00:00,55.45016,8.4685,0.0,112.0,66.0,5,1464113991
2016-05-24 20:04:52+00:00,55.45016,8.4685,0.0,111.0,284.0,5,1464120292
2016-05-24 21:07:56+00:00,55.45016,8.4685,0.0,111.0,129.0,5,1464124076
2016-05-25 01:20:03+00:00,55.45016,8.468667,0.0,111.0,24.0,5,1464139203
2016-05-25 03:05:06+00:00,55.45016,8.4685,0.0,111.0,14.0,5,1464145506
2016-05-25 06:14:14+00:00,55.45016,8.4685,0.0,111.0,43.0,5,1464156854
2016-05-25 10:05:20+00:00,55.45016,8.4685,0.0,111.0,53.0,5,1464170720
2016-05-25 11:08:23+00:00,55.45016,8.4685,0.0,111.0,222.0,5,1464174503
2016-05-25 13:14:27+00:00,55.45016,8.4685,0.0,111.0,227.0,5,1464182067
2016-05-25 16:02:34+00:00,55.45016,8.4685,0.0,111.0,345.0,5,1464192154
2016-05-25 18:11:35+00:00,55.45016,8.4685,0.0,111.0,317.0,5,1464199895
2016-05-25 20:08:42+00:00,55.45016,8.4685,0.0,111.0,43.0,5,1464206922
2016-05-26 04:20:58+00:00,55.45016,8.4685,0.0,111.0,42.0,5,1464236458
2016-05-26 08:21:06+00:00,55.45016,8.4685,0.0,112.0,157.0,5,1464250866
2016-05-26 10:18:04+00:00,55.45016,8.4685,0.0,112.0,196.0,5,1464257884
2016-05-26 14:15:18+00:00,55.45016,8.4685,0.0,112.0,177.0,5,1464272118
2016-05-26 15:03:20+00:00,55.45016,8.468667,0.0,112.0,218.0,5,1464275000
2016-05-26 18:15:27+00:00,55.45016,8.4685,0.0,112.0,12.0,5,1464286527
2016-05-26 19:03:29+00:00,55.45016,8.4685,0.0,112.0,144.0,5,1464289409
2016-05-27 09:12:51+00:00,55.45016,8.4685,0.0,112.0,243.0,5,1464340371
2016-05-27 11:09:58+00:00,55.45016,8.4685,0.0,112.0,36.0,5,1464347398
2016-05-27 12:12:57+00:00,55.45016,8.4685,0.0,112.0,66.0,5,1464351177
2016-05-27 13:16:02+00:00,55.45016,8.4685,0.0,112.0,306.0,5,1464354962
2016-05-27 17:13:06+00:00,55.45016,8.4685,0.0,111.0,4.0,5,1464369186
2016-05-27 20:04:15+00:00,55.45016,8.4685,0.0,111.0,344.0,5,1464379455
2016-05-27 21:07:14+00:00,55.45016,8.4685,0.0,111.0,82.0,5,1464383234
2016-05-28 07:19:34+00:00,55.45016,8.4685,0.0,111.0,151.0,5,1464419974
2016-05-28 08:01:36+00:00,55.45016,8.4685,0.0,111.0,208.0,5,1464422496
2016-05-28 16:04:51+00:00,55.45016,8.4685,0.0,111.0,222.0,5,1464451491
2016-05-28 20:36:48+00:00,55.45016,8.4685,0.0,111.0,137.0,5,1464467808
2016-05-28 23:15:57+00:00,55.44883,8.4675,0.0,113.0,119.0,5,1464477357
2016-05-29 00:03:58+00:00,55.45016,8.4685,0.0,112.0,281.0,5,1464480238
2016-05-29 02:09:35+00:00,55.45016,8.4685,0.0,111.0,70.0,5,1464487775
2016-05-29 03:12:37+00:00,55.45016,8.4685,0.0,111.0,162.0,5,1464491557
2016-05-29 07:09:45+00:00,55.45016,8.468667,0.0,111.0,62.0,5,1464505785
2016-05-29 08:12:47+00:00,55.45016,8.4685,0.0,111.0,3.0,5,1464509567
2016-05-29 11:03:51+00:00,55.45016,8.4685,0.0,111.0,82.0,5,1464519831
2016-05-30 07:10:32+00:00,55.45016,8.4685,0.0,111.0,228.0,0,1464592232
2016-05-31 01:13:54+00:00,55.4595,8.435833,0.0,3.0,299.0,5,1464657234
2016-05-31 02:16:56+00:00,55.4595,8.436,0.0,5.0,210.0,5,1464661016
2016-05-31 04:02:00+00:00,55.4595,8.435833,0.0,5.0,68.0,5,1464667320
2016-05-31 05:05:01+00:00,55.45933,8.435833,0.0,5.0,314.0,5,1464671101
2016-05-31 11:02:13+00:00,55.45933,8.436,0.0,4.0,193.0,5,1464692533
2016-05-31 15:17:21+00:00,55.4595,8.435833,0.0,4.0,12.0,5,1464707841
2016-06-01 00:08:37+00:00,55.4595,8.436,0.0,4.0,240.0,5,1464739717
2016-06-01 02:02:41+00:00,55.4595,8.436,0.0,4.0,7.0,5,1464746561
2016-06-01 06:02:49+00:00,55.4595,8.436,0.0,4.0,37.0,5,1464760969
2016-06-01 09:11:54+00:00,55.4595,8.436,0.0,4.0,160.0,5,1464772314
2016-06-01 10:17:56+00:00,55.45933,8.436,0.0,4.0,229.0,5,1464776276
2016-06-01 11:02:59+00:00,55.4595,8.436,0.0,4.0,295.0,5,1464778979
2016-06-01 17:12:09+00:00,55.4595,8.436,0.0,4.0,58.0,5,1464801129
2016-06-01 19:18:12+00:00,55.45933,8.436,0.0,4.0,240.0,5,1464808692
2016-06-01 20:00:13+00:00,55.4595,8.436,0.0,4.0,261.0,5,1464811213
2016-06-01 21:03:17+00:00,55.4595,8.436,0.0,4.0,205.0,5,1464814997
2016-06-02 06:12:33+00:00,55.4595,8.436,0.0,4.0,115.0,5,1464847953
2016-06-02 09:21:43+00:00,55.4595,8.436,0.0,4.0,298.0,5,1464859303
2016-06-02 12:09:48+00:00,55.4595,8.436,0.0,4.0,294.0,5,1464869388
2016-06-02 13:21:51+00:00,55.45933,8.436,0.0,4.0,326.0,5,1464873711
2016-06-02 14:09:52+00:00,55.4595,8.436,0.0,4.0,313.0,5,1464876592
2016-06-02 20:08:27+00:00,55.4595,8.436,0.0,4.0,128.0,5,1464898107
2016-06-02 23:16:11+00:00,55.4595,8.436,0.0,4.0,95.0,5,1464909371
2016-06-03 04:04:19+00:00,55.4595,8.436,0.0,4.0,298.0,5,1464926659
2016-06-03 09:16:29+00:00,55.4595,8.436,0.0,4.0,349.0,5,1464945389
2016-06-03 11:16:33+00:00,55.4595,8.436,0.0,4.0,159.0,5,1464952593
2016-06-03 13:16:36+00:00,55.4595,8.436,0.0,4.0,141.0,5,1464959796
2016-06-03 21:10:50+00:00,55.4595,8.435833,0.0,4.0,324.0,5,1464988250
2016-06-04 01:13:52+00:00,55.4595,8.436,0.0,4.0,140.0,5,1465002832
2016-06-04 05:11:06+00:00,55.45933,8.436,0.0,4.0,100.0,5,1465017066
2016-06-04 08:23:12+00:00,55.45933,8.436,0.0,4.0,42.0,5,1465028592
2016-06-04 09:11:13+00:00,55.45933,8.436,0.0,4.0,345.0,5,1465031473
2016-06-04 10:23:15+00:00,55.45933,8.436,0.0,4.0,116.0,5,1465035795
2016-06-04 12:23:19+00:00,55.45933,8.436,0.0,4.0,55.0,5,1465042999
2016-06-04 18:23:30+00:00,55.45933,8.436,0.0,4.0,182.0,5,1465064610
2016-06-04 19:11:32+00:00,55.45933,8.436,0.0,4.0,16.0,5,1465067492
2016-06-04 20:23:34+00:00,55.4595,8.436,0.0,4.0,228.0,5,1465071814
2016-06-05 00:17:42+00:00,55.45933,8.436,0.0,4.0,328.0,5,1465085862
2016-06-05 05:11:51+00:00,55.4595,8.436,0.0,4.0,85.0,5,1465103511
2016-06-05 10:06:00+00:00,55.4595,8.436,0.0,4.0,76.0,5,1465121160
2016-06-05 13:15:04+00:00,55.4595,8.436,0.0,4.0,20.0,5,1465132504
2016-06-05 17:06:14+00:00,55.45933,8.436,0.0,4.0,293.0,5,1465146374
2016-06-05 21:14:36+00:00,55.45016,8.4685,0.0,111.0,247.0,5,1465161276
2016-06-05 22:17:39+00:00,55.45016,8.4685,0.0,111.0,224.0,5,1465165059
2016-06-05 23:20:40+00:00,55.45016,8.4685,0.0,111.0,157.0,5,1465168840
2016-06-06 00:02:41+00:00,55.45016,8.4685,0.0,111.0,214.0,5,1465171361
2016-06-06 01:05:45+00:00,55.45016,8.4685,0.0,111.0,0.0,5,1465175145
2016-06-06 04:14:48+00:00,55.45016,8.4685,0.0,111.0,33.0,5,1465186488
2016-06-06 07:02:53+00:00,55.45016,8.4685,0.0,111.0,185.0,5,1465196573
2016-06-06 10:14:59+00:00,55.45016,8.4685,0.0,112.0,328.0,5,1465208099
2016-06-06 11:18:02+00:00,55.45016,8.4685,0.0,111.0,200.0,5,1465211882
2016-06-06 21:12:20+00:00,55.45016,8.4685,0.0,112.0,189.0,5,1465247540
2016-06-15 01:15:39+00:00,55.45016,8.4685,0.0,112.0,335.0,0,1465953339
2016-06-15 03:08:29+00:00,55.45016,8.4685,0.0,112.0,31.0,5,1465960109
2016-06-15 04:11:29+00:00,55.45016,8.4685,0.0,112.0,48.0,5,1465963889
2016-06-15 11:20:46+00:00,55.45016,8.4685,0.0,112.0,22.0,5,1465989646
2016-06-15 12:05:43+00:00,55.45016,8.4685,0.0,112.0,200.0,5,1465992343
2016-06-15 14:02:50+00:00,55.45016,8.4685,0.0,112.0,353.0,5,1465999370
2016-06-15 16:02:55+00:00,55.45016,8.4685,0.0,112.0,178.0,5,1466006575
2016-06-30 11:10:22+00:00,55.45016,8.468667,0.0,112.0,36.0,5,1467285022
2016-06-30 16:07:28+00:00,55.45016,8.4685,0.0,112.0,133.0,5,1467302848
2016-06-30 21:01:37+00:00,55.45016,8.4685,0.0,112.0,91.0,5,1467320497
2016-07-06 19:18:19+00:00,55.45016,8.4685,0.0,112.0,161.0,0,1467832699
2016-07-06 22:13:50+00:00,55.45016,8.4685,0.0,112.0,220.0,0,1467843230
2016-07-06 23:18:08+00:00,55.45016,8.4685,0.0,112.0,75.0,0,1467847088
2016-07-07 01:05:49+00:00,55.45016,8.4685,0.0,112.0,318.0,0,1467853549
2016-07-07 11:01:09+00:00,55.45016,8.4685,0.0,112.0,66.0,0,1467889269
2016-07-07 15:17:29+00:00,55.45016,8.4685,0.0,112.0,260.0,0,1467904649
2016-07-07 18:07:30+00:00,55.45016,8.4685,0.0,112.0,236.0,0,1467914850
2016-07-07 23:12:30+00:00,55.4595,8.436,0.0,4.0,85.0,0,1467933150
2016-07-08 00:21:50+00:00,55.4595,8.436,0.0,4.0,260.0,0,1467937310
2016-07-08 01:07:38+00:00,55.45933,8.436,0.0,4.0,223.0,0,1467940058
2016-07-08 03:14:10+00:00,55.45933,8.436,0.0,4.0,268.0,0,1467947650
2016-07-08 04:01:38+00:00,55.45933,8.436,0.0,4.0,193.0,0,1467950498
2016-07-08 06:08:39+00:00,55.4595,8.436,0.0,4.0,114.0,0,1467958119
2016-07-08 10:07:29+00:00,55.4595,8.436,0.0,4.0,171.0,0,1467972449
2016-07-08 13:20:19+00:00,55.4595,8.436,0.0,4.0,94.0,0,1467984019
2016-07-08 14:05:20+00:00,55.4595,8.436,0.0,4.0,127.0,0,1467986720
2016-07-08 22:03:35+00:00,55.4595,8.435833,0.0,4.0,214.0,5,1468015415
2016-07-09 01:12:41+00:00,55.4595,8.436,0.0,4.0,73.0,5,1468026761
2016-07-09 05:03:48+00:00,55.4595,8.436,0.0,4.0,288.0,5,1468040628
2016-07-09 07:09:52+00:00,55.45933,8.436,0.0,4.0,263.0,5,1468048192
2016-07-09 08:12:54+00:00,55.45933,8.436,0.0,4.0,291.0,5,1468051974
2016-07-09 09:15:55+00:00,55.45933,8.436,0.0,4.0,64.0,5,1468055755
2016-07-09 16:16:08+00:00,55.4595,8.436,0.0,4.0,181.0,5,1468080968
2016-07-09 18:01:13+00:00,55.4595,8.436,0.0,4.0,159.0,5,1468087273
2016-07-09 22:13:21+00:00,55.4595,8.436,0.0,4.0,109.0,5,1468102401
2016-07-09 23:19:23+00:00,55.45933,8.435833,0.0,4.0,23.0,5,1468106363
2016-07-10 01:19:27+00:00,55.45933,8.436,0.0,4.0,227.0,5,1468113567
2016-07-10 06:07:37+00:00,55.45933,8.436,0.0,4.0,49.0,5,1468130857
2016-07-10 09:19:44+00:00,55.4595,8.436,0.0,4.0,69.0,5,1468142384
2016-07-10 10:07:45+00:00,55.4595,8.436,0.0,4.0,195.0,5,1468145265
2016-07-10 13:16:48+00:00,55.45933,8.436,0.0,4.0,1.0,5,1468156608
2016-07-10 19:14:01+00:00,55.45933,8.436,0.0,4.0,37.0,5,1468178041
2016-07-10 20:17:04+00:00,55.45933,8.436,0.0,4.0,301.0,5,1468181824
2016-07-11 00:08:08+00:00,55.4595,8.436,0.0,4.0,80.0,5,1468195688
2016-07-11 02:23:16+00:00,55.4595,8.436,0.0,4.0,83.0,5,1468203796
2016-07-11 07:05:25+00:00,55.4595,8.435833,0.0,4.0,136.0,5,1468220725
2016-07-11 09:23:29+00:00,55.4595,8.436,0.0,4.0,147.0,5,1468229009
2016-07-11 11:17:32+00:00,55.4595,8.436,0.0,4.0,272.0,5,1468235852
2016-07-12 06:12:10+00:00,55.4595,8.436,0.0,4.0,293.0,5,1468303930
2016-07-12 07:00:11+00:00,55.4595,8.436,0.0,4.0,274.0,5,1468306811
2016-07-12 09:00:15+00:00,55.4595,8.436,0.0,4.0,326.0,5,1468314015
2016-07-12 18:06:33+00:00,55.4595,8.436,0.0,4.0,116.0,5,1468346793
2016-07-12 20:06:38+00:00,55.4595,8.436,0.0,4.0,62.0,5,1468353998
2016-07-13 07:12:27+00:00,55.45067,8.4725,0.0,243.0,175.0,5,1468393947
2016-07-13 08:15:31+00:00,55.45067,8.4725,0.0,243.0,358.0,5,1468397731
2016-07-13 10:00:33+00:00,55.45067,8.4725,0.0,243.0,42.0,5,1468404033
2016-07-13 11:03:36+00:00,55.45067,8.4725,0.0,243.0,14.0,5,1468407816
2016-07-13 12:06:37+00:00,55.45067,8.4725,0.0,243.0,151.0,5,1468411597
2016-07-13 21:12:54+00:00,55.45067,8.4725,0.0,243.0,57.0,5,1468444374
2016-07-13 22:15:57+00:00,55.45067,8.4725,0.0,243.0,257.0,5,1468448157
2016-07-13 23:18:58+00:00,55.45067,8.4725,0.0,243.0,109.0,5,1468451938
2016-07-14 00:00:59+00:00,55.45067,8.4725,0.0,243.0,131.0,5,1468454459
2016-07-14 01:04:03+00:00,55.45067,8.4725,0.0,243.0,137.0,5,1468458243
2016-07-14 04:13:06+00:00,55.45067,8.4725,0.0,243.0,47.0,5,1468469586
2016-07-14 05:16:10+00:00,55.45067,8.4725,0.0,243.0,169.0,5,1468473370
2016-07-14 09:07:16+00:00,55.45067,8.4725,0.0,243.0,214.0,5,1468487236
2016-07-14 11:13:21+00:00,55.45067,8.4725,0.0,243.0,320.0,5,1468494801
2016-07-14 12:16:23+00:00,55.45067,8.4725,0.0,243.0,68.0,5,1468498583
2016-07-14 13:19:26+00:00,55.45067,8.4725,0.0,243.0,234.0,5,1468502366
2016-07-14 19:16:37+00:00,55.45067,8.4725,0.0,243.0,155.0,5,1468523797
2016-07-14 20:19:39+00:00,55.45067,8.4725,0.0,243.0,33.0,5,1468527579
2016-07-15 01:13:49+00:00,55.45067,8.4725,0.0,243.0,143.0,5,1468545229
2016-07-15 02:16:49+00:00,55.45067,8.4725,0.0,243.0,302.0,5,1468549009
2016-07-15 04:01:55+00:00,55.45067,8.4725,0.0,243.0,201.0,5,1468555315
2016-07-15 06:07:59+00:00,55.45067,8.4725,0.0,243.0,239.0,5,1468562879
2016-07-15 08:14:03+00:00,55.45067,8.4725,0.0,243.0,246.0,5,1468570443
2016-07-15 13:08:12+00:00,55.45067,8.4725,0.0,243.0,114.0,5,1468588092
2016-07-15 16:17:15+00:00,55.45067,8.4725,0.0,243.0,124.0,5,1468599435
2016-07-15 22:14:29+00:00,55.45067,8.4725,0.0,243.0,269.0,5,1468620869
2016-07-15 23:02:31+00:00,55.45067,8.4725,0.0,243.0,278.0,5,1468623751
2016-07-16 02:20:37+00:00,55.45067,8.4725,0.0,243.0,17.0,5,1468635637
2016-07-16 04:14:41+00:00,55.45067,8.4725,0.0,243.0,261.0,5,1468642481
2016-07-16 07:02:46+00:00,55.45067,8.4725,0.0,243.0,35.0,5,1468652566
2016-07-16 10:14:51+00:00,55.45067,8.4725,0.0,243.0,213.0,5,1468664091
2016-07-16 11:02:53+00:00,55.45067,8.4725,0.0,243.0,187.0,5,1468666973
2016-07-16 13:08:56+00:00,55.45067,8.4725,0.0,243.0,269.0,5,1468674536
2016-07-16 16:21:03+00:00,55.45067,8.4725,0.0,243.0,211.0,5,1468686063
2016-07-17 02:03:23+00:00,55.45067,8.4725,0.0,243.0,62.0,5,1468721003
2016-07-17 04:18:24+00:00,55.45067,8.4725,0.0,243.0,185.0,5,1468729104
2016-07-17 08:12:32+00:00,55.45067,8.4725,0.0,243.0,37.0,5,1468743152
2016-07-17 09:15:35+00:00,55.45067,8.4725,0.0,243.0,131.0,5,1468746935
2016-07-17 10:18:36+00:00,55.45067,8.4725,0.0,243.0,280.0,5,1468750716
2016-07-17 11:00:38+00:00,55.45067,8.4725,0.0,243.0,81.0,5,1468753238
2016-07-17 14:09:45+00:00,55.45067,8.4725,0.0,243.0,306.0,5,1468764585
2016-07-17 15:12:45+00:00,55.45067,8.472333,0.0,243.0,226.0,5,1468768365
2016-07-17 19:03:55+00:00,55.45067,8.4725,0.0,243.0,169.0,5,1468782235
2016-07-17 23:16:03+00:00,55.45067,8.4725,0.0,243.0,337.0,5,1468797363
2016-07-18 00:19:03+00:00,55.45067,8.4725,0.0,243.0,122.0,5,1468801143
2016-07-18 03:17:49+00:00,55.45933,8.436,0.0,5.0,148.0,5,1468811869
2016-07-18 05:02:55+00:00,55.45917,8.436,0.0,4.0,19.0,5,1468818175
2016-07-18 07:15:00+00:00,55.45933,8.436,0.0,5.0,25.0,5,1468826100
2016-07-18 09:03:03+00:00,55.45933,8.436,0.0,5.0,22.0,5,1468832583
2016-07-18 14:15:14+00:00,55.4595,8.436,0.0,4.0,283.0,5,1468851314
2016-07-18 20:15:26+00:00,55.45955,8.436008,0.0,4.0,340.0,5,1468872926
2016-07-19 00:15:34+00:00,55.4595,8.436,0.0,4.0,282.0,5,1468887334
2016-07-19 03:21:40+00:00,55.45933,8.436,0.0,4.0,158.0,5,1468898500
2016-07-19 06:09:47+00:00,55.45933,8.436,0.0,4.0,324.0,5,1468908587
2016-07-19 08:09:49+00:00,55.4595,8.436,0.0,4.0,109.0,5,1468915789
2016-07-19 09:21:51+00:00,55.45933,8.436,0.0,4.0,164.0,5,1468920111
2016-07-19 12:03:56+00:00,55.4595,8.435833,0.0,5.0,121.0,5,1468929836
2016-07-19 13:15:59+00:00,55.45933,8.436,0.0,4.0,295.0,5,1468934159
2016-07-19 14:04:00+00:00,55.4595,8.436,0.0,5.0,98.0,5,1468937040
2016-07-19 16:10:04+00:00,55.45933,8.436,0.0,4.0,336.0,5,1468944604
2016-07-19 18:04:06+00:00,55.45933,8.436,0.0,5.0,164.0,5,1468951446
2016-07-19 22:04:14+00:00,55.45783,8.446,0.0,279.0,301.0,5,1468965854
2016-07-20 00:04:18+00:00,55.45783,8.446,0.0,279.0,341.0,5,1468973058
2016-07-20 01:16:20+00:00,55.45787,8.445983,0.0,279.0,24.0,5,1468977380
2016-07-20 02:04:22+00:00,55.45783,8.446,0.0,279.0,172.0,5,1468980262
2016-07-20 03:16:24+00:00,55.45783,8.446,0.0,279.0,45.0,5,1468984584
2016-07-20 04:04:25+00:00,55.45783,8.446,0.0,278.0,91.0,5,1468987465
2016-07-20 08:06:12+00:00,55.45783,8.446167,0.0,278.0,73.0,5,1469001972
2016-07-20 10:15:13+00:00,55.45783,8.446,0.0,278.0,134.0,5,1469009713
2016-07-20 11:00:18+00:00,55.45783,8.446,0.0,278.0,158.0,5,1469012418
2016-07-20 17:10:36+00:00,55.45783,8.446,0.0,278.0,253.0,5,1469034636
2016-07-20 18:13:40+00:00,55.45783,8.446,0.0,279.0,22.0,5,1469038420
2016-07-20 20:19:43+00:00,55.45783,8.446,0.0,278.0,53.0,5,1469045983
2016-07-21 02:13:30+00:00,55.45783,8.446,0.0,278.0,299.0,5,1469067210
2016-07-21 05:10:20+00:00,55.45783,8.446,0.0,278.0,173.0,5,1469077820
2016-07-21 08:04:41+00:00,55.45767,8.446,0.0,278.0,288.0,5,1469088281
2016-07-21 10:13:47+00:00,55.45783,8.446,0.0,279.0,13.0,5,1469096027
2016-07-21 11:16:47+00:00,55.45783,8.446,0.0,279.0,25.0,5,1469099807
2016-07-21 23:05:11+00:00,55.4595,8.436,0.0,4.0,304.0,5,1469142311
2016-07-22 01:11:14+00:00,55.4595,8.436,0.0,4.0,200.0,5,1469149874
2016-07-22 07:11:26+00:00,55.45933,8.436,0.0,4.0,230.0,5,1469171486
2016-07-22 10:20:32+00:00,55.4595,8.436,0.0,4.0,294.0,5,1469182832
2016-07-22 12:05:34+00:00,55.45933,8.435833,0.0,4.0,186.0,5,1469189134
2016-07-22 13:08:38+00:00,55.45933,8.436,0.0,4.0,332.0,5,1469192918
2016-07-22 14:11:38+00:00,55.4595,8.436,0.0,4.0,337.0,5,1469196698
2016-07-22 16:20:44+00:00,55.45933,8.436,0.0,4.0,30.0,5,1469204444
2016-07-23 02:15:05+00:00,55.45933,8.436,0.0,4.0,105.0,5,1469240105
2016-07-23 10:15:20+00:00,55.4595,8.436,0.0,4.0,286.0,5,1469268920
2016-07-23 15:03:30+00:00,55.4595,8.436,0.0,4.0,177.0,5,1469286210
2016-07-23 17:03:33+00:00,55.4595,8.436,0.0,4.0,69.0,5,1469293413
2016-07-23 19:21:38+00:00,55.4595,8.436,0.0,4.0,124.0,5,1469301698
2016-07-23 21:15:41+00:00,55.45933,8.436,0.0,4.0,121.0,5,1469308541
2016-07-23 22:00:39+00:00,55.4595,8.436,0.0,4.0,320.0,5,1469311239
2016-07-23 23:27:46+00:00,55.4595,8.435833,0.0,4.0,141.0,5,1469316466
2016-07-24 07:16:00+00:00,55.45933,8.435833,0.0,4.0,32.0,5,1469344560
2016-07-24 08:19:01+00:00,55.45933,8.436,0.0,4.0,131.0,5,1469348341
2016-07-24 10:04:04+00:00,55.4595,8.436,0.0,4.0,261.0,5,1469354644
2016-07-24 11:07:05+00:00,55.4595,8.436,0.0,4.0,280.0,5,1469358425
2016-07-24 15:19:13+00:00,55.4595,8.436,0.0,4.0,217.0,5,1469373553
2016-07-24 22:04:27+00:00,55.4595,8.436,0.0,4.0,209.0,5,1469397867
2016-07-24 23:16:28+00:00,55.4595,8.436,0.0,4.0,212.0,5,1469402188
2016-07-25 01:13:33+00:00,55.4595,8.436,0.0,4.0,205.0,5,1469409213
2016-07-25 03:19:38+00:00,55.4595,8.436,0.0,4.0,200.0,5,1469416778
2016-07-25 05:04:40+00:00,55.4595,8.436,0.0,4.0,10.0,5,1469423080
2016-07-25 11:01:52+00:00,55.4595,8.435833,0.0,4.0,74.0,5,1469444512
2016-07-25 13:07:56+00:00,55.4595,8.436,0.0,4.0,292.0,5,1469452076
2016-07-25 16:05:05+00:00,55.4595,8.436,0.0,4.0,131.0,5,1469462705
2016-07-25 19:05:10+00:00,55.4595,8.436,0.0,4.0,339.0,5,1469473510
2016-07-26 02:17:26+00:00,55.4595,8.436,0.0,4.0,92.0,5,1469499446
2016-07-26 11:12:06+00:00,55.4595,8.435833,0.0,4.0,334.0,5,1469531526
2016-07-26 14:08:44+00:00,55.45933,8.436,0.0,4.0,184.0,5,1469542124
2016-07-26 18:23:57+00:00,55.4595,8.436,0.0,4.0,223.0,5,1469557437
2016-07-26 20:12:00+00:00,55.4595,8.436,0.0,4.0,182.0,5,1469563920
2016-07-27 02:12:23+00:00,55.4595,8.436,0.0,4.0,329.0,5,1469585543
2016-07-27 03:18:12+00:00,55.4595,8.436,0.0,4.0,149.0,5,1469589492
2016-07-27 06:06:18+00:00,55.45933,8.436,0.0,4.0,231.0,5,1469599578
2016-07-27 11:00:29+00:00,55.4595,8.435833,0.0,4.0,128.0,5,1469617229
2016-07-27 15:00:36+00:00,55.4595,8.436,0.0,4.0,15.0,5,1469631636
2016-07-27 16:12:38+00:00,55.4595,8.436,0.0,4.0,200.0,5,1469635958
2016-07-27 19:00:43+00:00,55.4595,8.436,0.0,4.0,212.0,5,1469646043
2016-07-28 00:12:55+00:00,55.4595,8.435833,0.0,4.0,94.0,5,1469664775
2016-07-28 04:25:02+00:00,55.45933,8.436,0.0,4.0,350.0,5,1469679902
2016-07-28 07:19:08+00:00,55.4595,8.436,0.0,4.0,54.0,5,1469690348
2016-07-28 09:16:06+00:00,55.4595,8.436,0.0,4.0,252.0,5,1469697366
2016-07-28 11:04:09+00:00,55.45933,8.436,0.0,4.0,159.0,5,1469703849
2016-07-28 14:01:20+00:00,55.4595,8.436,0.0,4.0,353.0,5,1469714480
2016-07-28 15:19:22+00:00,55.4595,8.436,0.0,4.0,313.0,5,1469719162
2016-07-28 17:13:26+00:00,55.45933,8.436,0.0,4.0,333.0,5,1469726006
2016-07-28 20:12:01+00:00,55.45933,8.436,0.0,4.0,235.0,5,1469736721
2016-07-28 22:25:35+00:00,55.45933,8.435667,0.0,4.0,178.0,5,1469744735
2016-07-29 02:22:36+00:00,55.45933,8.436,0.0,4.0,227.0,5,1469758956
2016-07-29 05:13:49+00:00,55.4595,8.435833,0.0,4.0,288.0,5,1469769229
2016-07-29 07:22:46+00:00,55.4595,8.436,0.0,4.0,133.0,5,1469776966
2016-07-29 10:25:58+00:00,55.4595,8.435833,0.0,4.0,56.0,5,1469787958
2016-07-29 11:20:01+00:00,55.45933,8.436,0.0,4.0,34.0,5,1469791201
2018-06-08 17:09:22+00:00,55.45,8.471833,0.0,201.0,308.0,5,1528477762
2018-06-08 18:12:23+00:00,55.45,8.471833,0.0,201.0,179.0,5,1528481543
2018-06-08 23:09:35+00:00,55.45,8.471833,0.0,201.0,27.0,5,1528499375
2018-06-09 03:09:43+00:00,55.45,8.471833,0.0,200.0,108.0,5,1528513783
2018-06-09 06:15:50+00:00,55.45,8.471833,0.0,201.0,24.0,5,1528524950
2018-06-09 13:22:04+00:00,55.45,8.471833,0.0,202.0,9.0,5,1528550524
2018-06-09 16:10:09+00:00,55.45,8.471833,0.0,201.0,234.0,5,1528560609
2018-06-10 00:22:24+00:00,55.44983,8.471833,0.0,202.0,41.0,5,1528590144
2018-06-10 02:22:30+00:00,55.44983,8.471833,0.0,202.0,38.0,5,1528597350
2018-06-10 06:16:37+00:00,55.45,8.471833,0.0,202.0,93.0,5,1528611397
2018-06-10 08:16:41+00:00,55.45,8.471833,0.0,202.0,230.0,5,1528618601
2018-06-10 14:16:53+00:00,55.44983,8.471833,0.0,202.0,15.0,5,1528640213
2018-06-10 18:17:01+00:00,55.45,8.471833,0.0,201.0,62.0,5,1528654621
2018-06-10 19:05:02+00:00,55.44983,8.471833,0.0,201.0,42.0,5,1528657502
2018-06-11 06:20:19+00:00,55.45,8.471833,0.0,201.0,80.0,5,1528698019
2018-06-11 07:02:20+00:00,55.44983,8.471833,0.0,201.0,264.0,5,1528700540
2018-06-11 17:05:43+00:00,55.45,8.471833,0.0,201.0,293.0,5,1528736743
2018-06-12 04:18:05+00:00,55.45,8.471833,0.0,202.0,154.0,5,1528777085
2018-06-12 05:06:06+00:00,55.45,8.471833,0.0,202.0,293.0,5,1528779966
2018-06-12 06:18:09+00:00,55.45,8.471833,0.0,202.0,223.0,5,1528784289
2018-06-12 09:06:13+00:00,55.44983,8.471833,0.0,202.0,261.0,5,1528794373
2018-06-12 22:12:37+00:00,55.45,8.471833,0.0,202.0,325.0,5,1528841557
2018-06-13 04:12:47+00:00,55.44983,8.471833,0.0,201.0,266.0,5,1528863167
2018-06-13 12:13:02+00:00,55.45,8.471833,0.0,511.0,12.0,5,1528891982
2018-06-13 18:13:14+00:00,55.45,8.471833,0.0,201.0,52.0,5,1528913594
2018-06-13 19:19:17+00:00,55.44983,8.471833,0.0,201.0,3.0,5,1528917557
2018-06-14 01:07:29+00:00,55.45,8.471833,0.0,202.0,271.0,5,1528938449
2018-06-14 05:07:35+00:00,55.45,8.471833,0.0,202.0,112.0,5,1528952855
2018-06-14 08:16:36+00:00,55.45067,8.472167,0.0,22.0,101.0,5,1528964196
2018-06-14 11:01:48+00:00,55.45067,8.472167,0.0,22.0,288.0,5,1528974108
2018-06-14 14:13:54+00:00,55.45067,8.472167,0.0,23.0,111.0,5,1528985634
2018-06-14 15:01:56+00:00,55.45067,8.472167,0.0,23.0,226.0,5,1528988516
2018-06-15 07:02:29+00:00,55.45067,8.472167,0.0,23.0,195.0,5,1529046149
2018-06-15 08:13:26+00:00,55.45067,8.472167,0.0,23.0,169.0,5,1529050406
2018-06-15 13:16:38+00:00,55.45067,8.472167,0.0,23.0,269.0,5,1529068598
2018-06-15 15:19:38+00:00,55.45067,8.472167,0.0,23.0,143.0,5,1529075978
2018-06-15 20:19:48+00:00,55.45067,8.472167,0.0,23.0,346.0,5,1529093988
2018-06-15 22:04:54+00:00,55.45067,8.472167,0.0,23.0,107.0,5,1529100294
2018-06-16 01:17:00+00:00,55.45067,8.472167,0.0,23.0,153.0,5,1529111820
2018-06-16 02:23:02+00:00,55.45067,8.472167,0.0,23.0,174.0,5,1529115782
2018-06-16 03:05:03+00:00,55.45067,8.472167,0.0,23.0,154.0,5,1529118303
2018-06-16 05:17:08+00:00,55.45067,8.472167,0.0,23.0,81.0,5,1529126228
2018-06-16 08:05:14+00:00,55.45067,8.472167,0.0,23.0,314.0,5,1529136314
2018-06-16 12:02:17+00:00,55.45067,8.472167,0.0,23.0,135.0,5,1529150537
2018-06-16 18:05:33+00:00,55.45067,8.472167,0.0,23.0,302.0,5,1529172333
2018-06-16 23:11:42+00:00,55.45067,8.472167,0.0,23.0,14.0,5,1529190702
2018-06-17 04:05:52+00:00,55.45067,8.472167,0.0,23.0,73.0,5,1529208352
2018-06-17 10:15:01+00:00,55.45067,8.472167,0.0,23.0,196.0,5,1529230501
2018-06-17 13:05:30+00:00,55.45067,8.472167,0.0,23.0,69.0,5,1529240730
2018-06-18 04:08:58+00:00,55.4505,8.472167,0.0,23.0,284.0,5,1529294938
2018-06-18 06:15:03+00:00,55.45067,8.472167,0.0,23.0,71.0,5,1529302503
2018-06-18 10:18:37+00:00,55.45067,8.472167,0.0,23.0,117.0,5,1529317117
2018-06-18 16:15:48+00:00,55.45067,8.472167,0.0,23.0,205.0,5,1529338548
2018-06-19 03:07:08+00:00,55.45067,8.472167,0.0,23.0,344.0,5,1529377628
2018-06-19 11:10:53+00:00,55.45067,8.472167,0.0,23.0,270.0,5,1529406653
2018-06-19 12:19:26+00:00,55.45067,8.472167,0.0,23.0,109.0,5,1529410766
2018-06-19 13:10:25+00:00,55.45067,8.472167,0.0,23.0,162.0,5,1529413825
2018-06-19 15:04:29+00:00,55.45067,8.472167,0.0,23.0,161.0,5,1529420669
2018-06-19 21:04:39+00:00,55.45067,8.472167,0.0,23.0,249.0,5,1529442279
2018-06-19 23:19:45+00:00,55.45067,8.472167,0.0,23.0,197.0,5,1529450385
2018-06-20 01:04:47+00:00,55.45067,8.472167,0.0,23.0,339.0,5,1529456687
2018-06-20 02:10:49+00:00,55.45067,8.472167,0.0,23.0,58.0,5,1529460649
2018-06-20 03:13:53+00:00,55.45067,8.472167,0.0,23.0,346.0,5,1529464433
2018-06-20 04:16:52+00:00,55.45067,8.472167,0.0,23.0,261.0,5,1529468212
2018-06-20 11:17:05+00:00,55.45067,8.472167,0.0,23.0,46.0,5,1529493425
2018-06-20 23:17:28+00:00,55.45067,8.472167,0.0,23.0,252.0,5,1529536648
2018-06-21 13:17:54+00:00,55.45067,8.472167,0.0,23.0,303.0,5,1529587074
2018-06-21 14:20:59+00:00,55.45067,8.472167,0.0,23.0,117.0,5,1529590859
2018-06-21 17:18:02+00:00,55.45067,8.472167,0.0,23.0,272.0,5,1529601482
2018-06-21 19:03:09+00:00,55.45067,8.472167,0.0,23.0,81.0,5,1529607789
2018-06-21 22:18:12+00:00,55.45067,8.472167,0.0,23.0,113.0,5,1529619492
2018-06-22 02:09:20+00:00,55.45067,8.472167,0.0,23.0,135.0,5,1529633360
2018-06-22 03:12:22+00:00,55.45067,8.472167,0.0,23.0,184.0,5,1529637142
2018-06-22 05:18:25+00:00,55.45067,8.472167,0.0,23.0,103.0,5,1529644705
2018-06-22 06:00:27+00:00,55.45067,8.472167,0.0,23.0,340.0,5,1529647227
2018-06-22 10:12:34+00:00,55.45067,8.472167,0.0,24.0,224.0,5,1529662354
2018-06-22 13:09:43+00:00,55.45067,8.472167,0.0,23.0,159.0,5,1529672983
2018-06-22 15:15:46+00:00,55.45067,8.472167,0.0,23.0,60.0,5,1529680546
2018-06-22 16:03:48+00:00,55.45067,8.472167,0.0,23.0,235.0,5,1529683428
2018-06-22 18:15:51+00:00,55.45067,8.472167,0.0,23.0,324.0,5,1529691351
2018-06-23 00:12:59+00:00,55.45067,8.472167,0.0,23.0,215.0,5,1529712779
2018-06-23 02:01:03+00:00,55.45067,8.472167,0.0,23.0,8.0,5,1529719263
2018-06-23 06:19:11+00:00,55.45067,8.472167,0.0,23.0,216.0,5,1529734751
2018-06-23 07:01:12+00:00,55.45067,8.472167,0.0,23.0,11.0,5,1529737272
2018-06-23 09:07:16+00:00,55.45067,8.472167,0.0,23.0,22.0,5,1529744836
2018-06-23 11:13:21+00:00,55.45067,8.472167,0.0,23.0,8.0,5,1529752401
2018-06-23 12:22:26+00:00,55.45067,8.472167,0.0,23.0,340.0,5,1529756546
2018-06-23 20:04:40+00:00,55.45067,8.472167,0.0,23.0,140.0,5,1529784280
2018-06-23 21:07:42+00:00,55.45067,8.472167,0.0,23.0,173.0,5,1529788062
2018-06-23 23:13:45+00:00,55.45067,8.472167,0.0,23.0,124.0,5,1529795625
2018-06-24 00:16:49+00:00,55.45067,8.472167,0.0,23.0,130.0,5,1529799409
2018-06-24 01:19:50+00:00,55.45067,8.472167,0.0,23.0,172.0,5,1529803190
2018-06-24 09:08:06+00:00,55.45067,8.472167,0.0,23.0,80.0,5,1529831286
2018-06-24 14:05:14+00:00,55.45067,8.472167,0.0,23.0,157.0,5,1529849114
2018-06-24 21:05:28+00:00,55.45067,8.472167,0.0,23.0,305.0,5,1529874328
2018-06-24 23:11:32+00:00,55.45067,8.472167,0.0,23.0,242.0,5,1529881892
2018-06-25 01:20:37+00:00,55.45067,8.472167,0.0,23.0,210.0,5,1529889637
2018-06-25 08:20:50+00:00,55.45067,8.472167,0.0,23.0,309.0,5,1529914850
2018-06-25 10:08:53+00:00,55.45067,8.472167,0.0,23.0,253.0,5,1529921333
2018-06-25 11:11:54+00:00,55.45067,8.472167,0.0,23.0,85.0,5,1529925114
2018-06-26 03:12:22+00:00,55.45067,8.472167,0.0,23.0,207.0,5,1529982742
2018-06-26 04:00:23+00:00,55.45067,8.472167,0.0,23.0,138.0,5,1529985623
2018-06-26 07:00:29+00:00,55.45083,8.472167,0.0,23.0,199.0,5,1529996429
2018-06-26 09:03:35+00:00,55.45067,8.472167,0.0,23.0,251.0,5,1530003815
2018-06-26 12:15:41+00:00,55.45067,8.472167,0.0,23.0,351.0,5,1530015341
2018-06-26 13:03:43+00:00,55.45067,8.472167,0.0,23.0,151.0,5,1530018223
2018-06-26 15:09:47+00:00,55.45067,8.472167,0.0,23.0,218.0,5,1530025787
2018-06-27 03:10:09+00:00,55.45067,8.472167,0.0,23.0,58.0,5,1530069009
2018-06-27 05:04:12+00:00,55.45067,8.472167,0.0,23.0,101.0,5,1530075852
2018-06-27 06:08:22+00:00,55.45067,8.472167,0.0,23.0,73.0,0,1530079702
2018-10-26 23:18:24+00:00,55.45067,8.472167,0.0,22.0,335.0,5,1540595904
2018-10-27 01:03:27+00:00,55.45067,8.472167,0.0,22.0,286.0,5,1540602207
2018-10-27 03:09:31+00:00,55.45067,8.472167,0.0,22.0,208.0,5,1540609771
2018-10-27 04:12:34+00:00,55.45067,8.472167,0.0,22.0,317.0,5,1540613554
2018-10-27 12:15:50+00:00,55.45067,8.472167,0.0,22.0,174.0,5,1540642550
2018-10-27 14:00:51+00:00,55.45067,8.472167,0.0,22.0,249.0,5,1540648851
2018-10-27 18:04:03+00:00,55.45067,8.472167,0.0,22.0,115.0,5,1540663443
2018-10-27 19:16:06+00:00,55.45067,8.472167,0.0,22.0,308.0,5,1540667766
2018-10-27 21:07:06+00:00,55.45067,8.472167,0.0,22.0,212.0,5,1540674426
2018-10-27 23:13:11+00:00,55.45067,8.472167,0.0,22.0,203.0,5,1540681991
2018-10-28 00:16:15+00:00,55.45067,8.472167,0.0,22.0,21.0,5,1540685775
2018-10-28 02:01:16+00:00,55.45067,8.472167,0.0,22.0,283.0,5,1540692076
2018-10-28 04:22:25+00:00,55.45067,8.472167,0.0,22.0,301.0,5,1540700545
2018-10-28 09:07:31+00:00,55.45067,8.472167,0.0,22.0,125.0,5,1540717651
2018-10-28 11:16:38+00:00,55.45067,8.472167,0.0,22.0,8.0,5,1540725398
2018-10-28 19:07:41+00:00,55.45067,8.472167,0.0,22.0,309.0,5,1540753661
2018-11-05 17:05:10+00:00,55.45067,8.472167,0.0,22.0,138.0,5,1541437510
2018-11-05 18:08:12+00:00,55.45067,8.472167,0.0,22.0,155.0,5,1541441292
2018-11-06 02:11:27+00:00,55.45067,8.472167,0.0,22.0,148.0,5,1541470287
2018-11-06 03:14:30+00:00,55.45067,8.472167,0.0,22.0,252.0,5,1541474070
2018-11-06 05:02:33+00:00,55.45067,8.472167,0.0,22.0,40.0,5,1541480553
2018-11-06 09:14:39+00:00,55.45067,8.472167,0.0,22.0,332.0,5,1541495679
2018-11-06 10:17:42+00:00,55.45067,8.472167,0.0,22.0,335.0,5,1541499462
2018-11-06 13:05:47+00:00,55.45067,8.472167,0.0,22.0,167.0,5,1541509547
2018-11-06 14:08:49+00:00,55.45067,8.472167,0.0,22.0,99.0,5,1541513329
2018-11-06 16:14:53+00:00,55.45067,8.472167,0.0,22.0,64.0,5,1541520893
2018-11-06 20:06:02+00:00,55.45067,8.472167,0.0,22.0,48.0,5,1541534762
2018-11-06 21:09:04+00:00,55.451,8.472333,0.0,22.0,40.0,5,1541538544
2018-11-07 01:00:43+00:00,55.45067,8.472167,0.0,22.0,30.0,5,1541552443
2018-11-07 03:06:47+00:00,55.45067,8.472167,0.0,22.0,359.0,5,1541560007
2018-11-07 04:09:48+00:00,55.45067,8.472167,0.0,22.0,323.0,5,1541563788
2018-11-07 10:07:00+00:00,55.45067,8.472167,0.0,22.0,27.0,5,1541585220
2018-11-07 12:13:04+00:00,55.4505,8.472167,0.0,23.0,10.0,5,1541592784
2018-11-15 23:21:52+00:00,55.45067,8.472167,0.0,23.0,353.0,0,1542324112
2018-11-16 05:20:02+00:00,55.45067,8.472167,0.0,23.0,292.0,0,1542345602
2018-11-16 07:11:02+00:00,55.45067,8.472167,0.0,23.0,168.0,0,1542352262
2018-11-16 10:10:52+00:00,55.45067,8.472167,0.0,23.0,333.0,0,1542363052
2019-11-01 09:17:14+00:00,55.476,8.413167,0.0,142.0,5.0,5,1572599834
2019-11-01 12:19:24+00:00,55.476,8.413167,0.0,142.0,178.0,5,1572610764
2019-11-01 23:16:45+00:00,55.476,8.413167,0.0,142.0,203.0,5,1572650205
2019-11-02 01:10:50+00:00,55.476,8.413167,0.0,142.0,87.0,5,1572657050
2019-11-02 02:13:51+00:00,55.476,8.413167,0.0,142.0,304.0,5,1572660831
2019-11-02 08:14:03+00:00,55.476,8.413167,0.0,142.0,15.0,5,1572682443
2019-11-02 11:05:09+00:00,55.476,8.413167,0.0,142.0,97.0,5,1572692709
2019-11-02 12:08:09+00:00,55.476,8.413167,0.0,142.0,85.0,5,1572696489
2019-11-02 13:11:13+00:00,55.476,8.413167,0.0,142.0,250.0,5,1572700273
2019-11-02 18:20:22+00:00,55.476,8.413167,0.0,142.0,164.0,5,1572718822
2019-11-02 21:08:06+00:00,55.476,8.413167,0.0,142.0,63.0,5,1572728886
2019-11-02 23:20:10+00:00,55.476,8.413333,0.0,142.0,308.0,5,1572736810
2019-11-03 00:06:20+00:00,55.476,8.413167,0.0,142.0,133.0,5,1572739580
2019-11-03 02:15:24+00:00,55.476,8.413167,0.0,142.0,267.0,5,1572747324
2019-11-03 04:00:28+00:00,55.476,8.413167,0.0,142.0,249.0,5,1572753628
2019-11-03 06:06:32+00:00,55.476,8.413167,0.0,142.0,79.0,5,1572761192
2019-11-03 15:20:12+00:00,55.476,8.413167,0.0,142.0,345.0,5,1572794412
2019-11-03 16:02:14+00:00,55.476,8.413167,0.0,142.0,344.0,5,1572796934
2019-11-03 17:05:15+00:00,55.476,8.413167,0.0,142.0,24.0,5,1572800715
2019-11-03 18:08:18+00:00,55.47583,8.413333,0.0,142.0,256.0,5,1572804498
2019-11-03 21:02:23+00:00,55.476,8.413167,0.0,142.0,96.0,5,1572814943
2019-11-03 22:05:24+00:00,55.476,8.413333,0.0,142.0,315.0,5,1572818724
2019-11-04 02:20:32+00:00,55.476,8.413167,0.0,142.0,221.0,5,1572834032
2019-11-04 04:07:33+00:00,55.476,8.413167,0.0,142.0,358.0,5,1572840453
2019-11-04 08:01:40+00:00,55.476,8.413167,0.0,142.0,12.0,5,1572854500
2019-11-04 09:04:45+00:00,55.476,8.413333,0.0,142.0,242.0,5,1572858285
2019-11-04 10:07:45+00:00,55.476,8.413167,0.0,142.0,131.0,5,1572862065
2019-11-04 13:10:13+00:00,55.476,8.413167,0.0,142.0,304.0,5,1572873013
2019-11-04 16:19:16+00:00,55.476,8.413167,0.0,142.0,223.0,5,1572884356
2019-11-04 23:07:29+00:00,55.476,8.413167,0.0,142.0,107.0,5,1572908849
2019-11-05 00:13:31+00:00,55.476,8.413167,0.0,142.0,266.0,5,1572912811
2019-11-05 03:16:40+00:00,55.476,8.413167,0.0,142.0,329.0,5,1572923800
2019-11-05 10:13:50+00:00,55.476,8.413167,0.0,142.0,210.0,5,1572948830
2019-11-05 12:04:57+00:00,55.476,8.413167,0.0,142.0,282.0,5,1572955497
2019-11-05 15:17:03+00:00,55.476,8.413167,0.0,142.0,32.0,5,1572967023
2019-11-05 21:05:14+00:00,55.476,8.413167,0.0,142.0,187.0,5,1572987914
2019-11-05 22:08:12+00:00,55.476,8.413167,0.0,142.0,97.0,5,1572991692
2019-11-06 04:08:25+00:00,55.476,8.413167,0.0,142.0,32.0,5,1573013305
2019-11-06 06:14:29+00:00,55.476,8.413167,0.0,142.0,138.0,5,1573020869
2019-11-06 08:20:32+00:00,55.476,8.413167,0.0,142.0,337.0,5,1573028432
2019-11-06 11:08:37+00:00,55.476,8.413167,0.0,142.0,174.0,5,1573038517
2019-11-06 14:17:45+00:00,55.476,8.413167,0.0,142.0,150.0,5,1573049865
2019-11-06 16:02:47+00:00,55.476,8.413167,0.0,142.0,25.0,5,1573056167
2019-11-06 17:05:50+00:00,55.476,8.413167,0.0,142.0,16.0,5,1573059950
2019-11-06 19:17:56+00:00,55.476,8.413167,0.0,142.0,51.0,5,1573067876
2019-11-06 22:14:58+00:00,55.476,8.413167,0.0,142.0,151.0,5,1573078498
2019-11-07 00:00:04+00:00,55.476,8.413167,0.0,142.0,96.0,5,1573084804
2019-11-07 05:12:15+00:00,55.476,8.413167,0.0,142.0,181.0,5,1573103535
2019-11-07 07:12:18+00:00,55.476,8.413167,0.0,142.0,156.0,5,1573110738
2019-11-07 09:12:22+00:00,55.476,8.413167,0.0,142.0,241.0,5,1573117942
2019-11-07 11:12:27+00:00,55.476,8.413167,0.0,142.0,254.0,5,1573125147
2019-11-07 16:00:37+00:00,55.476,8.413167,0.0,142.0,341.0,5,1573142437
2019-11-08 01:03:48+00:00,55.476,8.413167,0.0,142.0,229.0,5,1573175028
2019-11-08 09:01:11+00:00,55.476,8.413167,0.0,142.0,275.0,5,1573203671
2019-11-08 11:01:15+00:00,55.476,8.413167,0.0,142.0,14.0,5,1573210875
2019-11-08 13:01:19+00:00,55.476,8.413167,0.0,142.0,235.0,5,1573218079
2019-11-08 17:01:27+00:00,55.476,8.413167,0.0,142.0,176.0,5,1573232487
2019-11-08 18:13:29+00:00,55.476,8.413167,0.0,142.0,60.0,5,1573236809
2019-11-08 21:01:35+00:00,55.476,8.413167,0.0,142.0,122.0,5,1573246895
2019-11-08 22:13:38+00:00,55.476,8.413167,0.0,142.0,144.0,5,1573251218
2019-11-09 06:13:53+00:00,55.476,8.413167,0.0,142.0,313.0,5,1573280033
2019-11-09 16:08:12+00:00,55.476,8.413167,0.0,142.0,239.0,5,1573315692
2019-11-09 17:20:14+00:00,55.476,8.413167,0.0,142.0,334.0,5,1573320014
2019-11-10 04:08:34+00:00,55.476,8.413167,0.0,142.0,113.0,5,1573358914
2019-11-10 10:19:52+00:00,55.476,8.413167,0.0,142.0,337.0,5,1573381192
2019-11-10 12:03:13+00:00,55.476,8.413167,0.0,142.0,37.0,5,1573387393
2019-11-10 17:18:19+00:00,55.476,8.413167,0.0,142.0,205.0,5,1573406299
2019-11-11 00:00:32+00:00,55.476,8.413167,0.0,142.0,275.0,5,1573430432
2019-11-11 08:03:47+00:00,55.476,8.413333,0.0,142.0,229.0,5,1573459427
2019-11-11 12:20:22+00:00,55.476,8.413167,0.0,142.0,79.0,5,1573474822
2019-11-11 21:08:39+00:00,55.476,8.413167,0.0,142.0,3.0,5,1573506519
2019-11-11 23:14:43+00:00,55.476,8.413167,0.0,142.0,337.0,5,1573514083
2019-11-12 00:17:45+00:00,55.476,8.413167,0.0,142.0,186.0,5,1573517865
2019-11-12 02:02:48+00:00,55.476,8.413167,0.0,142.0,63.0,5,1573524168
2019-11-12 06:17:59+00:00,55.476,8.413167,0.0,142.0,208.0,5,1573539479
2019-11-12 11:18:59+00:00,55.476,8.413333,0.0,142.0,201.0,5,1573557539
2019-11-12 17:16:10+00:00,55.476,8.413167,0.0,142.0,230.0,5,1573578970
2019-11-12 19:04:13+00:00,55.476,8.413167,0.0,142.0,43.0,5,1573585453
2019-11-12 20:07:15+00:00,55.476,8.413167,0.0,142.0,357.0,5,1573589235
2019-11-12 21:10:17+00:00,55.476,8.413167,0.0,142.0,285.0,5,1573593017
2019-11-12 23:16:21+00:00,55.476,8.413333,0.0,142.0,244.0,5,1573600581
2019-11-13 06:16:36+00:00,55.476,8.413167,0.0,142.0,180.0,5,1573625796
2019-11-13 09:04:41+00:00,55.476,8.413167,0.0,142.0,253.0,5,1573635881
2019-11-13 10:10:43+00:00,55.476,8.413167,0.0,142.0,147.0,5,1573639843
2019-11-13 16:11:55+00:00,55.476,8.413167,0.0,142.0,252.0,5,1573661515
2019-11-14 05:12:21+00:00,55.476,8.413167,0.0,142.0,190.0,5,1573708341
2019-11-14 09:03:28+00:00,55.476,8.413167,0.0,142.0,103.0,5,1573722208
2019-11-14 15:01:57+00:00,55.476,8.413167,0.0,142.0,49.0,5,1573743717
2019-11-14 16:04:58+00:00,55.476,8.413167,0.0,142.0,197.0,5,1573747498
2019-11-14 17:08:02+00:00,55.476,8.413167,0.0,142.0,111.0,5,1573751282
2019-11-14 21:20:10+00:00,55.47583,8.413333,0.0,142.0,93.0,5,1573766410
2019-11-14 22:02:11+00:00,55.476,8.413167,0.0,142.0,292.0,5,1573768931
2019-11-15 00:08:15+00:00,55.476,8.413167,0.0,142.0,357.0,5,1573776495
2019-11-15 01:11:15+00:00,55.476,8.413167,0.0,142.0,258.0,5,1573780275
2019-11-15 02:14:19+00:00,55.476,8.413167,0.0,142.0,325.0,5,1573784059
2019-11-15 03:17:18+00:00,55.476,8.413167,0.0,142.0,261.0,5,1573787838
2019-11-15 05:02:24+00:00,55.476,8.413167,0.0,142.0,350.0,5,1573794144
2019-11-15 06:11:23+00:00,55.47583,8.413333,0.0,142.0,78.0,5,1573798283
2019-11-15 08:10:29+00:00,55.476,8.413167,0.0,142.0,103.0,5,1573805429
2019-11-15 11:03:41+00:00,55.476,8.413167,0.0,142.0,301.0,5,1573815821
2019-11-15 14:12:49+00:00,55.476,8.413167,0.0,142.0,38.0,5,1573827169
2019-11-15 16:18:54+00:00,55.476,8.413167,0.0,142.0,128.0,5,1573834734
2019-11-16 00:01:08+00:00,55.476,8.413167,0.0,142.0,57.0,5,1573862468
2019-11-16 06:19:20+00:00,55.476,8.413167,0.0,142.0,182.0,5,1573885160
2019-11-16 08:04:22+00:00,55.476,8.413167,0.0,142.0,315.0,5,1573891462
2019-11-16 11:13:29+00:00,55.476,8.413167,0.0,142.0,234.0,5,1573902809
2019-11-16 18:13:43+00:00,55.476,8.413167,0.0,142.0,73.0,5,1573928023
2019-11-17 05:08:06+00:00,55.476,8.413167,0.0,142.0,93.0,5,1573967286
2019-11-17 07:20:08+00:00,55.476,8.413167,0.0,142.0,47.0,5,1573975208
2019-11-17 09:05:09+00:00,55.476,8.413167,0.0,142.0,80.0,5,1573981509
2019-11-17 14:20:21+00:00,55.476,8.413167,0.0,142.0,30.0,5,1574000421
2019-11-17 17:08:26+00:00,55.476,8.413167,0.0,142.0,197.0,5,1574010506
2019-11-17 23:05:38+00:00,55.476,8.413167,0.0,142.0,114.0,5,1574031938
2019-11-18 00:08:40+00:00,55.476,8.413167,0.0,142.0,168.0,5,1574035720
2019-11-18 03:17:46+00:00,55.476,8.413167,0.0,142.0,324.0,5,1574047066
2019-11-18 07:08:52+00:00,55.47583,8.413167,0.0,142.0,217.0,5,1574060932
2019-11-18 11:06:02+00:00,55.476,8.413167,0.0,142.0,265.0,5,1574075162
2019-11-18 15:18:10+00:00,55.476,8.413333,0.0,142.0,345.0,5,1574090290
2019-11-18 17:03:13+00:00,55.476,8.413167,0.0,142.0,126.0,5,1574096593
2019-11-18 20:12:18+00:00,55.476,8.413167,0.0,142.0,161.0,5,1574107938
2019-11-19 02:15:32+00:00,55.476,8.413167,0.0,142.0,359.0,5,1574129732
2019-11-19 04:06:32+00:00,55.476,8.413167,0.0,142.0,343.0,5,1574136392
2019-11-19 08:03:43+00:00,55.476,8.413167,0.0,142.0,273.0,5,1574150623
2019-11-19 19:09:06+00:00,55.476,8.413167,0.0,142.0,295.0,5,1574190546
2019-11-20 00:03:15+00:00,55.476,8.413167,0.0,142.0,81.0,5,1574208195
2019-11-20 01:06:20+00:00,55.476,8.413167,0.0,142.0,201.0,5,1574211980
2019-11-20 06:00:29+00:00,55.476,8.413167,0.0,142.0,148.0,5,1574229629
2019-11-20 12:18:41+00:00,55.476,8.413167,0.0,142.0,289.0,5,1574252321
2019-11-20 15:06:47+00:00,55.47583,8.413167,0.0,142.0,152.0,5,1574262407
2019-11-20 16:09:46+00:00,55.476,8.413167,0.0,142.0,188.0,5,1574266186
2019-11-20 17:12:50+00:00,55.476,8.413167,0.0,142.0,165.0,5,1574269970
2019-11-20 20:00:55+00:00,55.476,8.413167,0.0,142.0,170.0,5,1574280055
2019-11-20 23:09:59+00:00,55.476,8.413167,0.0,142.0,222.0,5,1574291399
2019-11-21 03:01:07+00:00,55.476,8.413167,0.0,142.0,70.0,5,1574305267
2019-11-21 11:16:20+00:00,55.476,8.413167,0.0,142.0,93.0,5,1574334980
2019-11-21 18:13:37+00:00,55.476,8.413167,0.0,142.0,209.0,5,1574360017
2019-11-22 03:19:54+00:00,55.476,8.413167,0.0,142.0,309.0,5,1574392794
2019-11-22 15:17:17+00:00,55.476,8.413167,0.0,142.0,82.0,5,1574435837
2019-11-22 18:05:23+00:00,55.476,8.413167,0.0,142.0,130.0,5,1574445923
2019-11-22 20:11:27+00:00,55.47583,8.413167,0.0,143.0,99.0,5,1574453487
2019-11-22 22:17:31+00:00,55.47617,8.413333,0.0,142.0,324.0,5,1574461051
2019-11-22 23:20:32+00:00,55.476,8.413167,0.0,142.0,183.0,5,1574464832
2019-11-23 00:02:33+00:00,55.476,8.413167,0.0,142.0,32.0,5,1574467353
2019-11-23 01:05:37+00:00,55.476,8.413167,0.0,142.0,227.0,5,1574471137
2019-11-25 02:01:00+00:00,55.45183,8.461166,0.0,111.0,284.0,5,1574647260
2019-11-25 03:04:02+00:00,55.45183,8.461166,0.0,111.0,93.0,5,1574651042
2019-11-25 05:13:06+00:00,55.45183,8.461166,0.0,111.0,299.0,5,1574658786
2019-11-25 12:13:18+00:00,55.45183,8.461166,0.0,111.0,62.0,5,1574683998
2019-11-25 14:19:22+00:00,55.45183,8.461166,0.0,111.0,126.0,5,1574691562
2019-11-25 15:01:23+00:00,55.45183,8.461166,0.0,111.0,47.0,5,1574694083
2019-11-25 16:04:26+00:00,55.45167,8.461166,0.0,111.0,77.0,5,1574697866
2019-11-25 17:07:26+00:00,55.45183,8.461,0.0,111.0,96.0,5,1574701646
2019-11-25 18:10:30+00:00,55.45167,8.461166,0.0,111.0,6.0,5,1574705430
2019-11-25 22:01:36+00:00,55.45183,8.461166,0.0,111.0,330.0,5,1574719296
2019-11-25 23:04:40+00:00,55.45183,8.461166,0.0,111.0,80.0,5,1574723080
2019-11-26 03:19:47+00:00,55.45183,8.461166,0.0,111.0,221.0,5,1574738387
2019-11-26 08:13:57+00:00,55.45183,8.461166,0.0,111.0,269.0,5,1574756037
2019-11-26 10:20:02+00:00,55.45183,8.461,0.0,111.0,81.0,5,1574763602
2019-11-26 18:02:16+00:00,55.45167,8.461166,0.0,111.0,314.0,5,1574791336
2019-11-26 19:05:17+00:00,55.45183,8.461166,0.0,111.0,307.0,5,1574795117
2019-11-27 03:08:33+00:00,55.45183,8.461166,0.0,111.0,118.0,5,1574824113
2019-11-27 06:17:37+00:00,55.45183,8.461166,0.0,111.0,119.0,5,1574835457
2019-11-27 10:08:46+00:00,55.45183,8.461166,0.0,111.0,97.0,5,1574849326
2019-11-27 12:14:51+00:00,55.45167,8.461166,0.0,111.0,272.0,5,1574856891
2019-11-27 18:15:02+00:00,55.45167,8.461166,0.0,111.0,153.0,5,1574878502
2019-11-27 23:09:11+00:00,55.45183,8.461,0.0,111.0,59.0,5,1574896151
2019-11-28 00:12:11+00:00,55.45167,8.461166,0.0,111.0,180.0,5,1574899931
2019-11-28 04:03:19+00:00,55.45183,8.461166,0.0,111.0,129.0,5,1574913799
2019-11-28 05:09:21+00:00,55.45183,8.461166,0.0,111.0,257.0,5,1574917761
2019-11-28 08:18:28+00:00,55.45183,8.461166,0.0,111.0,321.0,5,1574929108
2019-11-28 14:18:42+00:00,55.45183,8.461166,0.0,111.0,230.0,5,1574950722
2019-11-28 17:06:47+00:00,55.45183,8.461166,0.0,111.0,119.0,5,1574960807
2019-11-28 19:18:52+00:00,55.45183,8.461166,0.0,111.0,314.0,5,1574968732
2019-11-29 00:03:56+00:00,55.45167,8.461166,0.0,111.0,102.0,5,1574985836
2019-11-29 08:13:16+00:00,55.45183,8.461166,0.0,111.0,71.0,5,1575015196
2019-11-29 09:01:18+00:00,55.45183,8.461166,0.0,111.0,100.0,5,1575018078
2019-11-29 10:13:21+00:00,55.45183,8.461,0.0,111.0,153.0,5,1575022401
2019-11-29 19:07:39+00:00,55.45183,8.461166,0.0,111.0,117.0,5,1575054459
2019-11-30 02:13:52+00:00,55.45167,8.461166,0.0,111.0,234.0,5,1575080032
2019-11-30 03:01:54+00:00,55.45167,8.461166,0.0,111.0,356.0,5,1575082914
2019-11-30 07:02:02+00:00,55.45183,8.461166,0.0,111.0,246.0,5,1575097322
2019-11-30 08:14:04+00:00,55.45167,8.461166,0.0,111.0,178.0,5,1575101644
2019-11-30 10:14:08+00:00,55.45183,8.461,0.0,111.0,141.0,5,1575108848
2019-11-30 18:02:23+00:00,55.45183,8.461166,0.0,111.0,32.0,5,1575136943
2019-12-01 01:20:38+00:00,55.45183,8.461166,0.0,111.0,289.0,5,1575163238
2019-12-01 02:08:40+00:00,55.45183,8.461166,0.0,111.0,281.0,5,1575166120
2019-12-01 07:02:49+00:00,55.45183,8.461166,0.0,111.0,137.0,5,1575183769
2019-12-01 09:08:54+00:00,55.45183,8.461166,0.0,111.0,208.0,5,1575191334
2019-12-01 16:12:06+00:00,55.45183,8.461166,0.0,111.0,102.0,5,1575216726
2019-12-01 23:18:19+00:00,55.45167,8.461166,0.0,111.0,196.0,5,1575242299
2019-12-02 00:00:20+00:00,55.45167,8.461166,0.0,111.0,42.0,5,1575244820
2019-12-02 02:06:25+00:00,55.45183,8.461166,0.0,111.0,110.0,5,1575252385
2019-12-02 07:00:35+00:00,55.45183,8.461166,0.0,111.0,253.0,5,1575270035
2019-12-02 08:03:38+00:00,55.45183,8.461166,0.0,111.0,273.0,5,1575273818
2019-12-02 09:06:40+00:00,55.45183,8.461166,0.0,111.0,98.0,5,1575277600
2019-12-02 11:12:43+00:00,55.45183,8.461166,0.0,111.0,10.0,5,1575285163
2019-12-02 14:06:48+00:00,55.45183,8.461166,0.0,111.0,216.0,5,1575295608
2019-12-02 16:12:52+00:00,55.45183,8.461,0.0,111.0,157.0,5,1575303172
2019-12-02 17:15:55+00:00,55.45183,8.461166,0.0,110.0,181.0,5,1575306955
2019-12-02 18:18:55+00:00,55.45183,8.461166,0.0,111.0,316.0,5,1575310735
2019-12-02 19:00:57+00:00,55.45183,8.461166,0.0,110.0,341.0,5,1575313257
2019-12-02 20:03:59+00:00,55.45183,8.461166,0.0,110.0,141.0,5,1575317039
2019-12-02 21:10:01+00:00,55.45183,8.461,0.0,111.0,337.0,5,1575321001
2020-04-01 05:11:28+00:00,55.45016,8.4685,0.0,111.0,19.0,5,1585717888
2020-04-01 06:14:29+00:00,55.45016,8.4685,0.0,111.0,65.0,5,1585721669
2020-04-01 07:17:32+00:00,55.45016,8.4685,0.0,111.0,277.0,5,1585725452
2020-04-01 10:05:38+00:00,55.45016,8.4685,0.0,111.0,64.0,5,1585735538
2020-04-01 11:16:26+00:00,55.45016,8.4685,0.0,110.0,296.0,5,1585739786
2020-04-01 14:04:32+00:00,55.45016,8.4685,0.0,110.0,181.0,5,1585749872
2020-04-01 15:07:33+00:00,55.45016,8.4685,0.0,111.0,91.0,5,1585753653
2020-04-01 16:10:37+00:00,55.45016,8.4685,0.0,111.0,154.0,5,1585757437
2020-04-01 17:13:37+00:00,55.45016,8.4685,0.0,111.0,317.0,5,1585761217
2020-04-01 20:07:42+00:00,55.45016,8.4685,0.0,110.0,239.0,5,1585771662
2020-04-01 21:10:48+00:00,55.45016,8.4685,0.0,111.0,65.0,5,1585775448
2020-04-02 00:04:54+00:00,55.45016,8.4685,0.0,111.0,74.0,5,1585785894
2020-04-02 01:07:52+00:00,55.45016,8.4685,0.0,111.0,104.0,5,1585789672
2020-04-02 02:10:56+00:00,55.45016,8.4685,0.0,111.0,127.0,5,1585793456
2020-04-02 04:17:00+00:00,55.45016,8.4685,0.0,111.0,222.0,5,1585801020
2020-04-02 06:02:01+00:00,55.45016,8.4685,0.0,111.0,226.0,5,1585807321
2020-04-02 11:20:13+00:00,55.45016,8.4685,0.0,111.0,3.0,5,1585826413
2020-04-02 12:02:14+00:00,55.45016,8.4685,0.0,111.0,294.0,5,1585828934
2020-04-02 13:05:16+00:00,55.45016,8.4685,0.0,110.0,206.0,5,1585832716
2020-04-02 15:14:20+00:00,55.45016,8.4685,0.0,111.0,310.0,5,1585840460
2020-04-02 16:17:22+00:00,55.45016,8.468667,0.0,111.0,80.0,5,1585844242
2020-04-02 17:20:24+00:00,55.45016,8.4685,0.0,111.0,309.0,5,1585848024
2020-04-02 18:02:25+00:00,55.45016,8.4685,0.0,111.0,329.0,5,1585850545
2020-04-02 19:05:28+00:00,55.45016,8.4685,0.0,111.0,0.0,5,1585854328
2020-04-03 03:08:45+00:00,55.45016,8.4685,0.0,111.0,237.0,5,1585883325
2020-04-03 07:20:53+00:00,55.45016,8.4685,0.0,111.0,357.0,5,1585898453
2020-04-03 15:18:08+00:00,55.45016,8.4685,0.0,111.0,251.0,5,1585927088
2020-04-03 18:18:28+00:00,55.45016,8.4685,0.0,111.0,343.0,5,1585937908
2020-04-03 19:00:28+00:00,55.45016,8.4685,0.0,111.0,330.0,5,1585940428
2020-04-03 21:09:32+00:00,55.45016,8.4685,0.0,111.0,223.0,5,1585948172
2020-04-03 22:12:35+00:00,55.45016,8.4685,0.0,111.0,238.0,5,1585951955
2020-04-04 01:00:40+00:00,55.45016,8.4685,0.0,111.0,258.0,5,1585962040
2020-04-04 02:03:41+00:00,55.45016,8.4685,0.0,111.0,263.0,5,1585965821
2020-04-04 03:06:43+00:00,55.45016,8.4685,0.0,111.0,293.0,5,1585969603
2020-04-04 06:15:49+00:00,55.45016,8.4685,0.0,111.0,115.0,5,1585980949
2020-04-04 07:18:50+00:00,55.45016,8.4685,0.0,111.0,246.0,5,1585984730
2020-04-04 08:00:51+00:00,55.45016,8.4685,0.0,111.0,161.0,5,1585987251
2020-04-04 09:06:54+00:00,55.45016,8.4685,0.0,111.0,104.0,5,1585991214
2020-04-04 10:09:57+00:00,55.45016,8.4685,0.0,111.0,138.0,5,1585994997
2020-04-04 11:12:58+00:00,55.45016,8.4685,0.0,111.0,311.0,5,1585998778
2020-04-04 12:16:00+00:00,55.45016,8.4685,0.0,111.0,293.0,5,1586002560
2020-04-04 14:01:03+00:00,55.45016,8.4685,0.0,111.0,214.0,5,1586008863
2020-04-04 15:04:06+00:00,55.45016,8.4685,0.0,111.0,173.0,5,1586012646
2020-04-04 17:14:22+00:00,55.45016,8.4685,0.0,111.0,290.0,5,1586020462
2020-04-04 22:08:32+00:00,55.45016,8.4685,0.0,111.0,280.0,5,1586038112
2020-04-04 23:11:34+00:00,55.45016,8.468667,0.0,111.0,32.0,5,1586041894
2020-04-05 00:14:36+00:00,55.45016,8.4685,0.0,111.0,175.0,5,1586045676
2020-04-05 04:05:44+00:00,55.45016,8.4685,0.0,111.0,252.0,5,1586059544
2020-04-05 05:08:44+00:00,55.45016,8.4685,0.0,111.0,312.0,5,1586063324
2020-04-05 06:11:47+00:00,55.45016,8.4685,0.0,111.0,11.0,5,1586067107
2020-04-05 11:05:57+00:00,55.45016,8.4685,0.0,111.0,217.0,5,1586084757
2020-04-05 13:00:01+00:00,55.45016,8.4685,0.0,111.0,262.0,5,1586091601
2020-04-05 15:18:05+00:00,55.45016,8.468667,0.0,111.0,109.0,5,1586099885
2020-04-05 17:09:05+00:00,55.45016,8.468667,0.0,110.0,116.0,5,1586106545
2020-04-05 19:15:09+00:00,55.45016,8.4685,0.0,111.0,3.0,5,1586114109
2020-04-05 20:18:14+00:00,55.45016,8.4685,0.0,111.0,229.0,5,1586117894
2020-04-06 00:09:19+00:00,55.45016,8.4685,0.0,111.0,109.0,5,1586131759
2020-04-06 02:15:24+00:00,55.45016,8.4685,0.0,111.0,248.0,5,1586139324
2020-04-06 04:00:28+00:00,55.45016,8.4685,0.0,111.0,135.0,5,1586145628
2020-04-06 05:03:29+00:00,55.45016,8.4685,0.0,111.0,261.0,5,1586149409
2020-04-06 06:06:33+00:00,55.45016,8.4685,0.0,111.0,45.0,5,1586153193
2020-04-06 09:15:39+00:00,55.45016,8.4685,0.0,111.0,352.0,5,1586164539
2020-04-06 15:12:50+00:00,55.45016,8.4685,0.0,111.0,25.0,5,1586185970
2020-04-06 19:03:57+00:00,55.45016,8.4685,0.0,110.0,66.0,5,1586199837
2020-04-06 21:10:01+00:00,55.45016,8.4685,0.0,111.0,222.0,5,1586207401
2020-04-06 22:13:05+00:00,55.45016,8.4685,0.0,111.0,22.0,5,1586211185
2020-04-06 23:16:06+00:00,55.45016,8.4685,0.0,111.0,164.0,5,1586214966
2020-04-07 01:01:09+00:00,55.45016,8.4685,0.0,111.0,62.0,5,1586221269
2020-04-07 03:07:14+00:00,55.45016,8.4685,0.0,111.0,89.0,5,1586228834
2020-04-07 05:13:17+00:00,55.45016,8.4685,0.0,111.0,124.0,5,1586236397
2020-04-07 06:16:20+00:00,55.45016,8.4685,0.0,111.0,334.0,5,1586240180
2020-04-07 09:04:25+00:00,55.45016,8.4685,0.0,110.0,309.0,5,1586250265
2020-04-07 12:13:31+00:00,55.45016,8.4685,0.0,111.0,196.0,5,1586261611
2020-04-07 14:19:35+00:00,55.45016,8.4685,0.0,111.0,250.0,5,1586269175
2020-04-07 17:07:40+00:00,55.45016,8.468667,0.0,111.0,153.0,5,1586279260
2020-04-07 18:10:42+00:00,55.45016,8.4685,0.0,111.0,28.0,5,1586283042
2020-04-07 20:19:46+00:00,55.45016,8.4685,0.0,111.0,47.0,5,1586290786
2020-04-07 22:04:50+00:00,55.45016,8.4685,0.0,111.0,249.0,5,1586297090
2020-04-07 23:07:52+00:00,55.45016,8.4685,0.0,111.0,281.0,5,1586300872
2020-04-08 00:10:54+00:00,55.45016,8.4685,0.0,111.0,342.0,5,1586304654
2020-04-08 01:13:55+00:00,55.45016,8.4685,0.0,111.0,172.0,5,1586308435
2020-04-08 04:02:00+00:00,55.45016,8.4685,0.0,111.0,96.0,5,1586318520
2020-04-08 05:05:02+00:00,55.45016,8.4685,0.0,111.0,131.0,5,1586322302
2020-04-08 06:08:05+00:00,55.45016,8.4685,0.0,110.0,79.0,5,1586326085
2020-04-08 07:11:07+00:00,55.45016,8.4685,0.0,111.0,225.0,5,1586329867
2020-04-08 09:17:11+00:00,55.45016,8.4685,0.0,111.0,57.0,5,1586337431
2020-04-08 14:08:46+00:00,55.45016,8.4685,0.0,111.0,311.0,5,1586354926
2020-04-08 15:11:47+00:00,55.45016,8.468667,0.0,111.0,261.0,5,1586358707
2020-04-08 18:02:54+00:00,55.45016,8.4685,0.0,111.0,358.0,5,1586368974
2020-04-08 19:05:55+00:00,55.45016,8.4685,0.0,111.0,98.0,5,1586372755
2020-04-08 20:08:58+00:00,55.45016,8.4685,0.0,111.0,334.0,5,1586376538
2020-04-08 23:18:04+00:00,55.45016,8.4685,0.0,111.0,174.0,5,1586387884
2020-04-09 00:00:05+00:00,55.45016,8.4685,0.0,111.0,27.0,5,1586390405
2020-04-09 04:12:13+00:00,55.45016,8.4685,0.0,111.0,77.0,5,1586405533
2020-04-09 05:15:16+00:00,55.45016,8.4685,0.0,111.0,226.0,5,1586409316
2020-04-09 06:18:19+00:00,55.45016,8.4685,0.0,111.0,226.0,5,1586413099
2020-04-09 07:00:20+00:00,55.45016,8.4685,0.0,111.0,132.0,5,1586415620
2020-04-09 08:03:20+00:00,55.45016,8.4685,0.0,111.0,321.0,5,1586419400
2020-04-09 11:17:25+00:00,55.45016,8.4685,0.0,111.0,195.0,5,1586431045
2020-04-09 12:20:31+00:00,55.45016,8.4685,0.0,111.0,273.0,5,1586434831
2020-04-18 04:06:19+00:00,55.45016,8.4685,0.0,111.0,216.0,5,1587182779
2020-04-18 09:53:49+00:00,55.45016,8.4685,0.0,111.0,25.0,5,1587203629
2020-04-18 11:17:52+00:00,55.45016,8.4685,0.0,110.0,119.0,5,1587208672
2020-04-18 13:02:56+00:00,55.45016,8.4685,0.0,110.0,150.0,5,1587214976
2020-04-18 19:00:06+00:00,55.45016,8.4685,0.0,111.0,145.0,5,1587236406
2020-04-18 20:03:08+00:00,55.45016,8.468667,0.0,110.0,163.0,5,1587240188
2020-04-18 22:09:12+00:00,55.45016,8.4685,0.0,111.0,202.0,5,1587247752
2020-04-18 23:15:14+00:00,55.45016,8.4685,0.0,111.0,261.0,5,1587251714
2020-04-19 00:18:16+00:00,55.45016,8.4685,0.0,111.0,62.0,5,1587255496
2020-04-19 04:09:24+00:00,55.45016,8.4685,0.0,110.0,41.0,5,1587269364
2020-04-19 05:12:24+00:00,55.45016,8.4685,0.0,111.0,359.0,5,1587273144
2020-04-19 06:15:29+00:00,55.45016,8.4685,0.0,111.0,88.0,5,1587276929
2020-04-19 07:18:28+00:00,55.45016,8.4685,0.0,111.0,50.0,5,1587280708
2020-04-19 12:15:41+00:00,55.45016,8.4685,0.0,111.0,128.0,5,1587298541
2020-04-19 15:06:43+00:00,55.45016,8.4685,0.0,111.0,240.0,5,1587308803
2020-04-19 16:15:50+00:00,55.45016,8.4685,0.0,111.0,157.0,5,1587312950
2020-04-19 17:03:51+00:00,55.45016,8.4685,0.0,111.0,127.0,5,1587315831
2020-04-19 18:09:54+00:00,55.45016,8.4685,0.0,111.0,185.0,5,1587319794
2020-04-19 20:03:58+00:00,55.45016,8.4685,0.0,111.0,195.0,5,1587326638
2020-04-19 22:04:02+00:00,55.45016,8.4685,0.0,111.0,123.0,5,1587333842
2020-04-20 00:04:05+00:00,55.45016,8.4685,0.0,111.0,178.0,5,1587341045
2020-04-20 01:16:08+00:00,55.45016,8.4685,0.0,111.0,46.0,5,1587345368
2020-04-20 02:04:10+00:00,55.45016,8.4685,0.0,111.0,233.0,5,1587348250
2020-04-20 03:16:11+00:00,55.45016,8.4685,0.0,111.0,227.0,5,1587352571
2020-04-20 05:16:15+00:00,55.45016,8.4685,0.0,111.0,54.0,5,1587359775
2020-04-20 07:16:19+00:00,55.45016,8.4685,0.0,111.0,182.0,5,1587366979
2020-04-20 08:04:21+00:00,55.45016,8.4685,0.0,111.0,30.0,5,1587369861
2020-04-20 09:04:32+00:00,55.45016,8.468667,0.0,111.0,280.0,5,1587373472
2020-04-20 11:10:37+00:00,55.45016,8.4685,0.0,111.0,277.0,5,1587381037
2020-04-20 12:22:39+00:00,55.45016,8.4685,0.0,110.0,207.0,5,1587385359
2020-04-20 13:10:41+00:00,55.45016,8.4685,0.0,110.0,11.0,5,1587388241
2020-04-20 15:04:45+00:00,55.45016,8.4685,0.0,111.0,97.0,5,1587395085
2020-04-20 18:04:21+00:00,55.45016,8.4685,0.0,111.0,323.0,0,1587405861
2020-04-28 12:23:03+00:00,55.4495,8.471167,0.0,112.0,92.0,0,1588076583
2020-04-28 14:07:56+00:00,55.4495,8.471167,0.0,112.0,73.0,5,1588082876
2020-04-28 15:10:56+00:00,55.4495,8.471167,0.0,111.0,219.0,5,1588086656
2020-04-28 16:14:00+00:00,55.4495,8.471167,0.0,111.0,139.0,5,1588090440
2020-04-28 17:17:00+00:00,55.4495,8.471167,0.0,111.0,288.0,5,1588094220
2020-04-28 18:20:04+00:00,55.4495,8.471167,0.0,111.0,84.0,5,1588098004
2020-04-28 19:02:05+00:00,55.4495,8.471167,0.0,111.0,256.0,5,1588100525
2020-04-28 20:05:06+00:00,55.4495,8.471167,0.0,111.0,231.0,5,1588104306
2020-04-29 01:20:17+00:00,55.4495,8.471167,0.0,111.0,53.0,5,1588123217
2020-04-29 04:08:22+00:00,55.4495,8.471167,0.0,111.0,66.0,5,1588133302
2020-04-29 06:14:26+00:00,55.4495,8.471167,0.0,111.0,222.0,5,1588140866
2020-04-29 08:20:31+00:00,55.4495,8.471167,0.0,111.0,328.0,5,1588148431
2020-04-29 10:05:32+00:00,55.4495,8.471167,0.0,111.0,219.0,5,1588154732
2020-04-29 12:20:40+00:00,55.4495,8.471167,0.0,111.0,105.0,5,1588162840
2020-04-29 14:20:44+00:00,55.4495,8.471167,0.0,111.0,151.0,5,1588170044
2020-04-29 16:20:48+00:00,55.4495,8.471167,0.0,111.0,135.0,5,1588177248
2020-04-29 17:08:49+00:00,55.4495,8.471167,0.0,111.0,104.0,5,1588180129
2020-04-29 18:20:51+00:00,55.4495,8.471167,0.0,111.0,0.0,5,1588184451
2020-04-29 19:02:52+00:00,55.4495,8.471334,0.0,111.0,273.0,5,1588186972
2020-04-29 22:17:55+00:00,55.4495,8.471167,0.0,111.0,98.0,5,1588198675
2020-04-30 00:15:03+00:00,55.4495,8.471167,0.0,111.0,275.0,5,1588205703
2020-04-30 05:15:12+00:00,55.4495,8.471167,0.0,111.0,121.0,5,1588223712
2020-04-30 08:03:17+00:00,55.4495,8.471167,0.0,111.0,16.0,5,1588233797
2020-05-09 07:14:42+00:00,55.4495,8.471167,0.0,111.0,225.0,5,1589008482
2020-05-09 08:17:44+00:00,55.4495,8.471167,0.0,111.0,43.0,5,1589012264
2020-05-09 09:20:46+00:00,55.4495,8.471167,0.0,111.0,115.0,5,1589016046
2020-05-09 10:03:30+00:00,55.4495,8.471167,0.0,111.0,15.0,5,1589018610
2020-05-09 11:06:35+00:00,55.4495,8.471167,0.0,111.0,199.0,5,1589022395
2020-05-09 14:15:39+00:00,55.4495,8.471167,0.0,111.0,353.0,5,1589033739
2020-05-09 16:00:44+00:00,55.4495,8.471167,0.0,111.0,197.0,5,1589040044
2020-05-09 17:03:44+00:00,55.4495,8.471167,0.0,112.0,122.0,5,1589043824
2020-05-09 22:18:56+00:00,55.4495,8.471167,0.0,112.0,173.0,5,1589062736
2020-05-10 00:03:59+00:00,55.4495,8.471167,0.0,111.0,241.0,5,1589069039
2020-05-10 03:13:05+00:00,55.44967,8.471167,0.0,111.0,50.0,5,1589080385
2020-05-10 05:19:09+00:00,55.4495,8.471334,0.0,111.0,277.0,5,1589087949
2020-05-10 06:01:11+00:00,55.4495,8.471167,0.0,111.0,133.0,5,1589090471
2020-05-10 09:10:15+00:00,55.4495,8.471167,0.0,111.0,212.0,5,1589101815
2020-05-10 10:13:19+00:00,55.4495,8.471167,0.0,111.0,133.0,5,1589105599
2020-05-10 11:16:19+00:00,55.4495,8.471167,0.0,111.0,175.0,5,1589109379
2020-05-10 12:19:22+00:00,55.4495,8.471167,0.0,111.0,75.0,5,1589113162
2020-05-10 13:01:24+00:00,55.4495,8.471167,0.0,111.0,173.0,5,1589115684
2020-05-10 14:04:24+00:00,55.4495,8.471167,0.0,111.0,118.0,5,1589119464
2020-05-10 15:07:27+00:00,55.4495,8.471167,0.0,111.0,292.0,5,1589123247
2020-05-10 17:13:32+00:00,55.4495,8.471167,0.0,111.0,23.0,5,1589130812
2020-05-10 21:07:40+00:00,55.4495,8.471167,0.0,111.0,252.0,5,1589144860
2020-05-11 00:19:45+00:00,55.4495,8.471167,0.0,111.0,49.0,5,1589156385
2020-05-11 01:19:00+00:00,55.4495,8.471167,0.0,111.0,8.0,5,1589159940
2020-05-11 03:19:05+00:00,55.4495,8.471167,0.0,112.0,164.0,5,1589167145
2020-05-11 04:01:06+00:00,55.44967,8.471167,0.0,111.0,22.0,5,1589169666
2020-05-11 06:01:10+00:00,55.4495,8.471167,0.0,111.0,209.0,5,1589176870
2020-05-11 10:17:10+00:00,55.4495,8.471167,0.0,111.0,220.0,5,1589192230
2020-05-11 11:15:22+00:00,55.4495,8.471334,0.0,111.0,14.0,5,1589195722
2020-05-11 13:03:26+00:00,55.4495,8.471167,0.0,111.0,175.0,5,1589202206
2020-05-11 15:20:33+00:00,55.4495,8.471167,0.0,111.0,343.0,5,1589210433
2020-05-11 18:08:38+00:00,55.4495,8.471167,0.0,111.0,144.0,5,1589220518
2020-05-11 20:14:43+00:00,55.44967,8.471,0.0,111.0,250.0,5,1589228083
2020-05-11 22:20:47+00:00,55.4495,8.471167,0.0,111.0,216.0,5,1589235647
2020-05-11 23:02:48+00:00,55.4495,8.471167,0.0,111.0,200.0,5,1589238168
2020-05-12 00:05:52+00:00,55.4495,8.471334,0.0,111.0,359.0,5,1589241952
2020-05-12 01:08:52+00:00,55.4495,8.471167,0.0,111.0,348.0,5,1589245732
2020-05-12 02:11:57+00:00,55.4495,8.471334,0.0,111.0,200.0,5,1589249517
2020-05-12 03:17:59+00:00,55.44967,8.471167,0.0,111.0,160.0,5,1589253479
2020-05-12 04:00:00+00:00,55.44967,8.471167,0.0,111.0,58.0,5,1589256000
2020-05-12 06:06:04+00:00,55.44967,8.471167,0.0,111.0,181.0,5,1589263564
2020-05-12 12:18:17+00:00,55.4495,8.471334,0.0,111.0,258.0,5,1589285897
2020-05-12 13:00:18+00:00,55.44967,8.471167,0.0,111.0,173.0,5,1589288418
2020-05-12 15:18:24+00:00,55.4495,8.471167,0.0,111.0,189.0,5,1589296704
2020-05-12 16:06:26+00:00,55.4495,8.471167,0.0,111.0,99.0,5,1589299586
2020-05-12 19:18:31+00:00,55.4495,8.471167,0.0,111.0,307.0,5,1589311111
2020-05-12 22:06:37+00:00,55.4495,8.4715,0.0,111.0,178.0,5,1589321197
2020-05-12 23:15:23+00:00,55.4495,8.471334,0.0,111.0,103.0,0,1589325323
2020-05-20 12:12:06+00:00,55.45016,8.468833,0.0,112.0,352.0,5,1589976726
2020-05-20 13:07:17+00:00,55.45016,8.4685,0.0,112.0,234.0,5,1589980037
2020-05-20 14:13:20+00:00,55.45016,8.4685,0.0,112.0,261.0,5,1589984000
2020-05-20 15:16:21+00:00,55.45016,8.4685,0.0,112.0,329.0,5,1589987781
2020-05-20 16:19:24+00:00,55.45016,8.4685,0.0,112.0,143.0,5,1589991564
2020-05-20 17:01:25+00:00,55.45016,8.4685,0.0,112.0,80.0,5,1589994085
2020-05-20 18:04:27+00:00,55.45016,8.4685,0.0,112.0,110.0,5,1589997867
2020-05-20 21:13:33+00:00,55.45016,8.4685,0.0,112.0,316.0,5,1590009213
2020-05-20 23:19:37+00:00,55.45016,8.4685,0.0,112.0,158.0,5,1590016777
2020-05-21 00:01:39+00:00,55.45016,8.4685,0.0,112.0,79.0,5,1590019299
2020-05-21 01:04:41+00:00,55.45016,8.4685,0.0,112.0,300.0,5,1590023081
2020-05-21 02:07:44+00:00,55.45016,8.4685,0.0,112.0,175.0,5,1590026864
2020-05-21 05:16:47+00:00,55.45016,8.4685,0.0,112.0,295.0,5,1590038207
2020-05-21 07:07:10+00:00,55.45016,8.4685,0.0,111.0,162.0,5,1590044830
2020-05-21 10:16:17+00:00,55.45016,8.4685,0.0,111.0,101.0,5,1590056177
2020-05-21 11:19:17+00:00,55.45016,8.4685,0.0,111.0,315.0,5,1590059957
2020-05-21 12:01:19+00:00,55.45016,8.4685,0.0,111.0,7.0,5,1590062479
2020-05-21 13:03:47+00:00,55.45016,8.468667,0.0,112.0,262.0,5,1590066227
2020-05-21 14:12:53+00:00,55.45016,8.4685,0.0,112.0,71.0,5,1590070373
2020-05-21 15:18:55+00:00,55.45016,8.4685,0.0,112.0,251.0,5,1590074335
2020-05-21 16:00:56+00:00,55.45016,8.4685,0.0,112.0,38.0,5,1590076856
2020-05-21 18:11:53+00:00,55.45016,8.4685,0.0,112.0,205.0,0,1590084713
2020-05-21 19:14:33+00:00,55.45016,8.4685,0.0,112.0,250.0,0,1590088473
2020-05-21 20:18:33+00:00,55.45017,8.46851,0.0,112.0,212.0,0,1590092313
2020-05-21 23:12:03+00:00,55.45016,8.4685,0.0,112.0,250.0,0,1590102723
2020-05-22 00:10:14+00:00,55.45016,8.4685,0.0,112.0,225.0,0,1590106214
2020-05-22 01:16:53+00:00,55.45016,8.4685,0.0,112.0,295.0,5,1590110213
2020-05-30 06:02:24+00:00,55.45016,8.4685,0.0,112.0,147.0,5,1590818544
2020-05-30 07:05:28+00:00,55.45016,8.4685,0.0,112.0,112.0,5,1590822328
2020-05-30 08:08:27+00:00,55.45016,8.4685,0.0,112.0,250.0,5,1590826107
2020-05-30 11:20:34+00:00,55.45016,8.4685,0.0,111.0,341.0,5,1590837634
2020-05-30 14:06:44+00:00,55.45016,8.4685,0.0,112.0,218.0,5,1590847604
2020-05-30 17:00:50+00:00,55.45016,8.468667,0.0,112.0,335.0,5,1590858050
2020-05-30 18:03:52+00:00,55.45016,8.4685,0.0,111.0,306.0,5,1590861832
2020-05-30 19:06:54+00:00,55.45016,8.4685,0.0,112.0,285.0,5,1590865614
2020-05-30 20:12:56+00:00,55.45016,8.4685,0.0,112.0,289.0,5,1590869576
2020-05-30 22:01:00+00:00,55.45016,8.4685,0.0,112.0,327.0,5,1590876060
2020-05-30 23:04:01+00:00,55.45016,8.4685,0.0,112.0,294.0,5,1590879841
2020-05-31 00:07:05+00:00,55.45016,8.4685,0.0,112.0,147.0,5,1590883625
2020-05-31 01:10:05+00:00,55.45016,8.4685,0.0,112.0,345.0,5,1590887405
2020-05-31 03:01:12+00:00,55.45016,8.4685,0.0,112.0,178.0,5,1590894072
2020-05-31 04:07:13+00:00,55.45016,8.4685,0.0,112.0,209.0,5,1590898033
2020-05-31 06:13:18+00:00,55.45016,8.4685,0.0,111.0,222.0,5,1590905598
2020-05-31 07:16:18+00:00,55.45016,8.4685,0.0,112.0,252.0,5,1590909378
2020-05-31 08:19:22+00:00,55.45016,8.4685,0.0,112.0,190.0,5,1590913162
2020-06-09 05:20:36+00:00,55.45018,8.468469,0.0,112.0,359.0,0,1591680036
2020-06-09 06:04:57+00:00,55.45016,8.468532,0.0,112.0,330.0,5,1591682697
2020-06-09 07:07:59+00:00,55.45014,8.468523,0.0,112.0,192.0,5,1591686479
2020-06-09 08:14:03+00:00,55.45,8.468678,0.0,112.0,77.0,5,1591690443
2020-06-09 09:17:03+00:00,55.45016,8.468505,0.0,112.0,303.0,5,1591694223
2020-06-09 10:20:05+00:00,55.45014,8.468536,0.0,112.0,21.0,5,1591698005
2020-06-09 11:02:06+00:00,55.45012,8.468549,0.0,112.0,78.0,5,1591700526
2020-06-09 12:05:09+00:00,55.45015,8.468536,0.0,112.0,128.0,5,1591704309
2020-06-09 13:08:10+00:00,55.45015,8.468529,0.0,112.0,187.0,5,1591708090
2020-06-09 14:11:11+00:00,55.45016,8.468523,0.0,112.0,236.0,5,1591711871
2020-06-09 15:14:14+00:00,55.45015,8.468563,0.0,112.0,18.0,5,1591715654
2020-06-09 16:20:16+00:00,55.45016,8.46847,0.0,112.0,196.0,5,1591719616
2020-06-09 17:02:17+00:00,55.45015,8.468502,0.0,112.0,230.0,5,1591722137
2020-06-09 18:05:17+00:00,55.45015,8.468495,0.0,112.0,254.0,5,1591725917
2020-06-09 19:08:22+00:00,55.45014,8.468518,0.0,112.0,201.0,5,1591729702
2020-06-09 20:11:22+00:00,55.45015,8.468493,0.0,112.0,220.0,5,1591733482
2020-06-09 21:14:25+00:00,55.45016,8.468515,0.0,112.0,221.0,5,1591737265
2020-06-09 22:17:26+00:00,55.45008,8.468655,0.0,112.0,214.0,5,1591741046
2020-06-09 23:20:29+00:00,55.45016,8.468518,0.0,112.0,216.0,5,1591744829
2020-06-10 00:02:34+00:00,55.45015,8.468509,0.0,112.0,23.0,5,1591747354
2020-06-10 01:05:31+00:00,55.45016,8.468512,0.0,112.0,86.0,5,1591751131
2020-06-10 02:08:34+00:00,55.45015,8.468509,0.0,112.0,100.0,5,1591754914
2020-06-10 03:14:37+00:00,55.45016,8.468503,0.0,112.0,333.0,5,1591758877
2020-06-10 04:17:38+00:00,55.45016,8.468523,0.0,112.0,45.0,5,1591762658
2020-06-10 05:20:40+00:00,55.45019,8.468507,0.0,112.0,288.0,5,1591766440
2020-06-10 06:02:40+00:00,55.45013,8.468627,0.0,112.0,348.0,5,1591768960
2020-06-10 07:05:44+00:00,55.45013,8.468556,0.0,112.0,148.0,5,1591772744
2020-06-10 08:11:45+00:00,55.45015,8.468496,0.0,112.0,19.0,5,1591776705
2020-06-10 09:14:47+00:00,55.45016,8.468513,0.0,112.0,260.0,5,1591780487
2020-06-10 10:17:49+00:00,55.45015,8.468542,0.0,112.0,78.0,5,1591784269
2020-06-10 11:20:51+00:00,55.45017,8.468523,0.0,112.0,106.0,5,1591788051
2020-06-10 12:02:25+00:00,55.45019,8.468578,0.0,112.0,189.0,0,1591790545
2020-06-17 07:08:02+00:00,55.45022,8.468476,0.0,112.0,110.0,0,1592377682
2020-06-17 08:11:12+00:00,55.45024,8.468563,0.0,112.0,32.0,5,1592381472
2020-06-17 09:14:15+00:00,55.45017,8.46847,0.0,111.0,330.0,5,1592385255
2020-06-17 10:17:17+00:00,55.45017,8.468495,0.0,111.0,212.0,5,1592389037
2020-06-17 11:20:20+00:00,55.45016,8.468516,0.0,111.0,203.0,5,1592392820
2020-06-17 12:02:21+00:00,55.45016,8.468574,0.0,111.0,98.0,5,1592395341
2020-06-17 13:05:23+00:00,55.45015,8.468538,0.0,111.0,48.0,5,1592399123
2020-06-17 14:08:26+00:00,55.45017,8.468503,0.0,111.0,356.0,5,1592402906
2020-06-17 15:11:28+00:00,55.45017,8.468516,0.0,111.0,192.0,5,1592406688
2020-06-17 16:14:30+00:00,55.45017,8.468495,0.0,111.0,355.0,5,1592410470
2020-06-17 17:26:13+00:00,55.45015,8.46857,0.0,111.0,20.0,5,1592414773
2020-06-17 18:08:34+00:00,55.45018,8.46847,0.0,111.0,229.0,5,1592417314
2020-06-17 19:14:36+00:00,55.4502,8.468422,0.0,111.0,254.0,5,1592421276
2020-06-17 20:20:38+00:00,55.45016,8.468515,0.0,111.0,88.0,5,1592425238
2020-06-17 21:02:39+00:00,55.45017,8.468495,0.0,111.0,105.0,5,1592427759
2020-06-17 22:05:41+00:00,55.45017,8.46851,0.0,111.0,270.0,5,1592431541
2020-06-17 23:17:43+00:00,55.45013,8.46861,0.0,111.0,209.0,5,1592435863
2020-06-18 00:02:43+00:00,55.45016,8.468518,0.0,111.0,351.0,5,1592438563
2020-06-18 01:08:45+00:00,55.45017,8.46852,0.0,111.0,51.0,5,1592442525
2020-06-18 02:11:49+00:00,55.45015,8.46852,0.0,111.0,68.0,5,1592446309
2020-06-18 03:14:48+00:00,55.45016,8.468522,0.0,111.0,13.0,5,1592450088
2020-06-18 04:17:52+00:00,55.45016,8.468522,0.0,111.0,63.0,5,1592453872
2020-06-18 05:05:54+00:00,55.4502,8.468654,0.0,111.0,90.0,5,1592456754
2020-06-18 06:09:21+00:00,55.45016,8.468487,0.0,111.0,350.0,0,1592460561
2020-06-24 20:22:00+00:00,55.45018,8.468532,0.0,112.0,320.0,5,1593030120
2020-06-24 21:10:02+00:00,55.45015,8.468598,0.0,111.0,49.0,5,1593033002
2020-06-24 22:16:04+00:00,55.45016,8.468523,0.0,111.0,77.0,5,1593036964
2020-06-24 23:13:06+00:00,55.45017,8.468512,0.0,111.0,230.0,5,1593040386
2020-06-25 00:12:04+00:00,55.45016,8.468522,0.0,111.0,235.0,5,1593043924
2020-06-25 01:01:16+00:00,55.4502,8.468532,0.0,111.0,266.0,5,1593046876
2020-06-25 02:07:11+00:00,55.45016,8.468575,0.0,111.0,208.0,5,1593050831
2020-06-25 03:22:15+00:00,55.45015,8.468542,0.0,111.0,64.0,5,1593055335
2020-06-25 04:04:16+00:00,55.45017,8.46852,0.0,111.0,71.0,5,1593057856
2020-06-25 05:16:26+00:00,55.45017,8.468503,0.0,111.0,58.0,5,1593062186
2020-06-25 06:19:26+00:00,55.45015,8.468547,0.0,111.0,45.0,5,1593065966
2020-06-25 07:07:22+00:00,55.45013,8.468549,0.0,111.0,70.0,5,1593068842
2020-06-25 08:10:23+00:00,55.45016,8.468503,0.0,111.0,277.0,5,1593072623
2020-06-25 09:12:47+00:00,55.45017,8.468523,0.0,111.0,2.0,5,1593076367
2020-06-25 10:16:27+00:00,55.45013,8.468567,0.0,111.0,73.0,5,1593080187
2020-06-25 11:19:29+00:00,55.45016,8.468601,0.0,111.0,99.0,5,1593083969
2020-06-25 12:01:31+00:00,55.45016,8.468502,0.0,111.0,63.0,5,1593086491
2020-06-25 13:04:33+00:00,55.45015,8.468513,0.0,111.0,3.0,5,1593090273
2020-06-25 14:07:33+00:00,55.45016,8.468543,0.0,111.0,28.0,5,1593094053
2020-06-25 15:10:38+00:00,55.45012,8.468595,0.0,111.0,28.0,5,1593097838
2020-06-25 16:19:35+00:00,55.45012,8.468587,0.0,111.0,9.0,5,1593101975
2020-06-25 17:02:23+00:00,55.45016,8.468518,0.0,112.0,179.0,0,1593104543
2020-07-12 19:08:13+00:00,55.45016,8.468534,0.0,112.0,75.0,5,1594580893
2020-07-12 20:10:54+00:00,55.45016,8.468578,0.0,112.0,48.0,5,1594584654
2020-07-12 21:13:54+00:00,55.45017,8.468536,0.0,112.0,29.0,5,1594588434
2020-07-12 22:16:58+00:00,55.45017,8.468503,0.0,112.0,246.0,5,1594592218
2020-07-12 23:23:01+00:00,55.45018,8.468522,0.0,112.0,57.0,5,1594596181
2020-07-13 00:05:01+00:00,55.4502,8.468509,0.0,112.0,275.0,5,1594598701
2020-07-13 01:11:04+00:00,55.45018,8.468542,0.0,112.0,260.0,5,1594602664
2020-07-13 02:14:04+00:00,55.45016,8.468554,0.0,112.0,62.0,5,1594606444
2020-07-13 03:17:08+00:00,55.45006,8.46874,0.0,112.0,7.0,5,1594610228
2020-07-13 04:20:07+00:00,55.45017,8.46849,0.0,112.0,39.0,5,1594614007
2020-07-13 05:02:10+00:00,55.45016,8.468549,0.0,112.0,52.0,5,1594616530
2020-07-13 06:08:12+00:00,55.45016,8.46851,0.0,112.0,270.0,5,1594620492
2020-07-13 07:14:14+00:00,55.45018,8.468509,0.0,112.0,69.0,5,1594624454
2020-07-13 08:23:21+00:00,55.45016,8.468547,0.0,112.0,46.0,5,1594628601
2020-07-13 09:12:12+00:00,55.45016,8.46855,0.0,112.0,154.0,5,1594631532
2020-07-13 10:17:27+00:00,55.45017,8.46853,0.0,112.0,63.0,5,1594635447
2020-07-13 11:05:25+00:00,55.45017,8.468515,0.0,112.0,66.0,5,1594638325
2020-07-13 12:17:28+00:00,55.45018,8.468529,0.0,112.0,5.0,5,1594642648
2020-07-13 13:05:30+00:00,55.45017,8.468555,0.0,112.0,54.0,5,1594645530
2020-07-13 14:16:29+00:00,55.45016,8.46856,0.0,112.0,36.0,5,1594649789
2020-07-13 15:20:31+00:00,55.45016,8.468516,0.0,112.0,337.0,5,1594653631
2020-07-13 16:05:34+00:00,55.45017,8.468516,0.0,112.0,62.0,5,1594656334
2020-07-13 17:08:32+00:00,55.45017,8.468502,0.0,111.0,75.0,5,1594660112
2020-07-13 18:17:38+00:00,55.45016,8.468516,0.0,112.0,46.0,5,1594664258
2020-07-13 19:23:40+00:00,55.45015,8.468527,0.0,112.0,98.0,5,1594668220
2020-07-13 20:14:38+00:00,55.45016,8.468534,0.0,112.0,33.0,5,1594671278
2020-07-13 21:20:18+00:00,55.45017,8.468515,0.0,112.0,27.0,5,1594675218
2020-07-13 22:02:42+00:00,55.45016,8.468523,0.0,112.0,85.0,5,1594677762
2020-07-23 21:13:54+00:00,55.45019,8.468493,0.0,111.0,191.0,0,1595538834
2020-07-23 22:17:06+00:00,55.4502,8.468535,0.0,112.0,70.0,5,1595542626
2020-07-23 23:20:09+00:00,55.45019,8.468495,0.0,112.0,81.0,5,1595546409
2020-07-24 00:02:09+00:00,55.45017,8.468547,0.0,112.0,49.0,5,1595548929
2020-07-24 01:05:12+00:00,55.45016,8.468543,0.0,111.0,225.0,5,1595552712
2020-07-24 02:11:14+00:00,55.45019,8.468509,0.0,112.0,243.0,5,1595556674
2020-07-24 03:14:15+00:00,55.45018,8.468516,0.0,112.0,88.0,5,1595560455
2020-07-24 04:17:17+00:00,55.45016,8.468535,0.0,112.0,73.0,5,1595564237
2020-07-24 05:20:19+00:00,55.45016,8.468585,0.0,111.0,105.0,5,1595568019
2020-07-24 06:02:21+00:00,55.45017,8.46852,0.0,112.0,75.0,5,1595570541
2020-07-24 07:05:21+00:00,55.45017,8.46852,0.0,111.0,187.0,5,1595574321
2020-07-24 08:08:25+00:00,55.45009,8.468615,0.0,112.0,66.0,5,1595578105
2020-07-24 09:11:26+00:00,55.45017,8.468547,0.0,111.0,269.0,5,1595581886
2020-07-24 10:14:29+00:00,55.45017,8.468516,0.0,112.0,52.0,5,1595585669
2020-07-24 11:17:30+00:00,55.45019,8.468549,0.0,112.0,74.0,5,1595589450
2020-07-24 12:20:32+00:00,55.45018,8.468543,0.0,112.0,158.0,5,1595593232
2020-07-24 13:02:35+00:00,55.45017,8.468549,0.0,112.0,203.0,5,1595595755
2020-07-24 14:05:36+00:00,55.45016,8.468529,0.0,111.0,267.0,5,1595599536
2020-07-24 15:08:37+00:00,55.45017,8.468515,0.0,112.0,161.0,5,1595603317
2020-07-24 16:11:40+00:00,55.45016,8.46854,0.0,111.0,259.0,5,1595607100
2020-07-24 17:14:42+00:00,55.45015,8.468522,0.0,112.0,63.0,5,1595610882
2020-07-24 18:17:44+00:00,55.45016,8.468536,0.0,111.0,63.0,5,1595614664
2020-07-24 19:23:46+00:00,55.45016,8.468555,0.0,111.0,51.0,5,1595618626
2020-07-24 20:05:48+00:00,55.45016,8.468562,0.0,111.0,225.0,5,1595621148
2020-07-24 21:08:49+00:00,55.45016,8.468529,0.0,111.0,207.0,5,1595624929
2020-07-24 22:11:51+00:00,55.45018,8.468523,0.0,111.0,197.0,5,1595628711
2020-07-24 23:14:54+00:00,55.45018,8.46851,0.0,111.0,275.0,5,1595632494
2020-07-25 00:17:55+00:00,55.45016,8.468592,0.0,112.0,330.0,5,1595636275
2020-07-25 01:02:57+00:00,55.45016,8.468555,0.0,111.0,238.0,5,1595638977
2020-07-25 02:05:58+00:00,55.45016,8.468509,0.0,112.0,195.0,5,1595642758
2020-07-25 03:09:00+00:00,55.45016,8.468513,0.0,111.0,76.0,5,1595646540
2020-07-25 04:15:01+00:00,55.45016,8.468542,0.0,112.0,82.0,5,1595650501
2020-07-25 05:18:04+00:00,55.45016,8.46852,0.0,112.0,326.0,5,1595654284
2020-07-25 06:00:05+00:00,55.45016,8.468516,0.0,112.0,28.0,5,1595656805
2020-07-25 07:03:07+00:00,55.45014,8.468567,0.0,112.0,258.0,5,1595660587
2020-07-25 08:06:09+00:00,55.44997,8.468694,0.0,112.0,225.0,5,1595664369
2020-08-05 00:17:16+00:00,55.45016,8.468569,0.0,112.0,75.0,5,1596586636
2020-08-05 01:20:16+00:00,55.45017,8.468542,0.0,112.0,94.0,5,1596590416
2020-08-05 02:02:18+00:00,55.4502,8.468547,0.0,112.0,113.0,5,1596592938
2020-08-05 03:08:19+00:00,55.45015,8.468535,0.0,112.0,68.0,5,1596596899
2020-08-05 04:11:22+00:00,55.45016,8.46851,0.0,112.0,92.0,5,1596600682
2020-08-05 05:14:23+00:00,55.45017,8.468534,0.0,112.0,1.0,5,1596604463
2020-08-05 06:17:27+00:00,55.45016,8.468529,0.0,112.0,50.0,5,1596608247
2020-08-05 07:20:28+00:00,55.4501,8.468614,0.0,112.0,253.0,5,1596612028
2020-08-05 08:02:29+00:00,55.45017,8.468513,0.0,112.0,233.0,5,1596614549
2020-08-05 09:05:33+00:00,55.45016,8.468529,0.0,112.0,138.0,5,1596618333
2020-08-05 10:08:34+00:00,55.45015,8.468549,0.0,112.0,230.0,5,1596622114
2020-08-05 11:11:37+00:00,55.45016,8.468529,0.0,112.0,41.0,5,1596625897
2020-08-05 12:17:39+00:00,55.45016,8.468562,0.0,112.0,23.0,5,1596629859
2020-08-05 13:20:40+00:00,55.45016,8.468523,0.0,112.0,51.0,5,1596633640
2020-08-05 14:02:41+00:00,55.45017,8.468509,0.0,112.0,317.0,5,1596636161
2020-08-05 15:05:47+00:00,55.45016,8.468513,0.0,112.0,254.0,5,1596639947
2020-08-05 16:08:45+00:00,55.45014,8.468601,0.0,112.0,259.0,5,1596643725
2020-08-05 17:11:50+00:00,55.45015,8.46857,0.0,112.0,184.0,5,1596647510
2020-08-05 18:14:49+00:00,55.45016,8.468574,0.0,112.0,59.0,5,1596651289
2020-08-05 19:17:55+00:00,55.45015,8.46855,0.0,112.0,251.0,5,1596655075
2020-08-05 20:23:57+00:00,55.45016,8.468502,0.0,112.0,307.0,5,1596659037
2020-08-05 21:11:58+00:00,55.45016,8.468516,0.0,112.0,346.0,5,1596661918
2020-08-05 22:18:00+00:00,55.45019,8.468503,0.0,112.0,49.0,5,1596665880
2020-08-05 23:00:01+00:00,55.45016,8.468515,0.0,112.0,207.0,5,1596668401
2020-08-06 00:03:00+00:00,55.45016,8.468527,0.0,112.0,242.0,5,1596672180
2020-08-06 01:12:06+00:00,55.45017,8.468509,0.0,112.0,68.0,5,1596676326
2020-08-06 02:18:08+00:00,55.45016,8.468515,0.0,112.0,51.0,5,1596680288
2020-08-06 03:03:06+00:00,55.45015,8.46852,0.0,112.0,42.0,5,1596682986
2020-08-06 04:06:11+00:00,55.45015,8.468509,0.0,112.0,307.0,5,1596686771
2020-08-06 05:18:14+00:00,55.45016,8.468516,0.0,112.0,88.0,5,1596691094
2020-08-06 06:00:15+00:00,55.45015,8.468502,0.0,112.0,238.0,5,1596693615
2020-08-06 07:03:14+00:00,55.45016,8.46858,0.0,112.0,238.0,5,1596697394
2020-08-06 08:06:20+00:00,55.45015,8.468535,0.0,112.0,95.0,5,1596701180
2020-08-06 09:12:21+00:00,55.45016,8.468529,0.0,112.0,54.0,5,1596705141
2020-08-13 02:22:18+00:00,55.45016,8.468509,0.0,112.0,217.0,5,1597285338
2020-08-13 03:04:21+00:00,55.45049,8.468628,0.0,112.0,90.0,5,1597287861
2020-08-13 04:07:19+00:00,55.45016,8.468527,0.0,112.0,33.0,5,1597291639
2020-08-13 05:10:23+00:00,55.45018,8.468507,0.0,112.0,254.0,5,1597295423
2020-08-13 06:13:23+00:00,55.45017,8.468523,0.0,112.0,355.0,5,1597299203
2020-08-13 07:16:28+00:00,55.45016,8.468529,0.0,112.0,85.0,5,1597302988
2020-08-13 08:19:28+00:00,55.45015,8.46862,0.0,112.0,77.0,5,1597306768
2020-08-13 09:01:29+00:00,55.45016,8.468525,0.0,112.0,220.0,5,1597309289
2020-08-13 10:04:32+00:00,55.4502,8.468525,0.0,112.0,82.0,5,1597313072
2020-08-13 11:07:33+00:00,55.45019,8.46855,0.0,112.0,214.0,5,1597316853
2020-08-13 12:13:35+00:00,55.45016,8.468555,0.0,112.0,220.0,5,1597320815
2020-08-13 13:16:39+00:00,55.45016,8.468523,0.0,112.0,349.0,5,1597324599
2020-08-13 14:19:40+00:00,55.45016,8.468555,0.0,112.0,98.0,5,1597328380
2020-08-13 15:01:41+00:00,55.45016,8.468523,0.0,112.0,223.0,5,1597330901
2020-08-13 16:04:44+00:00,55.45017,8.468522,0.0,112.0,14.0,5,1597334684
2020-08-13 17:07:44+00:00,55.45018,8.468515,0.0,112.0,159.0,5,1597338464
2020-08-13 18:10:47+00:00,55.45018,8.468527,0.0,112.0,261.0,5,1597342247
2020-08-13 19:16:50+00:00,55.45015,8.468536,0.0,112.0,210.0,5,1597346210
2020-08-13 20:01:51+00:00,55.45016,8.46849,0.0,112.0,78.0,5,1597348911
2020-08-13 21:07:51+00:00,55.45017,8.468507,0.0,112.0,66.0,5,1597352871
2020-08-13 22:10:56+00:00,55.45017,8.468503,0.0,112.0,35.0,5,1597356656
2020-08-13 23:13:55+00:00,55.45017,8.468527,0.0,112.0,13.0,5,1597360435
2020-08-22 04:01:14+00:00,55.45016,8.4686,0.0,112.0,359.0,5,1598068874
2020-08-22 05:04:17+00:00,55.45014,8.46851,0.0,112.0,242.0,5,1598072657
2020-08-22 06:07:17+00:00,55.45016,8.46853,0.0,112.0,66.0,5,1598076437
2020-08-22 07:10:20+00:00,55.45017,8.468527,0.0,112.0,92.0,5,1598080220
2020-08-22 08:13:22+00:00,55.45016,8.468516,0.0,112.0,15.0,5,1598084002
2020-08-22 09:16:23+00:00,55.45016,8.468509,0.0,112.0,71.0,5,1598087783
2020-08-22 10:19:27+00:00,55.45016,8.468543,0.0,112.0,55.0,5,1598091567
2020-08-22 11:01:28+00:00,55.45016,8.46853,0.0,112.0,37.0,5,1598094088
2020-08-22 12:04:30+00:00,55.45016,8.468485,0.0,112.0,32.0,5,1598097870
2020-08-22 13:07:32+00:00,55.45016,8.46849,0.0,112.0,293.0,5,1598101652
2020-08-22 14:10:35+00:00,55.45015,8.468516,0.0,112.0,67.0,5,1598105435
2020-08-22 15:13:36+00:00,55.45016,8.46851,0.0,112.0,154.0,5,1598109216
2020-08-22 16:16:37+00:00,55.45017,8.468492,0.0,112.0,34.0,5,1598112997
2020-08-22 17:19:40+00:00,55.45015,8.468567,0.0,112.0,226.0,5,1598116780
2020-08-22 18:01:41+00:00,55.45016,8.468555,0.0,112.0,227.0,5,1598119301
2020-08-22 19:04:43+00:00,55.45016,8.468507,0.0,112.0,265.0,5,1598123083
2020-08-22 20:07:46+00:00,55.45017,8.468496,0.0,112.0,251.0,5,1598126866
2020-08-22 21:10:46+00:00,55.45019,8.468495,0.0,112.0,77.0,5,1598130646
2020-08-22 22:13:50+00:00,55.45015,8.46857,0.0,112.0,184.0,5,1598134430
2020-08-22 23:16:49+00:00,55.45015,8.468515,0.0,112.0,247.0,5,1598138209
2020-08-23 00:01:54+00:00,55.45018,8.468515,0.0,112.0,66.0,5,1598140914
2020-08-23 01:07:56+00:00,55.45017,8.468518,0.0,112.0,98.0,5,1598144876
2020-08-23 02:19:59+00:00,55.45015,8.468522,0.0,112.0,48.0,5,1598149199
2020-08-23 03:08:00+00:00,55.45013,8.46853,0.0,112.0,71.0,5,1598152080
2020-08-23 04:20:02+00:00,55.45017,8.468496,0.0,112.0,46.0,5,1598156402
2020-08-23 05:08:04+00:00,55.45016,8.46854,0.0,112.0,41.0,5,1598159284
2020-08-23 06:14:06+00:00,55.45016,8.468534,0.0,112.0,50.0,5,1598163246
2020-08-23 07:17:05+00:00,55.45016,8.468512,0.0,112.0,204.0,5,1598167025
2020-08-23 08:20:10+00:00,55.45016,8.468515,0.0,112.0,76.0,5,1598170810
2020-08-23 09:02:11+00:00,55.45017,8.468503,0.0,112.0,76.0,5,1598173331
2020-08-23 10:05:09+00:00,55.45016,8.46853,0.0,112.0,50.0,5,1598177109
2020-08-23 11:11:11+00:00,55.45015,8.468542,0.0,112.0,64.0,5,1598181071
2020-08-23 12:14:16+00:00,55.45016,8.46849,0.0,112.0,270.0,5,1598184856
2020-08-23 13:17:15+00:00,55.45016,8.468496,0.0,112.0,38.0,5,1598188635
2020-08-23 14:20:21+00:00,55.45016,8.468492,0.0,112.0,219.0,5,1598192421
2020-08-23 15:05:19+00:00,55.45016,8.468503,0.0,112.0,97.0,5,1598195119
2020-08-23 16:14:25+00:00,55.45016,8.468507,0.0,112.0,46.0,5,1598199265
2020-08-23 17:02:26+00:00,55.45016,8.468581,0.0,112.0,264.0,5,1598202146
2020-08-23 18:14:29+00:00,55.45016,8.468503,0.0,112.0,35.0,5,1598206469
2020-08-23 19:02:30+00:00,55.45016,8.468507,0.0,112.0,4.0,5,1598209350
2020-08-23 20:11:30+00:00,55.45017,8.468495,0.0,112.0,78.0,5,1598213490
2020-08-23 21:17:30+00:00,55.45016,8.468503,0.0,112.0,73.0,5,1598217450
2020-08-23 22:02:36+00:00,55.45015,8.468562,0.0,112.0,190.0,5,1598220156
2020-08-23 23:14:39+00:00,55.45015,8.468523,0.0,112.0,79.0,5,1598224479
2020-08-24 00:02:40+00:00,55.45017,8.468513,0.0,112.0,110.0,5,1598227360
2020-08-24 01:14:42+00:00,55.45016,8.468518,0.0,112.0,45.0,5,1598231682
2020-08-24 02:02:44+00:00,55.45016,8.468523,0.0,112.0,38.0,5,1598234564
2020-08-24 03:14:46+00:00,55.45015,8.46858,0.0,112.0,343.0,5,1598238886
2020-08-24 04:02:48+00:00,55.45016,8.468513,0.0,112.0,74.0,5,1598241768
2020-08-24 05:14:49+00:00,55.45016,8.468516,0.0,112.0,13.0,5,1598246089
2020-08-24 06:02:51+00:00,55.45016,8.46853,0.0,112.0,69.0,5,1598248971
2020-08-24 07:14:53+00:00,55.45016,8.468513,0.0,112.0,113.0,5,1598253293
2020-08-24 08:20:56+00:00,55.45012,8.468554,0.0,112.0,291.0,5,1598257256
2020-08-24 09:08:57+00:00,55.45018,8.468556,0.0,112.0,304.0,5,1598260137
2020-08-24 10:20:59+00:00,55.45016,8.468513,0.0,112.0,23.0,5,1598264459
2020-08-24 11:09:01+00:00,55.45015,8.468547,0.0,112.0,31.0,5,1598267341
2020-08-24 12:21:03+00:00,55.45016,8.46849,0.0,112.0,10.0,5,1598271663
2020-08-24 13:09:05+00:00,55.45016,8.4685,0.0,112.0,261.0,5,1598274545
2020-08-24 14:21:07+00:00,55.45016,8.468505,0.0,112.0,217.0,5,1598278867
2020-08-24 15:09:08+00:00,55.45012,8.46857,0.0,112.0,77.0,5,1598281748
2020-08-24 16:21:10+00:00,55.45018,8.468513,0.0,112.0,268.0,5,1598286070
2020-08-24 17:06:08+00:00,55.45016,8.46853,0.0,112.0,231.0,5,1598288768
2020-08-24 18:15:13+00:00,55.45017,8.468518,0.0,112.0,220.0,5,1598292913
2020-08-24 19:18:12+00:00,55.45016,8.468489,0.0,112.0,234.0,5,1598296692
2020-08-24 20:00:14+00:00,55.45017,8.46853,0.0,112.0,262.0,5,1598299214
2020-08-24 21:03:20+00:00,55.45015,8.468493,0.0,112.0,97.0,5,1598303000
2020-08-24 22:06:18+00:00,55.45015,8.468595,0.0,112.0,194.0,5,1598306778
2020-08-24 23:09:22+00:00,55.45018,8.468509,0.0,112.0,231.0,5,1598310562
2020-08-25 00:12:22+00:00,55.45016,8.468505,0.0,112.0,108.0,5,1598314342
2020-08-25 01:15:26+00:00,55.45016,8.468509,0.0,112.0,76.0,5,1598318126
2020-08-25 02:18:25+00:00,55.45016,8.468536,0.0,112.0,26.0,5,1598321905
2020-08-25 03:00:28+00:00,55.45023,8.468492,0.0,112.0,87.0,5,1598324428
2020-08-25 04:12:29+00:00,55.45018,8.468503,0.0,112.0,46.0,5,1598328749
2020-08-25 05:15:33+00:00,55.45019,8.468513,0.0,112.0,238.0,5,1598332533
2020-08-25 06:18:33+00:00,55.4502,8.468516,0.0,112.0,92.0,5,1598336313
2020-08-25 07:00:33+00:00,55.45014,8.468536,0.0,112.0,319.0,5,1598338833
2020-08-25 08:03:38+00:00,55.45016,8.468515,0.0,112.0,74.0,5,1598342618
2020-08-25 09:06:37+00:00,55.45017,8.468509,0.0,112.0,83.0,5,1598346397
2020-08-25 10:09:41+00:00,55.45016,8.46857,0.0,112.0,7.0,5,1598350181
2020-08-25 11:15:43+00:00,55.45015,8.468542,0.0,112.0,59.0,5,1598354143
2020-08-25 12:18:44+00:00,55.45016,8.468483,0.0,112.0,272.0,5,1598357924
2020-08-25 13:00:45+00:00,55.45016,8.468495,0.0,112.0,247.0,5,1598360445
2020-08-25 14:03:49+00:00,55.45015,8.468529,0.0,112.0,227.0,5,1598364229
2020-08-25 15:06:48+00:00,55.45015,8.468523,0.0,112.0,86.0,5,1598368008
2020-08-25 16:09:53+00:00,55.45015,8.468543,0.0,112.0,18.0,5,1598371793
2020-08-25 17:12:52+00:00,55.45021,8.46847,0.0,112.0,289.0,5,1598375572
2020-08-25 18:15:57+00:00,55.45016,8.468513,0.0,112.0,197.0,5,1598379357
2020-08-25 19:18:56+00:00,55.45018,8.468473,0.0,112.0,219.0,5,1598383136
2020-08-25 20:00:58+00:00,55.45016,8.468515,0.0,112.0,70.0,5,1598385658
2020-08-25 21:04:03+00:00,55.45016,8.468483,0.0,112.0,65.0,5,1598389443
2020-08-25 22:07:02+00:00,55.45015,8.46858,0.0,112.0,247.0,5,1598393222
2020-08-25 23:13:04+00:00,55.45014,8.468552,0.0,112.0,224.0,5,1598397184
2020-08-26 00:19:06+00:00,55.45045,8.468523,0.0,112.0,204.0,5,1598401146
2020-08-26 01:01:07+00:00,55.45016,8.46856,0.0,112.0,61.0,5,1598403667
2020-08-26 02:04:12+00:00,55.45016,8.468509,0.0,112.0,44.0,5,1598407452
2020-08-26 03:10:15+00:00,55.45033,8.468538,0.0,112.0,76.0,5,1598411415
2020-08-26 04:22:18+00:00,55.45017,8.468509,0.0,112.0,209.0,5,1598415738
2020-08-26 05:10:19+00:00,55.45016,8.468489,0.0,112.0,227.0,5,1598418619
2020-08-26 06:22:21+00:00,55.45017,8.46854,0.0,112.0,92.0,5,1598422941
2020-08-26 07:10:23+00:00,55.45016,8.468687,0.0,112.0,112.0,5,1598425823
2020-08-26 08:22:25+00:00,55.45013,8.468538,0.0,112.0,227.0,5,1598430145
2020-08-26 09:10:26+00:00,55.45018,8.468489,0.0,112.0,238.0,5,1598433026
2020-08-26 10:22:28+00:00,55.45015,8.46857,0.0,112.0,72.0,5,1598437348
2020-08-26 11:10:30+00:00,55.45016,8.468513,0.0,112.0,203.0,5,1598440230
2020-08-26 12:13:29+00:00,55.45017,8.468463,0.0,112.0,235.0,5,1598444009
2020-08-26 13:22:34+00:00,55.45017,8.46851,0.0,112.0,230.0,5,1598448154
2020-08-26 14:07:32+00:00,55.4502,8.468422,0.0,112.0,227.0,5,1598450852
2020-08-26 15:10:37+00:00,55.45019,8.468503,0.0,112.0,74.0,5,1598454637
2020-08-26 16:01:35+00:00,55.45018,8.468507,0.0,112.0,37.0,5,1598457695
2020-08-26 17:10:41+00:00,55.45015,8.468595,0.0,112.0,243.0,5,1598461841
2020-08-26 18:22:43+00:00,55.45017,8.468489,0.0,112.0,218.0,5,1598466163
2020-08-26 19:13:41+00:00,55.45016,8.468509,0.0,112.0,227.0,5,1598469221
2020-08-26 20:22:47+00:00,55.45016,8.4685,0.0,112.0,54.0,5,1598473367
2020-08-26 21:07:45+00:00,55.45017,8.468492,0.0,112.0,137.0,5,1598476065
2020-08-26 22:10:51+00:00,55.45016,8.46853,0.0,112.0,203.0,5,1598479851
2020-08-26 23:13:10+00:00,55.45016,8.468522,0.0,112.0,235.0,0,1598483590
2020-09-03 17:22:07+00:00,55.44955,8.471162,0.0,111.0,325.0,0,1599153727
2020-09-03 18:05:08+00:00,55.44959,8.471064,0.0,111.0,197.0,5,1599156308
2020-09-03 19:08:10+00:00,55.44955,8.471175,0.0,111.0,126.0,5,1599160090
2020-09-03 20:11:11+00:00,55.44956,8.471164,0.0,111.0,77.0,5,1599163871
2020-09-03 21:14:14+00:00,55.44955,8.471167,0.0,111.0,150.0,5,1599167654
2020-09-03 22:17:14+00:00,55.44954,8.471189,0.0,111.0,12.0,5,1599171434
2020-09-03 23:20:17+00:00,55.44956,8.471162,0.0,111.0,52.0,5,1599175217
2020-09-04 00:02:18+00:00,55.44957,8.471175,0.0,111.0,143.0,5,1599177738
2020-09-04 01:05:19+00:00,55.44954,8.471184,0.0,112.0,142.0,5,1599181519
2020-09-04 02:08:22+00:00,55.44953,8.471169,0.0,111.0,78.0,5,1599185302
2020-09-04 03:11:23+00:00,55.44954,8.471197,0.0,112.0,300.0,5,1599189083
2020-09-04 04:14:26+00:00,55.44952,8.471205,0.0,111.0,50.0,5,1599192866
2020-09-04 05:17:27+00:00,55.44954,8.471185,0.0,111.0,249.0,5,1599196647
2020-09-04 06:20:30+00:00,55.44955,8.471167,0.0,111.0,280.0,5,1599200430
2020-09-04 07:02:32+00:00,55.44954,8.471191,0.0,111.0,233.0,5,1599202952
2020-09-04 08:05:32+00:00,55.44954,8.47117,0.0,111.0,243.0,5,1599206732
2020-09-04 09:08:36+00:00,55.44956,8.471169,0.0,111.0,8.0,5,1599210516
2020-09-04 10:11:35+00:00,55.44957,8.471173,0.0,112.0,207.0,5,1599214295
2020-09-04 11:14:39+00:00,55.44955,8.471165,0.0,111.0,235.0,5,1599218079
2020-09-04 12:17:38+00:00,55.44955,8.471157,0.0,111.0,53.0,5,1599221858
2020-09-04 13:20:42+00:00,55.44955,8.471171,0.0,111.0,73.0,5,1599225642
2020-09-04 14:02:44+00:00,55.44955,8.471189,0.0,112.0,81.0,5,1599228164
2020-09-04 15:05:43+00:00,55.44956,8.471187,0.0,112.0,100.0,5,1599231943
2020-09-04 16:08:48+00:00,55.44953,8.471249,0.0,111.0,260.0,5,1599235728
2020-09-04 17:14:50+00:00,55.44955,8.471153,0.0,111.0,328.0,5,1599239690
2020-09-04 18:02:52+00:00,55.44955,8.47117,0.0,111.0,355.0,5,1599242572
2020-09-04 19:14:54+00:00,55.44956,8.47115,0.0,112.0,359.0,5,1599246894
2020-09-04 20:17:53+00:00,55.44957,8.471151,0.0,112.0,80.0,5,1599250673
2020-09-04 21:23:55+00:00,55.44955,8.47118,0.0,111.0,207.0,5,1599254635
2020-09-04 22:05:56+00:00,55.44953,8.471205,0.0,111.0,49.0,5,1599257156
2020-09-04 23:09:00+00:00,55.44957,8.471173,0.0,112.0,86.0,5,1599260940
2020-09-05 00:12:00+00:00,55.44956,8.471169,0.0,112.0,113.0,5,1599264720
2020-09-05 01:15:04+00:00,55.44955,8.471169,0.0,111.0,228.0,5,1599268504
2020-09-05 02:18:04+00:00,55.44953,8.471187,0.0,112.0,55.0,5,1599272284
2020-09-05 03:00:05+00:00,55.44954,8.471223,0.0,111.0,91.0,5,1599274805
2020-09-05 04:03:10+00:00,55.44954,8.471189,0.0,112.0,30.0,5,1599278590
2020-09-05 05:06:08+00:00,55.44955,8.471202,0.0,112.0,240.0,5,1599282368
2020-09-05 06:09:13+00:00,55.44955,8.471164,0.0,111.0,75.0,5,1599286153
2020-09-05 07:12:12+00:00,55.44954,8.471171,0.0,112.0,56.0,5,1599289932
2020-09-05 08:15:18+00:00,55.44955,8.471178,0.0,111.0,212.0,5,1599293718
2020-09-05 09:18:17+00:00,55.44955,8.47121,0.0,112.0,36.0,5,1599297497
2020-09-05 10:03:22+00:00,55.44956,8.47116,0.0,112.0,12.0,5,1599300202
2020-09-05 11:15:25+00:00,55.44956,8.471151,0.0,112.0,54.0,5,1599304525
2020-09-05 12:03:26+00:00,55.44954,8.471151,0.0,112.0,312.0,5,1599307406
2020-09-05 13:15:28+00:00,55.44952,8.4712,0.0,112.0,238.0,5,1599311728
2020-09-05 14:03:30+00:00,55.44955,8.471169,0.0,111.0,206.0,5,1599314610
2020-09-05 15:15:33+00:00,55.44956,8.471151,0.0,111.0,270.0,5,1599318933
2020-09-05 16:21:35+00:00,55.44953,8.471213,0.0,111.0,253.0,5,1599322895
2020-09-05 17:09:37+00:00,55.44955,8.47123,0.0,111.0,331.0,5,1599325777
2020-09-05 18:21:40+00:00,55.44955,8.471148,0.0,111.0,60.0,5,1599330100
2020-09-05 19:09:40+00:00,55.44956,8.471155,0.0,111.0,268.0,5,1599332980
2020-09-05 20:21:42+00:00,55.44955,8.471158,0.0,111.0,16.0,5,1599337302
2020-09-05 21:09:43+00:00,55.44955,8.471165,0.0,111.0,205.0,5,1599340183
2020-09-05 22:21:46+00:00,55.44953,8.471216,0.0,111.0,44.0,5,1599344506
2020-09-05 23:09:47+00:00,55.44957,8.47117,0.0,111.0,307.0,5,1599347387
2020-09-06 00:21:49+00:00,55.44955,8.471147,0.0,111.0,65.0,5,1599351709
2020-09-06 01:09:50+00:00,55.44952,8.471209,0.0,111.0,183.0,5,1599354590
2020-09-06 02:15:54+00:00,55.44958,8.471197,0.0,111.0,123.0,5,1599358554
2020-09-06 03:03:56+00:00,55.44956,8.471158,0.0,111.0,82.0,5,1599361436
2020-09-06 04:15:59+00:00,55.44955,8.47121,0.0,111.0,241.0,5,1599365759
2020-09-06 05:04:00+00:00,55.44957,8.471175,0.0,111.0,251.0,5,1599368640
2020-09-06 06:16:02+00:00,55.44956,8.471169,0.0,111.0,99.0,5,1599372962
2020-09-06 07:04:03+00:00,55.44956,8.471165,0.0,111.0,280.0,5,1599375843
2020-09-06 08:16:05+00:00,55.44955,8.47119,0.0,111.0,18.0,5,1599380165
2020-09-06 09:04:06+00:00,55.44955,8.471184,0.0,112.0,16.0,5,1599383046
2020-09-06 10:16:09+00:00,55.44956,8.471191,0.0,111.0,15.0,5,1599387369
2020-09-06 11:19:08+00:00,55.44956,8.471167,0.0,111.0,60.0,5,1599391148
2020-09-06 12:01:09+00:00,55.4495,8.471229,0.0,111.0,44.0,5,1599393669
2020-09-06 13:04:14+00:00,55.44952,8.471205,0.0,111.0,73.0,5,1599397454
2020-09-06 14:16:17+00:00,55.44955,8.471322,0.0,111.0,92.0,5,1599401777
2020-09-06 15:04:19+00:00,55.44955,8.471187,0.0,111.0,125.0,5,1599404659
2020-09-06 16:10:20+00:00,55.44954,8.471209,0.0,111.0,90.0,5,1599408620
2020-09-06 17:13:20+00:00,55.4495,8.471145,0.0,111.0,109.0,5,1599412400
2020-09-06 18:16:25+00:00,55.44953,8.47126,0.0,112.0,81.0,5,1599416185
2020-09-06 19:19:23+00:00,55.4495,8.471229,0.0,111.0,82.0,5,1599419963
2020-09-06 20:01:25+00:00,55.44949,8.471205,0.0,111.0,79.0,5,1599422485
2020-09-06 21:04:30+00:00,55.44955,8.471213,0.0,111.0,50.0,5,1599426270
2020-09-06 22:10:32+00:00,55.44957,8.471204,0.0,111.0,78.0,5,1599430232
2020-09-06 23:13:32+00:00,55.44953,8.471185,0.0,111.0,102.0,5,1599434012
2020-09-07 00:16:37+00:00,55.44949,8.471247,0.0,111.0,96.0,5,1599437797
2020-09-07 01:19:38+00:00,55.4495,8.471211,0.0,111.0,117.0,5,1599441578
2020-09-07 02:01:38+00:00,55.44956,8.47133,0.0,111.0,117.0,5,1599444098
2020-09-07 03:04:43+00:00,55.44951,8.471231,0.0,112.0,139.0,5,1599447883
2020-09-07 04:10:45+00:00,55.44955,8.471182,0.0,111.0,115.0,5,1599451845
2020-09-07 05:19:44+00:00,55.44954,8.471292,0.0,111.0,60.0,5,1599455984
2020-09-07 06:04:49+00:00,55.44955,8.471258,0.0,111.0,100.0,5,1599458689
2020-09-07 07:10:51+00:00,55.44953,8.471275,0.0,111.0,102.0,5,1599462651
2020-09-07 08:13:50+00:00,55.44953,8.47123,0.0,111.0,72.0,5,1599466430
2020-09-07 09:16:55+00:00,55.44954,8.471218,0.0,112.0,99.0,5,1599470215
2020-09-07 10:19:54+00:00,55.4495,8.471177,0.0,112.0,100.0,5,1599473994
2020-09-07 11:01:56+00:00,55.4495,8.471218,0.0,111.0,61.0,5,1599476516
2020-09-07 12:05:01+00:00,55.44955,8.471267,0.0,112.0,52.0,5,1599480301
2020-09-07 13:11:02+00:00,55.44948,8.471278,0.0,111.0,57.0,5,1599484262
2020-09-07 14:14:03+00:00,55.44954,8.471131,0.0,111.0,82.0,5,1599488043
2020-09-07 15:17:05+00:00,55.44954,8.471204,0.0,111.0,79.0,5,1599491825
2020-09-07 16:20:06+00:00,55.44952,8.471198,0.0,111.0,101.0,5,1599495606
2020-09-07 17:02:08+00:00,55.44949,8.471198,0.0,111.0,116.0,5,1599498128
2020-09-07 18:05:11+00:00,55.44955,8.471171,0.0,111.0,104.0,5,1599501911
2020-09-07 19:08:11+00:00,55.44957,8.471229,0.0,111.0,96.0,5,1599505691
2020-09-07 21:14:14+00:00,55.44951,8.471195,0.0,111.0,117.0,5,1599513254
2020-09-07 22:17:18+00:00,55.44955,8.471169,0.0,111.0,174.0,5,1599517038
2020-09-07 23:23:21+00:00,55.44958,8.471098,0.0,111.0,85.0,5,1599521001
2020-09-08 00:05:22+00:00,55.44951,8.471256,0.0,111.0,76.0,5,1599523522
2020-09-08 01:08:22+00:00,55.44949,8.47121,0.0,111.0,173.0,5,1599527302
2020-09-08 02:11:26+00:00,55.44958,8.47121,0.0,111.0,108.0,5,1599531086
2020-09-08 03:14:26+00:00,55.44945,8.471178,0.0,111.0,173.0,5,1599534866
2020-09-08 04:17:31+00:00,55.44952,8.471275,0.0,111.0,61.0,5,1599538651
2020-09-08 05:20:30+00:00,55.44955,8.471227,0.0,111.0,96.0,5,1599542430
2020-09-08 06:02:31+00:00,55.44955,8.471155,0.0,111.0,164.0,5,1599544951
2020-09-08 07:05:36+00:00,55.44953,8.471267,0.0,111.0,298.0,5,1599548736
2020-09-08 08:08:35+00:00,55.4495,8.471198,0.0,111.0,266.0,5,1599552515
2020-09-08 09:11:39+00:00,55.4495,8.471245,0.0,111.0,300.0,5,1599556299
2020-09-08 10:14:39+00:00,55.44953,8.471222,0.0,111.0,324.0,5,1599560079
2020-09-08 11:17:43+00:00,55.44957,8.471223,0.0,111.0,19.0,5,1599563863
2020-09-08 12:20:44+00:00,55.44958,8.471145,0.0,111.0,85.0,5,1599567644
2020-09-08 13:02:46+00:00,55.44953,8.471235,0.0,111.0,57.0,5,1599570166
2020-09-08 14:05:49+00:00,55.44953,8.471145,0.0,111.0,91.0,5,1599573949
2020-09-08 15:08:49+00:00,55.44952,8.471197,0.0,111.0,93.0,5,1599577729
2020-09-08 16:14:51+00:00,55.44955,8.471191,0.0,111.0,121.0,5,1599581691
2020-09-08 17:20:54+00:00,55.4495,8.471202,0.0,111.0,74.0,5,1599585654
2020-09-08 18:02:55+00:00,55.44948,8.471124,0.0,111.0,67.0,5,1599588175
2020-09-08 19:05:57+00:00,55.44952,8.471238,0.0,111.0,317.0,5,1599591957
2020-09-08 20:08:59+00:00,55.44951,8.471155,0.0,112.0,230.0,5,1599595739
2020-09-08 21:12:01+00:00,55.44955,8.471222,0.0,111.0,354.0,5,1599599521
2020-09-08 22:15:03+00:00,55.44955,8.471207,0.0,112.0,49.0,5,1599603303
2020-09-08 23:18:04+00:00,55.44959,8.471142,0.0,111.0,258.0,5,1599607084
2020-09-09 00:00:06+00:00,55.44951,8.471185,0.0,112.0,246.0,5,1599609606
2020-09-09 01:06:08+00:00,55.44946,8.471278,0.0,111.0,254.0,5,1599613568
2020-09-09 02:09:11+00:00,55.44951,8.471178,0.0,111.0,121.0,5,1599617351
2020-09-09 03:12:11+00:00,55.44951,8.47123,0.0,111.0,119.0,5,1599621131
2020-09-09 04:15:15+00:00,55.44953,8.47129,0.0,111.0,2.0,5,1599624915
2020-09-09 05:18:16+00:00,55.44959,8.47129,0.0,112.0,334.0,5,1599628696
2020-09-09 06:00:18+00:00,55.44953,8.471243,0.0,111.0,270.0,5,1599631218
2020-09-09 07:03:20+00:00,55.44949,8.471335,0.0,111.0,12.0,5,1599635000
2020-09-09 08:06:22+00:00,55.44958,8.471245,0.0,111.0,45.0,5,1599638782
2020-09-09 09:09:24+00:00,55.44952,8.471245,0.0,111.0,210.0,5,1599642564
2020-09-09 10:12:26+00:00,55.4495,8.471249,0.0,111.0,245.0,5,1599646346
2020-09-09 11:18:29+00:00,55.44957,8.471164,0.0,111.0,199.0,5,1599650309
2020-09-09 12:00:31+00:00,55.44953,8.471233,0.0,111.0,205.0,5,1599652831
2020-09-09 13:06:33+00:00,55.44952,8.471318,0.0,111.0,126.0,5,1599656793
2020-09-09 14:09:33+00:00,55.44952,8.471158,0.0,111.0,286.0,5,1599660573
2020-09-09 15:12:37+00:00,55.4495,8.471162,0.0,111.0,233.0,5,1599664357
2020-09-09 16:15:37+00:00,55.44952,8.471231,0.0,112.0,147.0,5,1599668137
2020-09-09 17:18:42+00:00,55.44948,8.471243,0.0,111.0,115.0,5,1599671922
2020-09-09 18:00:43+00:00,55.44955,8.471218,0.0,112.0,148.0,5,1599674443
2020-09-09 19:09:42+00:00,55.44952,8.471269,0.0,112.0,130.0,5,1599678582
2020-09-09 20:18:48+00:00,55.44957,8.471354,0.0,111.0,75.0,5,1599682728
2020-09-09 21:03:45+00:00,55.44952,8.471236,0.0,111.0,100.0,5,1599685425
2020-09-09 22:06:53+00:00,55.4495,8.471323,0.0,111.0,221.0,5,1599689213
2020-09-09 23:18:56+00:00,55.44956,8.471177,0.0,111.0,262.0,5,1599693536
2020-09-10 00:06:57+00:00,55.44955,8.47126,0.0,112.0,282.0,5,1599696417
2020-09-10 01:19:00+00:00,55.44947,8.471242,0.0,111.0,353.0,5,1599700740
2020-09-10 02:07:01+00:00,55.44956,8.471148,0.0,111.0,264.0,5,1599703621
2020-09-10 03:19:04+00:00,55.44947,8.471247,0.0,111.0,69.0,5,1599707944
2020-09-10 04:07:06+00:00,55.44951,8.471253,0.0,112.0,67.0,5,1599710826
2020-09-10 05:19:08+00:00,55.44956,8.471247,0.0,112.0,303.0,5,1599715148
2020-09-10 06:07:09+00:00,55.44952,8.47118,0.0,112.0,222.0,5,1599718029
2020-09-10 07:19:11+00:00,55.4495,8.471295,0.0,112.0,57.0,5,1599722351
2020-09-10 08:07:13+00:00,55.44969,8.471396,0.0,111.0,115.0,5,1599725233
2020-09-10 09:19:15+00:00,55.44949,8.471327,0.0,111.0,199.0,5,1599729555
2020-09-10 10:07:16+00:00,55.44951,8.471262,0.0,111.0,128.0,5,1599732436
2020-09-10 11:19:19+00:00,55.44952,8.471148,0.0,111.0,50.0,5,1599736759
2020-09-10 12:04:12+00:00,55.44956,8.47122,0.0,111.0,65.0,5,1599739452
2020-09-10 13:13:23+00:00,55.44949,8.471323,0.0,111.0,358.0,5,1599743603
2020-09-10 14:01:25+00:00,55.44955,8.471184,0.0,112.0,318.0,5,1599746485
2020-09-10 15:13:27+00:00,55.44951,8.471193,0.0,111.0,224.0,5,1599750807
2020-09-10 16:01:29+00:00,55.4495,8.47122,0.0,111.0,200.0,5,1599753689
2020-09-10 17:13:31+00:00,55.44947,8.471258,0.0,111.0,86.0,5,1599758011
2020-09-10 18:01:33+00:00,55.44955,8.47121,0.0,112.0,277.0,5,1599760893
2020-09-10 19:13:35+00:00,55.44958,8.471275,0.0,112.0,2.0,5,1599765215
2020-09-10 20:01:37+00:00,55.4495,8.47122,0.0,112.0,53.0,5,1599768097
2020-09-10 21:13:39+00:00,55.44953,8.471088,0.0,112.0,19.0,5,1599772419
2020-09-10 22:01:40+00:00,55.44961,8.47111,0.0,111.0,74.0,5,1599775300
2020-09-10 23:13:42+00:00,55.44958,8.471155,0.0,111.0,68.0,5,1599779622
2020-09-11 00:01:43+00:00,55.44953,8.471148,0.0,111.0,88.0,5,1599782503
2020-09-11 01:13:45+00:00,55.4495,8.471263,0.0,111.0,193.0,5,1599786825
2020-09-11 02:01:46+00:00,55.44953,8.471223,0.0,111.0,129.0,5,1599789706
2020-09-11 03:13:49+00:00,55.44945,8.471287,0.0,111.0,49.0,5,1599794029
2020-09-11 04:01:50+00:00,55.44956,8.471205,0.0,111.0,22.0,5,1599796910
2020-09-11 05:11:01+00:00,55.44959,8.471298,0.0,111.0,151.0,5,1599801061
2020-09-11 06:19:55+00:00,55.44954,8.471273,0.0,111.0,112.0,5,1599805195
2020-09-11 07:07:57+00:00,55.44946,8.471225,0.0,111.0,77.0,5,1599808077
2020-09-11 08:11:51+00:00,55.44961,8.471227,0.0,111.0,109.0,5,1599811911
2020-09-11 09:20:00+00:00,55.4495,8.471235,0.0,111.0,250.0,5,1599816000
2020-09-11 10:08:01+00:00,55.4495,8.471249,0.0,111.0,70.0,5,1599818881
2020-09-11 11:11:29+00:00,55.44957,8.471158,0.0,111.0,346.0,5,1599822689
2020-09-11 12:16:59+00:00,55.4495,8.471218,0.0,111.0,306.0,5,1599826619
2020-09-11 13:20:07+00:00,55.44951,8.47127,0.0,111.0,11.0,5,1599830407
2020-09-11 14:08:08+00:00,55.44952,8.471204,0.0,111.0,246.0,5,1599833288
2020-09-11 15:20:11+00:00,55.44951,8.471215,0.0,112.0,240.0,5,1599837611
2020-09-11 16:08:13+00:00,55.44953,8.471205,0.0,111.0,148.0,5,1599840493
2020-09-11 17:14:15+00:00,55.44951,8.471275,0.0,111.0,88.0,5,1599844455
2020-09-11 18:02:17+00:00,55.44951,8.471229,0.0,111.0,340.0,5,1599847337
2020-09-11 19:14:19+00:00,55.44957,8.471229,0.0,111.0,346.0,5,1599851659
2020-09-11 20:02:21+00:00,55.4495,8.471215,0.0,111.0,253.0,5,1599854541
2020-09-11 21:11:30+00:00,55.44952,8.471155,0.0,111.0,154.0,5,1599858690
2020-09-11 22:15:02+00:00,55.44956,8.471238,0.0,111.0,230.0,5,1599862502
2020-09-11 23:02:25+00:00,55.44951,8.471251,0.0,111.0,235.0,5,1599865345
2020-09-12 00:14:28+00:00,55.4495,8.471138,0.0,111.0,162.0,5,1599869668
2020-09-12 01:20:30+00:00,55.44945,8.471272,0.0,111.0,245.0,5,1599873630
2020-09-12 02:02:31+00:00,55.44955,8.471158,0.0,111.0,303.0,5,1599876151
2020-09-12 03:08:33+00:00,55.44943,8.471323,0.0,111.0,69.0,5,1599880113
2020-09-12 04:14:36+00:00,55.44945,8.471229,0.0,111.0,22.0,5,1599884076
2020-09-12 05:21:49+00:00,55.44955,8.471263,0.0,111.0,250.0,5,1599888109
2020-09-12 06:02:38+00:00,55.4495,8.4713,0.0,111.0,238.0,5,1599890558
2020-09-12 07:14:28+00:00,55.44953,8.47128,0.0,111.0,223.0,5,1599894868
2020-09-12 08:20:43+00:00,55.44953,8.471073,0.0,111.0,286.0,5,1599898843
2020-09-12 09:08:44+00:00,55.44954,8.4713,0.0,111.0,240.0,5,1599901724
2020-09-12 10:20:47+00:00,55.4495,8.4712,0.0,111.0,221.0,5,1599906047
2020-09-12 11:08:48+00:00,55.44954,8.471145,0.0,111.0,340.0,5,1599908928
2020-09-12 12:17:44+00:00,55.44951,8.471195,0.0,111.0,166.0,5,1599913064
2020-09-12 13:02:51+00:00,55.44949,8.471222,0.0,111.0,268.0,5,1599915771
2020-09-12 14:14:54+00:00,55.44949,8.47122,0.0,111.0,241.0,5,1599920094
2020-09-12 15:02:55+00:00,55.44946,8.471315,0.0,111.0,230.0,5,1599922975
2020-09-12 16:05:52+00:00,55.44951,8.471145,0.0,111.0,138.0,5,1599926752
2020-09-12 17:11:55+00:00,55.44952,8.471265,0.0,111.0,62.0,5,1599930715
2020-09-12 18:15:00+00:00,55.44948,8.471463,0.0,111.0,336.0,5,1599934500
2020-09-12 19:18:00+00:00,55.44957,8.471289,0.0,111.0,320.0,5,1599938280
2020-09-12 20:00:01+00:00,55.44954,8.471245,0.0,111.0,239.0,5,1599940801
2020-09-12 21:03:05+00:00,55.44954,8.471169,0.0,111.0,201.0,5,1599944585
2020-09-12 22:06:05+00:00,55.44947,8.471363,0.0,111.0,219.0,5,1599948365
2020-09-12 23:09:08+00:00,55.44956,8.471071,0.0,111.0,273.0,5,1599952148
2020-09-13 00:12:09+00:00,55.44949,8.471177,0.0,111.0,222.0,5,1599955929
2020-09-13 01:15:12+00:00,55.44951,8.471235,0.0,111.0,255.0,5,1599959712
2020-09-13 02:18:13+00:00,55.44955,8.471204,0.0,112.0,106.0,5,1599963493
2020-09-13 03:00:14+00:00,55.44949,8.471177,0.0,111.0,75.0,5,1599966014
2020-09-13 04:03:17+00:00,55.44943,8.47125,0.0,111.0,30.0,5,1599969797
2020-09-13 05:06:18+00:00,55.44961,8.471296,0.0,111.0,294.0,5,1599973578
2020-09-13 06:12:19+00:00,55.44953,8.47127,0.0,112.0,220.0,5,1599977539
2020-09-13 07:15:25+00:00,55.44949,8.471285,0.0,112.0,5.0,5,1599981325
2020-09-13 08:21:27+00:00,55.44956,8.471231,0.0,112.0,186.0,5,1599985287
2020-09-13 09:06:25+00:00,55.4495,8.471293,0.0,111.0,172.0,5,1599987985
2020-09-13 10:09:30+00:00,55.44953,8.471225,0.0,112.0,127.0,5,1599991770
2020-09-13 11:12:29+00:00,55.44953,8.471169,0.0,111.0,353.0,5,1599995549
2020-09-13 12:15:34+00:00,55.4495,8.47128,0.0,112.0,325.0,5,1599999334
2020-09-13 13:00:32+00:00,55.44952,8.471229,0.0,112.0,261.0,5,1600002032
2020-09-13 14:09:38+00:00,55.44948,8.471209,0.0,112.0,226.0,5,1600006178
2020-09-13 15:15:40+00:00,55.44955,8.471189,0.0,112.0,209.0,5,1600010140
2020-09-13 16:18:39+00:00,55.44954,8.471138,0.0,112.0,143.0,5,1600013919
2020-09-13 17:00:40+00:00,55.44949,8.471233,0.0,112.0,114.0,5,1600016440
2020-09-13 18:03:45+00:00,55.4495,8.4713,0.0,112.0,193.0,5,1600020225
2020-09-13 19:06:44+00:00,55.4496,8.471267,0.0,112.0,318.0,5,1600024004
2020-09-13 20:09:49+00:00,55.44941,8.471318,0.0,112.0,258.0,5,1600027789
2020-09-13 21:12:48+00:00,55.44952,8.47121,0.0,112.0,290.0,5,1600031568
2020-09-13 22:15:54+00:00,55.44961,8.471175,0.0,111.0,278.0,5,1600035354
2020-09-13 23:00:51+00:00,55.44958,8.471184,0.0,111.0,262.0,5,1600038051
2020-09-14 00:15:57+00:00,55.44947,8.471205,0.0,112.0,190.0,5,1600042557
2020-09-14 01:03:59+00:00,55.44948,8.471197,0.0,111.0,6.0,5,1600045439
2020-09-14 02:06:57+00:00,55.44957,8.471202,0.0,111.0,357.0,5,1600049217
2020-09-14 03:10:02+00:00,55.44952,8.471108,0.0,111.0,91.0,5,1600053002
2020-09-14 04:22:05+00:00,55.44955,8.47125,0.0,111.0,84.0,5,1600057325
2020-09-14 05:04:05+00:00,55.44962,8.471316,0.0,111.0,289.0,5,1600059845
2020-09-14 06:07:05+00:00,55.44953,8.471215,0.0,111.0,213.0,5,1600063625
2020-09-14 07:10:09+00:00,55.44937,8.471382,0.0,111.0,282.0,5,1600067409
2020-09-14 08:13:09+00:00,55.44955,8.471135,0.0,111.0,273.0,5,1600071189
2020-09-14 09:16:12+00:00,55.44952,8.471238,0.0,111.0,201.0,5,1600074972
2020-09-14 10:19:14+00:00,55.44948,8.471307,0.0,111.0,205.0,5,1600078754
2020-09-14 11:01:15+00:00,55.44954,8.471102,0.0,112.0,206.0,5,1600081275
2020-09-14 12:04:18+00:00,55.4495,8.471227,0.0,111.0,142.0,5,1600085058
2020-09-14 13:07:19+00:00,55.44954,8.471215,0.0,111.0,40.0,5,1600088839
2020-09-14 14:10:23+00:00,55.44948,8.471197,0.0,111.0,67.0,5,1600092623
2020-09-14 15:13:23+00:00,55.44951,8.4712,0.0,111.0,232.0,5,1600096403
2020-09-14 16:16:25+00:00,55.44956,8.47113,0.0,111.0,134.0,5,1600100185
2020-09-14 17:22:27+00:00,55.44952,8.47116,0.0,112.0,221.0,5,1600104147
2020-09-14 18:04:29+00:00,55.44949,8.471205,0.0,111.0,210.0,5,1600106669
2020-09-14 19:07:29+00:00,55.44957,8.47119,0.0,112.0,175.0,5,1600110449
2020-09-14 20:10:32+00:00,55.44955,8.471075,0.0,111.0,173.0,5,1600114232
2020-09-14 21:13:33+00:00,55.44951,8.47115,0.0,112.0,148.0,5,1600118013
2020-09-14 22:16:37+00:00,55.44945,8.47122,0.0,111.0,105.0,5,1600121797
2020-09-14 23:01:37+00:00,55.44955,8.471117,0.0,111.0,21.0,5,1600124497
2020-09-15 00:04:41+00:00,55.44945,8.47122,0.0,111.0,82.0,5,1600128281
2020-09-15 01:07:41+00:00,55.4495,8.471216,0.0,111.0,85.0,5,1600132061
2020-09-15 02:10:43+00:00,55.44955,8.471255,0.0,111.0,51.0,5,1600135843
2020-09-15 03:13:45+00:00,55.44953,8.471231,0.0,111.0,51.0,5,1600139625
2020-09-15 04:16:47+00:00,55.44957,8.471282,0.0,111.0,49.0,5,1600143407
2020-09-15 05:19:49+00:00,55.44963,8.471238,0.0,111.0,287.0,5,1600147189
2020-09-15 06:01:50+00:00,55.44952,8.4712,0.0,112.0,236.0,5,1600149710
2020-09-15 07:04:53+00:00,55.44936,8.471467,0.0,112.0,218.0,5,1600153493
2020-09-15 08:07:55+00:00,55.44953,8.471216,0.0,112.0,286.0,5,1600157275
2020-09-15 09:10:57+00:00,55.44949,8.471275,0.0,111.0,348.0,5,1600161057
2020-09-15 10:16:59+00:00,55.44958,8.471243,0.0,112.0,70.0,5,1600165019
2020-09-15 11:20:02+00:00,55.44956,8.471307,0.0,111.0,52.0,5,1600168802
2020-09-15 12:02:04+00:00,55.44951,8.471128,0.0,111.0,72.0,5,1600171324
2020-09-15 13:05:04+00:00,55.44953,8.471256,0.0,111.0,56.0,5,1600175104
2020-09-15 14:08:07+00:00,55.4495,8.471209,0.0,112.0,78.0,5,1600178887
2020-09-15 15:11:08+00:00,55.44953,8.471169,0.0,111.0,75.0,5,1600182668
2020-09-15 16:17:09+00:00,55.44963,8.47118,0.0,112.0,163.0,5,1600186629
2020-09-15 17:20:13+00:00,55.44949,8.471209,0.0,111.0,128.0,5,1600190413
2020-09-15 18:02:15+00:00,55.44947,8.47143,0.0,111.0,65.0,5,1600192935
2020-09-15 19:05:17+00:00,55.44954,8.471282,0.0,111.0,92.0,5,1600196717
2020-09-15 20:08:20+00:00,55.44955,8.471216,0.0,112.0,49.0,5,1600200500
2020-09-15 21:11:20+00:00,55.44952,8.471187,0.0,111.0,70.0,5,1600204280
2020-09-15 22:14:24+00:00,55.44946,8.471158,0.0,111.0,73.0,5,1600208064
2020-09-15 23:17:25+00:00,55.44953,8.471091,0.0,111.0,22.0,5,1600211845
2020-09-16 00:20:27+00:00,55.44946,8.471209,0.0,111.0,114.0,5,1600215627
2020-09-16 01:02:28+00:00,55.4495,8.4713,0.0,111.0,70.0,5,1600218148
2020-09-16 02:05:29+00:00,55.44952,8.471256,0.0,112.0,66.0,5,1600221929
2020-09-16 03:08:32+00:00,55.44943,8.471285,0.0,112.0,52.0,5,1600225712
2020-09-16 04:11:33+00:00,55.44949,8.471322,0.0,111.0,66.0,5,1600229493
2020-09-16 05:14:37+00:00,55.44951,8.471272,0.0,112.0,114.0,5,1600233277
2020-09-16 06:17:36+00:00,55.44952,8.471245,0.0,111.0,121.0,5,1600237056
2020-09-16 07:20:41+00:00,55.44945,8.471327,0.0,112.0,106.0,5,1600240841
2020-09-16 08:02:42+00:00,55.44954,8.4712,0.0,111.0,161.0,5,1600243362
2020-09-16 09:05:42+00:00,55.4495,8.471275,0.0,111.0,217.0,5,1600247142
2020-09-16 10:08:46+00:00,55.44955,8.471295,0.0,111.0,232.0,5,1600250926
2020-09-16 11:11:46+00:00,55.44946,8.471255,0.0,111.0,311.0,5,1600254706
2020-09-16 12:17:49+00:00,55.44955,8.471185,0.0,111.0,92.0,5,1600258669
2020-09-16 13:20:52+00:00,55.44954,8.47125,0.0,111.0,53.0,5,1600262452
2020-09-16 14:02:53+00:00,55.44949,8.471202,0.0,111.0,95.0,5,1600264973
2020-09-16 15:05:56+00:00,55.44948,8.471155,0.0,111.0,26.0,5,1600268756
2020-09-16 16:11:57+00:00,55.4495,8.471207,0.0,111.0,140.0,5,1600272717
2020-09-16 17:14:59+00:00,55.44948,8.471215,0.0,111.0,353.0,5,1600276499
2020-09-16 18:00:00+00:00,55.44951,8.471443,0.0,112.0,2.0,5,1600279200
2020-09-16 19:03:03+00:00,55.44956,8.471222,0.0,111.0,347.0,5,1600282983
2020-09-16 20:06:04+00:00,55.44954,8.471332,0.0,111.0,35.0,5,1600286764
2020-09-16 21:09:07+00:00,55.4495,8.471255,0.0,111.0,4.0,5,1600290547
2020-09-16 22:12:08+00:00,55.44957,8.471303,0.0,111.0,77.0,5,1600294328
2020-09-16 23:15:12+00:00,55.44947,8.471162,0.0,111.0,49.0,5,1600298112
2020-09-17 00:18:12+00:00,55.44949,8.471197,0.0,111.0,148.0,5,1600301892
2020-09-17 01:00:13+00:00,55.44947,8.471273,0.0,111.0,223.0,5,1600304413
2020-09-17 02:03:17+00:00,55.44955,8.471269,0.0,111.0,86.0,5,1600308197
2020-09-17 03:06:17+00:00,55.44953,8.471272,0.0,111.0,71.0,5,1600311977
2020-09-17 04:09:22+00:00,55.44955,8.471285,0.0,111.0,63.0,5,1600315762
2020-09-17 05:15:25+00:00,55.44964,8.471298,0.0,111.0,309.0,5,1600319725
2020-09-17 06:03:26+00:00,55.4495,8.471205,0.0,111.0,303.0,5,1600322606
2020-09-17 07:09:28+00:00,55.44951,8.471242,0.0,111.0,46.0,5,1600326568
2020-09-17 08:15:30+00:00,55.44949,8.471375,0.0,111.0,208.0,5,1600330530
2020-09-17 09:03:32+00:00,55.44951,8.471151,0.0,111.0,187.0,5,1600333412
2020-09-17 10:15:34+00:00,55.44951,8.471243,0.0,111.0,154.0,5,1600337734
2020-09-17 11:03:36+00:00,55.44952,8.471207,0.0,111.0,105.0,5,1600340616
2020-09-17 12:15:39+00:00,55.4495,8.471227,0.0,111.0,118.0,5,1600344939
2020-09-17 13:03:40+00:00,55.44948,8.471238,0.0,111.0,58.0,5,1600347820
2020-09-17 14:12:43+00:00,55.4495,8.47119,0.0,111.0,96.0,5,1600351963
2020-09-17 15:18:40+00:00,55.44957,8.47115,0.0,111.0,36.0,5,1600355920
2020-09-17 16:03:45+00:00,55.44955,8.471125,0.0,111.0,152.0,5,1600358625
2020-09-17 17:12:44+00:00,55.44948,8.471236,0.0,111.0,80.0,5,1600362764
2020-09-17 18:15:50+00:00,55.44953,8.471171,0.0,111.0,96.0,5,1600366550
2020-09-17 19:03:52+00:00,55.44963,8.471178,0.0,111.0,69.0,5,1600369432
2020-09-17 20:09:54+00:00,55.44947,8.471216,0.0,111.0,42.0,5,1600373394
2020-09-17 21:21:56+00:00,55.44954,8.471245,0.0,111.0,70.0,5,1600377716
2020-09-17 22:09:58+00:00,55.44952,8.471198,0.0,111.0,72.0,5,1600380598
2020-09-17 23:22:00+00:00,55.44951,8.471238,0.0,111.0,60.0,5,1600384920
2020-09-18 00:10:01+00:00,55.44943,8.47138,0.0,111.0,124.0,5,1600387801
2020-09-18 01:22:03+00:00,55.44954,8.471249,0.0,111.0,66.0,5,1600392123
2020-09-18 02:10:05+00:00,55.44952,8.471198,0.0,111.0,27.0,5,1600395005
2020-09-18 03:22:08+00:00,55.4495,8.471218,0.0,111.0,80.0,5,1600399328
2020-09-18 04:10:09+00:00,55.44955,8.471278,0.0,111.0,65.0,5,1600402209
2020-09-18 05:22:11+00:00,55.44952,8.471182,0.0,111.0,341.0,5,1600406531
2020-09-18 06:10:13+00:00,55.4495,8.471245,0.0,111.0,16.0,5,1600409413
2020-09-18 07:22:16+00:00,55.44961,8.471235,0.0,111.0,108.0,5,1600413736
2020-09-18 08:10:19+00:00,55.4495,8.471316,0.0,111.0,194.0,5,1600416619
2020-09-18 09:22:20+00:00,55.44953,8.471171,0.0,111.0,149.0,5,1600420940
2020-09-18 10:10:21+00:00,55.44949,8.471225,0.0,111.0,165.0,5,1600423821
2020-09-18 11:22:23+00:00,55.44955,8.47133,0.0,111.0,140.0,5,1600428143
2020-09-18 12:04:24+00:00,55.44957,8.471225,0.0,111.0,110.0,5,1600430664
2020-09-18 13:16:26+00:00,55.44957,8.471193,0.0,111.0,74.0,5,1600434986
2020-09-18 14:04:28+00:00,55.44954,8.471197,0.0,111.0,82.0,5,1600437868
2020-09-18 15:16:29+00:00,55.44952,8.47121,0.0,111.0,66.0,5,1600442189
2020-09-18 16:04:31+00:00,55.44954,8.471229,0.0,111.0,81.0,5,1600445071
2020-09-18 17:10:33+00:00,55.44953,8.471305,0.0,111.0,33.0,5,1600449033
2020-09-18 18:22:35+00:00,55.44953,8.471182,0.0,111.0,52.0,5,1600453355
2020-09-18 19:04:36+00:00,55.44955,8.471287,0.0,111.0,63.0,5,1600455876
2020-09-18 20:10:38+00:00,55.44953,8.471075,0.0,111.0,50.0,5,1600459838
2020-09-18 21:22:41+00:00,55.44953,8.471229,0.0,111.0,62.0,5,1600464161
2020-09-18 22:10:43+00:00,55.44953,8.471202,0.0,111.0,44.0,5,1600467043
2020-09-18 23:22:45+00:00,55.44949,8.47119,0.0,111.0,64.0,5,1600471365
2020-09-19 00:10:47+00:00,55.44948,8.47133,0.0,111.0,144.0,5,1600474247
2020-09-19 01:22:49+00:00,55.44955,8.471307,0.0,111.0,122.0,5,1600478569
2020-09-19 02:10:51+00:00,55.4495,8.471233,0.0,111.0,71.0,5,1600481451
2020-09-19 03:22:52+00:00,55.44955,8.471169,0.0,111.0,80.0,5,1600485772
2020-09-19 04:10:54+00:00,55.44959,8.471197,0.0,111.0,34.0,5,1600488654
2020-09-19 05:16:57+00:00,55.44954,8.471247,0.0,111.0,328.0,5,1600492617
2020-09-19 06:04:58+00:00,55.44953,8.471167,0.0,111.0,354.0,5,1600495498
2020-09-19 07:17:00+00:00,55.44956,8.47128,0.0,111.0,74.0,5,1600499820
2020-09-19 08:05:01+00:00,55.4495,8.471235,0.0,111.0,15.0,5,1600502701
2020-09-19 09:17:04+00:00,55.44953,8.471215,0.0,111.0,62.0,5,1600507024
2020-09-19 10:05:07+00:00,55.4495,8.471165,0.0,111.0,44.0,5,1600509907
2020-09-19 11:17:09+00:00,55.4495,8.471295,0.0,111.0,51.0,5,1600514229
2020-09-19 12:05:10+00:00,55.44954,8.471213,0.0,111.0,69.0,5,1600517110
2020-09-19 13:17:13+00:00,55.4495,8.471204,0.0,111.0,54.0,5,1600521433
2020-09-19 14:05:14+00:00,55.44952,8.47121,0.0,111.0,94.0,5,1600524314
2020-09-19 15:17:16+00:00,55.44954,8.471253,0.0,111.0,43.0,5,1600528636
2020-09-19 16:05:18+00:00,55.44951,8.471249,0.0,111.0,97.0,5,1600531518
2020-09-19 17:17:20+00:00,55.44952,8.471164,0.0,111.0,144.0,5,1600535840
2020-09-19 18:05:24+00:00,55.44956,8.471315,0.0,111.0,112.0,5,1600538724
2020-09-19 19:11:24+00:00,55.44952,8.471185,0.0,111.0,83.0,5,1600542684
2020-09-19 20:23:26+00:00,55.44951,8.471247,0.0,111.0,68.0,5,1600547006
2020-09-19 21:11:28+00:00,55.44947,8.471367,0.0,111.0,108.0,5,1600549888
2020-09-19 22:23:30+00:00,55.44955,8.471235,0.0,111.0,72.0,5,1600554210
2020-09-19 23:11:31+00:00,55.44949,8.471148,0.0,111.0,56.0,5,1600557091
2020-09-20 00:23:34+00:00,55.44948,8.471342,0.0,111.0,57.0,5,1600561414
2020-09-20 01:11:35+00:00,55.44956,8.471182,0.0,111.0,43.0,5,1600564295
2020-09-20 02:05:37+00:00,55.44952,8.471182,0.0,111.0,24.0,5,1600567537
2020-09-20 03:17:39+00:00,55.44953,8.471182,0.0,111.0,48.0,5,1600571859
2020-09-20 04:05:40+00:00,55.44957,8.471209,0.0,111.0,27.0,5,1600574740
2020-09-20 05:17:42+00:00,55.44954,8.47118,0.0,111.0,337.0,5,1600579062
2020-09-20 06:05:44+00:00,55.44954,8.47119,0.0,111.0,359.0,5,1600581944
2020-09-20 07:17:46+00:00,55.4496,8.471231,0.0,111.0,60.0,5,1600586266
2020-09-20 08:05:47+00:00,55.44951,8.471342,0.0,111.0,289.0,5,1600589147
2020-09-20 09:17:50+00:00,55.4495,8.471298,0.0,111.0,170.0,5,1600593470
2020-09-20 10:05:52+00:00,55.44957,8.471255,0.0,111.0,171.0,5,1600596352
2020-09-20 11:17:53+00:00,55.44951,8.471335,0.0,111.0,58.0,5,1600600673
2020-09-20 12:05:55+00:00,55.44946,8.471267,0.0,111.0,88.0,5,1600603555
2020-09-20 13:17:58+00:00,55.44953,8.471155,0.0,111.0,63.0,5,1600607878
2020-09-20 14:05:59+00:00,55.44949,8.471235,0.0,111.0,114.0,5,1600610759
2020-09-20 15:18:02+00:00,55.44953,8.47124,0.0,111.0,69.0,5,1600615082
2020-09-20 16:06:04+00:00,55.44956,8.471298,0.0,111.0,58.0,5,1600617964
2020-09-20 17:12:06+00:00,55.44949,8.47126,0.0,111.0,27.0,5,1600621926
2020-09-20 18:00:08+00:00,55.44954,8.471189,0.0,111.0,44.0,5,1600624808
2020-09-20 19:12:10+00:00,55.44956,8.471115,0.0,111.0,72.0,5,1600629130
2020-09-20 20:00:11+00:00,55.44949,8.471175,0.0,111.0,43.0,5,1600632011
2020-09-20 21:12:13+00:00,55.44946,8.471421,0.0,111.0,42.0,5,1600636333
2020-09-20 22:00:14+00:00,55.44949,8.471236,0.0,111.0,37.0,5,1600639214
2020-09-20 23:12:16+00:00,55.44953,8.4712,0.0,111.0,26.0,5,1600643536
2020-09-21 00:00:18+00:00,55.44949,8.471236,0.0,112.0,123.0,5,1600646418
2020-09-21 02:18:22+00:00,55.44946,8.471243,0.0,111.0,55.0,5,1600654702
2020-09-21 03:06:23+00:00,55.4495,8.471362,0.0,111.0,64.0,5,1600657583
2020-09-21 04:18:25+00:00,55.44953,8.471225,0.0,111.0,34.0,5,1600661905
2020-09-21 05:12:26+00:00,55.44953,8.47114,0.0,111.0,332.0,5,1600665146
2020-09-21 06:00:28+00:00,55.4495,8.47128,0.0,111.0,10.0,5,1600668028
2020-09-21 07:12:30+00:00,55.44959,8.471173,0.0,111.0,80.0,5,1600672350
2020-09-21 08:00:31+00:00,55.4495,8.471282,0.0,111.0,19.0,5,1600675231
2020-09-21 09:09:30+00:00,55.44953,8.471215,0.0,111.0,355.0,5,1600679370
2020-09-21 10:18:36+00:00,55.44956,8.471215,0.0,111.0,251.0,5,1600683516
2020-09-21 11:06:38+00:00,55.44951,8.471293,0.0,111.0,253.0,5,1600686398
2020-09-21 12:18:40+00:00,55.44953,8.471198,0.0,111.0,143.0,5,1600690720
2020-09-21 13:03:38+00:00,55.44953,8.471189,0.0,111.0,171.0,5,1600693418
2020-09-21 14:06:44+00:00,55.4495,8.471213,0.0,111.0,167.0,5,1600697204
2020-09-21 15:09:43+00:00,55.44951,8.471275,0.0,111.0,227.0,5,1600700983
2020-09-21 16:12:47+00:00,55.44951,8.47127,0.0,111.0,79.0,5,1600704767
2020-09-21 17:15:46+00:00,55.44953,8.471215,0.0,111.0,73.0,5,1600708546
2020-09-21 18:18:52+00:00,55.44947,8.471205,0.0,111.0,97.0,5,1600712332
2020-09-21 19:00:53+00:00,55.4495,8.4712,0.0,111.0,73.0,5,1600714853
2020-09-21 20:03:52+00:00,55.44952,8.471256,0.0,111.0,24.0,5,1600718632
2020-09-21 21:12:57+00:00,55.4495,8.471338,0.0,111.0,60.0,5,1600722777
2020-09-21 22:18:59+00:00,55.44962,8.471185,0.0,111.0,32.0,5,1600726739
2020-09-21 23:01:01+00:00,55.44951,8.471157,0.0,111.0,56.0,5,1600729261
2020-09-22 00:04:01+00:00,55.4494,8.471352,0.0,111.0,100.0,5,1600733041
2020-09-22 01:07:04+00:00,55.44959,8.471265,0.0,111.0,85.0,5,1600736824
2020-09-22 02:10:03+00:00,55.44949,8.471222,0.0,111.0,44.0,5,1600740603
2020-09-22 03:16:06+00:00,55.44952,8.471253,0.0,111.0,55.0,5,1600744566
2020-09-22 04:19:11+00:00,55.44947,8.471273,0.0,111.0,28.0,5,1600748351
2020-09-22 05:01:12+00:00,55.44961,8.471115,0.0,111.0,356.0,5,1600750872
2020-09-22 06:04:12+00:00,55.44949,8.471185,0.0,111.0,7.0,5,1600754652
2020-09-22 07:07:17+00:00,55.44957,8.471169,0.0,111.0,93.0,5,1600758437
2020-09-22 08:10:17+00:00,55.44948,8.471164,0.0,111.0,180.0,5,1600762217
2020-09-22 09:13:22+00:00,55.44951,8.471167,0.0,111.0,186.0,5,1600766002
2020-09-22 10:19:23+00:00,55.44953,8.47126,0.0,111.0,149.0,5,1600769963
2020-09-22 11:01:24+00:00,55.44952,8.471262,0.0,111.0,143.0,5,1600772484
2020-09-22 12:04:24+00:00,55.44946,8.471267,0.0,111.0,78.0,5,1600776264
2020-09-22 13:07:30+00:00,55.44955,8.47124,0.0,111.0,44.0,5,1600780050
2020-09-22 14:10:28+00:00,55.44948,8.471107,0.0,111.0,81.0,5,1600783828
2020-09-22 15:13:33+00:00,55.44954,8.471202,0.0,111.0,68.0,5,1600787613
2020-09-22 16:16:32+00:00,55.44952,8.471202,0.0,111.0,97.0,5,1600791392
2020-09-22 17:19:37+00:00,55.44957,8.471231,0.0,111.0,67.0,5,1600795177
2020-09-22 18:01:38+00:00,55.44952,8.471255,0.0,111.0,85.0,5,1600797698
2020-09-22 19:04:38+00:00,55.44953,8.471151,0.0,112.0,71.0,5,1600801478
2020-09-22 20:07:43+00:00,55.44957,8.4713,0.0,112.0,38.0,5,1600805263
2020-09-22 21:10:42+00:00,55.44948,8.471334,0.0,111.0,49.0,5,1600809042
2020-09-22 22:13:47+00:00,55.44955,8.47114,0.0,111.0,58.0,5,1600812827
2020-09-22 23:16:47+00:00,55.44946,8.471135,0.0,111.0,94.0,5,1600816607
2020-09-23 00:19:52+00:00,55.44953,8.471104,0.0,111.0,60.0,5,1600820392
2020-09-23 01:01:53+00:00,55.44955,8.471207,0.0,111.0,51.0,5,1600822913
2020-09-23 02:07:56+00:00,55.44945,8.471218,0.0,112.0,79.0,5,1600826876
2020-09-23 03:13:58+00:00,55.44948,8.471273,0.0,111.0,352.0,5,1600830838
2020-09-23 04:01:59+00:00,55.44958,8.471195,0.0,111.0,41.0,5,1600833719
2020-09-23 05:14:01+00:00,55.4495,8.471173,0.0,111.0,356.0,5,1600838041
2020-09-23 06:02:03+00:00,55.44953,8.471332,0.0,112.0,158.0,5,1600840923
2020-09-23 07:14:05+00:00,55.44961,8.471323,0.0,111.0,303.0,5,1600845245
2020-09-23 08:02:07+00:00,55.4495,8.471263,0.0,112.0,248.0,5,1600848127
2020-09-23 09:14:09+00:00,55.44957,8.471265,0.0,111.0,208.0,5,1600852449
2020-09-23 10:02:11+00:00,55.44954,8.471158,0.0,111.0,239.0,5,1600855331
2020-09-23 11:14:14+00:00,55.44948,8.4712,0.0,111.0,323.0,5,1600859654
2020-09-23 12:02:15+00:00,55.44949,8.47124,0.0,111.0,282.0,5,1600862535
2020-09-23 13:14:19+00:00,55.44957,8.471177,0.0,111.0,277.0,5,1600866859
2020-09-23 14:02:21+00:00,55.44951,8.471098,0.0,111.0,242.0,5,1600869741
2020-09-23 15:14:23+00:00,55.44955,8.4712,0.0,111.0,185.0,5,1600874063
2020-09-23 16:02:25+00:00,55.44952,8.471222,0.0,111.0,104.0,5,1600876945
2020-09-23 17:08:27+00:00,55.44956,8.471193,0.0,111.0,207.0,5,1600880907
2020-09-23 18:20:30+00:00,55.44958,8.471283,0.0,111.0,229.0,5,1600885230
2020-09-23 19:08:31+00:00,55.44952,8.471131,0.0,111.0,236.0,5,1600888111
2020-09-23 20:20:33+00:00,55.44954,8.471177,0.0,111.0,319.0,5,1600892433
2020-09-23 21:08:35+00:00,55.44948,8.471255,0.0,111.0,50.0,5,1600895315
2020-09-23 22:20:38+00:00,55.44958,8.471209,0.0,111.0,80.0,5,1600899638
2020-09-23 23:08:40+00:00,55.44958,8.471175,0.0,111.0,127.0,5,1600902520
2020-09-24 00:20:42+00:00,55.4495,8.471251,0.0,111.0,343.0,5,1600906842
2020-09-24 01:02:43+00:00,55.44958,8.471265,0.0,111.0,319.0,5,1600909363
2020-09-24 02:14:46+00:00,55.4495,8.471178,0.0,111.0,241.0,5,1600913686
2020-09-24 03:02:47+00:00,55.44956,8.47116,0.0,111.0,228.0,5,1600916567
2020-09-24 04:14:49+00:00,55.44958,8.47132,0.0,111.0,196.0,5,1600920889
2020-09-24 05:02:51+00:00,55.4495,8.471197,0.0,111.0,148.0,5,1600923771
2020-09-24 06:14:54+00:00,55.44952,8.471231,0.0,111.0,108.0,5,1600928094
2020-09-24 07:02:55+00:00,55.44958,8.471182,0.0,111.0,79.0,5,1600930975
2020-09-24 08:14:57+00:00,55.44947,8.471245,0.0,111.0,234.0,5,1600935297
2020-09-24 09:02:58+00:00,55.4495,8.471282,0.0,111.0,319.0,5,1600938178
2020-09-24 10:15:01+00:00,55.44954,8.471209,0.0,111.0,313.0,5,1600942501
2020-09-24 11:03:03+00:00,55.44951,8.471332,0.0,111.0,221.0,5,1600945383
2020-09-24 12:15:05+00:00,55.4495,8.47123,0.0,111.0,300.0,5,1600949705
2020-09-24 13:03:07+00:00,55.44954,8.471115,0.0,112.0,310.0,5,1600952587
2020-09-24 14:09:09+00:00,55.44952,8.4711,0.0,111.0,224.0,5,1600956549
2020-09-24 15:00:07+00:00,55.44953,8.471191,0.0,111.0,194.0,5,1600959607
2020-09-24 16:09:14+00:00,55.44955,8.471184,0.0,111.0,99.0,5,1600963754
2020-09-24 17:21:16+00:00,55.44952,8.471223,0.0,111.0,162.0,5,1600968076
2020-09-24 18:03:17+00:00,55.44951,8.47128,0.0,111.0,182.0,5,1600970597
2020-09-24 19:15:20+00:00,55.44951,8.47127,0.0,111.0,70.0,5,1600974920
2020-09-24 20:03:22+00:00,55.44954,8.47124,0.0,111.0,298.0,5,1600977802
2020-09-24 21:12:21+00:00,55.44947,8.471164,0.0,111.0,101.0,5,1600981941
2020-09-24 22:21:26+00:00,55.44952,8.471105,0.0,111.0,258.0,5,1600986086
2020-09-24 23:06:24+00:00,55.44945,8.471122,0.0,111.0,289.0,5,1600988784
2020-09-25 00:09:29+00:00,55.44941,8.47122,0.0,111.0,340.0,5,1600992569
2020-09-25 01:21:31+00:00,55.44955,8.471185,0.0,111.0,342.0,5,1600996891
2020-09-25 02:09:33+00:00,55.4495,8.471195,0.0,111.0,40.0,5,1600999773
2020-09-25 03:15:35+00:00,55.4495,8.471273,0.0,111.0,19.0,5,1601003735
2020-09-25 04:18:34+00:00,55.44958,8.471195,0.0,111.0,292.0,5,1601007514
2020-09-25 05:00:35+00:00,55.4495,8.471195,0.0,111.0,240.0,5,1601010035
2020-09-25 06:03:40+00:00,55.4495,8.471405,0.0,111.0,52.0,5,1601013820
2020-09-25 07:06:39+00:00,55.44964,8.471338,0.0,111.0,94.0,5,1601017599
2020-09-25 08:09:43+00:00,55.44953,8.471292,0.0,111.0,245.0,5,1601021383
2020-09-25 09:12:43+00:00,55.44952,8.471231,0.0,111.0,182.0,5,1601025163
2020-09-25 10:15:47+00:00,55.44955,8.471147,0.0,112.0,287.0,5,1601028947
2020-09-25 11:18:48+00:00,55.44952,8.471209,0.0,112.0,347.0,5,1601032728
2020-09-25 12:00:49+00:00,55.4495,8.471338,0.0,111.0,358.0,5,1601035249
2020-09-25 13:03:53+00:00,55.44954,8.471193,0.0,111.0,284.0,5,1601039033
2020-09-25 14:09:55+00:00,55.44947,8.47124,0.0,111.0,207.0,5,1601042995
2020-09-25 15:12:55+00:00,55.4495,8.471215,0.0,111.0,127.0,5,1601046775
2020-09-25 16:18:56+00:00,55.4495,8.471258,0.0,111.0,123.0,5,1601050736
2020-09-25 17:00:57+00:00,55.44955,8.47118,0.0,111.0,179.0,5,1601053257
2020-09-25 18:04:01+00:00,55.44953,8.471303,0.0,111.0,155.0,5,1601057041
2020-09-25 19:07:01+00:00,55.44952,8.471305,0.0,111.0,72.0,5,1601060821
2020-09-25 20:10:06+00:00,55.44956,8.471205,0.0,112.0,35.0,5,1601064606
2020-09-25 21:13:06+00:00,55.44957,8.471295,0.0,112.0,85.0,5,1601068386
2020-09-25 22:16:10+00:00,55.4496,8.471093,0.0,112.0,73.0,5,1601072170
2020-09-26 01:46:17+00:00,55.4495,8.471315,0.0,112.0,18.0,5,1601084777
2020-09-26 02:07:15+00:00,55.44947,8.47124,0.0,111.0,42.0,5,1601086035
2020-09-26 03:10:19+00:00,55.4495,8.471296,0.0,112.0,38.0,5,1601089819
2020-09-26 04:13:20+00:00,55.44954,8.471293,0.0,112.0,32.0,5,1601093600
2020-09-26 05:16:23+00:00,55.44952,8.471164,0.0,112.0,317.0,5,1601097383
2020-09-26 06:19:23+00:00,55.44946,8.471355,0.0,111.0,36.0,5,1601101163
2020-09-26 07:01:24+00:00,55.44958,8.471272,0.0,112.0,74.0,5,1601103684
2020-09-26 08:04:29+00:00,55.44941,8.471309,0.0,112.0,183.0,5,1601107469
2020-09-26 09:07:28+00:00,55.4495,8.471198,0.0,112.0,117.0,5,1601111248
2020-09-26 10:10:32+00:00,55.44953,8.471184,0.0,111.0,62.0,5,1601115032
2020-09-26 11:13:33+00:00,55.44953,8.471265,0.0,112.0,45.0,5,1601118813
2020-09-26 12:16:36+00:00,55.44954,8.471249,0.0,112.0,47.0,5,1601122596
2020-09-26 13:19:37+00:00,55.44957,8.471177,0.0,112.0,68.0,5,1601126377
2020-09-26 14:04:39+00:00,55.44948,8.47117,0.0,112.0,31.0,5,1601129079
2020-09-26 15:07:40+00:00,55.4495,8.471256,0.0,111.0,48.0,5,1601132860
2020-09-26 16:10:43+00:00,55.44952,8.471262,0.0,111.0,113.0,5,1601136643
2020-09-26 17:13:44+00:00,55.44955,8.471177,0.0,112.0,89.0,5,1601140424
2020-09-26 18:16:48+00:00,55.44951,8.471256,0.0,111.0,88.0,5,1601144208
2020-09-26 19:19:48+00:00,55.44949,8.471225,0.0,112.0,43.0,5,1601147988
2020-09-26 20:01:49+00:00,55.44954,8.471158,0.0,111.0,1.0,5,1601150509
2020-09-26 21:04:52+00:00,55.44953,8.471105,0.0,112.0,63.0,5,1601154292
2020-09-26 22:07:53+00:00,55.44953,8.471158,0.0,111.0,66.0,5,1601158073
2020-09-26 23:10:57+00:00,55.4495,8.471175,0.0,112.0,131.0,5,1601161857
2020-09-27 00:14:00+00:00,55.44951,8.471202,0.0,111.0,22.0,5,1601165640
2020-09-27 01:17:02+00:00,55.44949,8.471307,0.0,112.0,51.0,5,1601169422
2020-09-27 02:20:04+00:00,55.44947,8.471227,0.0,112.0,56.0,5,1601173204
2020-09-27 03:02:06+00:00,55.44952,8.471262,0.0,112.0,51.0,5,1601175726
2020-09-27 04:05:07+00:00,55.44954,8.471416,0.0,112.0,25.0,5,1601179507
2020-09-27 05:08:08+00:00,55.4495,8.471249,0.0,112.0,315.0,5,1601183288
2020-09-27 06:11:11+00:00,55.44943,8.471245,0.0,111.0,64.0,5,1601187071
2020-09-27 07:14:12+00:00,55.44953,8.471211,0.0,112.0,153.0,5,1601190852
2020-09-27 08:17:15+00:00,55.44955,8.471193,0.0,112.0,237.0,5,1601194635
2020-09-27 09:20:16+00:00,55.4495,8.471245,0.0,112.0,192.0,5,1601198416
2020-09-27 10:02:17+00:00,55.44949,8.471329,0.0,111.0,227.0,5,1601200937
2020-09-27 11:05:21+00:00,55.44956,8.471225,0.0,112.0,138.0,5,1601204721
2020-09-27 12:11:23+00:00,55.4495,8.471238,0.0,112.0,25.0,5,1601208683
2020-09-27 13:14:23+00:00,55.44953,8.471204,0.0,111.0,82.0,5,1601212463
2020-09-27 14:17:26+00:00,55.44952,8.471153,0.0,112.0,353.0,5,1601216246
2020-09-27 15:20:27+00:00,55.44953,8.47126,0.0,112.0,116.0,5,1601220027
2020-09-27 16:02:28+00:00,55.44949,8.471209,0.0,111.0,124.0,5,1601222548
2020-09-27 17:05:31+00:00,55.44952,8.471247,0.0,111.0,323.0,5,1601226331
2020-09-27 18:08:33+00:00,55.44953,8.471255,0.0,112.0,298.0,5,1601230113
2020-09-27 19:11:35+00:00,55.44948,8.471184,0.0,111.0,224.0,5,1601233895
2020-09-27 20:14:36+00:00,55.44953,8.471124,0.0,111.0,327.0,5,1601237676
2020-09-27 21:17:39+00:00,55.44956,8.471115,0.0,111.0,84.0,5,1601241459
2020-09-27 22:20:40+00:00,55.44949,8.471171,0.0,111.0,53.0,5,1601245240
2020-09-27 23:02:42+00:00,55.44944,8.471187,0.0,111.0,119.0,5,1601247762
2020-09-28 00:05:44+00:00,55.44951,8.471235,0.0,111.0,13.0,5,1601251544
2020-09-28 01:08:45+00:00,55.4495,8.471222,0.0,111.0,61.0,5,1601255325
2020-09-28 02:11:48+00:00,55.44949,8.471185,0.0,111.0,55.0,5,1601259108
2020-09-28 03:14:49+00:00,55.4495,8.471251,0.0,111.0,22.0,5,1601262889
2020-09-28 04:17:52+00:00,55.44957,8.471375,0.0,111.0,294.0,5,1601266672
2020-09-28 05:20:53+00:00,55.44947,8.471267,0.0,111.0,309.0,5,1601270453
2020-09-28 06:02:55+00:00,55.4495,8.471197,0.0,111.0,24.0,5,1601272975
2020-09-28 07:05:57+00:00,55.44957,8.471198,0.0,111.0,86.0,5,1601276757
2020-09-28 08:08:59+00:00,55.44953,8.471155,0.0,111.0,209.0,5,1601280539
2020-09-28 09:18:01+00:00,55.44953,8.471253,0.0,111.0,230.0,5,1601284681
2020-09-28 10:00:03+00:00,55.44957,8.471205,0.0,111.0,266.0,5,1601287203
2020-09-28 11:03:05+00:00,55.44954,8.47118,0.0,111.0,212.0,5,1601290985
2020-09-28 12:06:07+00:00,55.44949,8.471265,0.0,111.0,267.0,5,1601294767
2020-09-28 13:09:09+00:00,55.44946,8.471251,0.0,111.0,234.0,5,1601298549
2020-09-28 14:12:11+00:00,55.44947,8.471242,0.0,111.0,245.0,5,1601302331
2020-09-28 15:15:13+00:00,55.44953,8.47119,0.0,111.0,152.0,5,1601306113
2020-09-28 16:18:15+00:00,55.44952,8.47125,0.0,111.0,170.0,5,1601309895
2020-09-28 17:00:17+00:00,55.44954,8.471245,0.0,111.0,266.0,5,1601312417
2020-09-28 18:03:18+00:00,55.4495,8.47126,0.0,111.0,142.0,5,1601316198
2020-09-28 19:06:21+00:00,55.44949,8.471283,0.0,111.0,48.0,5,1601319981
2020-09-28 20:09:22+00:00,55.44952,8.471247,0.0,111.0,350.0,5,1601323762
2020-09-28 21:12:25+00:00,55.44954,8.471158,0.0,111.0,92.0,5,1601327545
2020-09-28 22:15:25+00:00,55.44955,8.471118,0.0,111.0,48.0,5,1601331325
2020-09-28 23:18:29+00:00,55.44946,8.471278,0.0,111.0,140.0,5,1601335109
2020-09-29 00:00:31+00:00,55.44952,8.47127,0.0,111.0,9.0,5,1601337631
2020-09-29 01:06:33+00:00,55.44957,8.471197,0.0,111.0,40.0,5,1601341593
2020-09-29 02:09:33+00:00,55.44945,8.471182,0.0,111.0,44.0,5,1601345373
2020-09-29 03:12:37+00:00,55.4495,8.471293,0.0,112.0,19.0,5,1601349157
2020-09-29 04:15:36+00:00,55.44964,8.471455,0.0,112.0,266.0,5,1601352936
2020-09-29 05:18:41+00:00,55.4495,8.471323,0.0,111.0,223.0,5,1601356721
2020-09-29 06:00:42+00:00,55.44956,8.471144,0.0,111.0,74.0,5,1601359242
2020-09-29 07:06:44+00:00,55.44954,8.471238,0.0,111.0,127.0,5,1601363204
2020-09-29 08:09:43+00:00,55.44955,8.471198,0.0,111.0,264.0,5,1601366983
2020-09-29 09:12:47+00:00,55.44953,8.471209,0.0,111.0,242.0,5,1601370767
2020-09-29 10:15:47+00:00,55.44956,8.471193,0.0,111.0,165.0,5,1601374547
2020-09-29 11:00:50+00:00,55.4495,8.471213,0.0,112.0,146.0,5,1601377250
2020-09-29 12:03:49+00:00,55.44948,8.471336,0.0,111.0,237.0,5,1601381029
2020-09-29 13:06:54+00:00,55.44947,8.471211,0.0,112.0,244.0,5,1601384814
2020-09-29 14:09:55+00:00,55.44954,8.471144,0.0,112.0,251.0,5,1601388595
2020-09-29 15:12:58+00:00,55.4495,8.471145,0.0,112.0,141.0,5,1601392378
2020-09-29 16:15:59+00:00,55.44952,8.471213,0.0,112.0,183.0,5,1601396159
2020-09-29 17:01:02+00:00,55.44951,8.471269,0.0,111.0,300.0,5,1601398862
2020-09-29 18:04:03+00:00,55.44949,8.471258,0.0,111.0,289.0,5,1601402643
2020-09-29 19:07:06+00:00,55.4495,8.471222,0.0,112.0,14.0,5,1601406426
2020-09-29 20:10:06+00:00,55.44952,8.471229,0.0,111.0,306.0,5,1601410206
2020-09-29 21:13:12+00:00,55.44951,8.471173,0.0,111.0,101.0,5,1601413992
2020-09-29 22:16:11+00:00,55.44948,8.471111,0.0,111.0,45.0,5,1601417771
2020-09-29 23:19:16+00:00,55.44938,8.47132,0.0,112.0,107.0,5,1601421556
2020-09-30 00:04:14+00:00,55.44945,8.471349,0.0,111.0,3.0,5,1601424254
2020-09-30 01:13:20+00:00,55.44954,8.471204,0.0,111.0,53.0,5,1601428400
2020-09-30 02:01:21+00:00,55.44942,8.471298,0.0,111.0,48.0,5,1601431281
2020-09-30 03:13:24+00:00,55.44949,8.471218,0.0,111.0,356.0,5,1601435604
2020-09-30 04:01:25+00:00,55.44955,8.47126,0.0,111.0,286.0,5,1601438485
2020-09-30 05:13:28+00:00,55.44949,8.471265,0.0,112.0,216.0,5,1601442808
2020-09-30 06:16:27+00:00,55.44949,8.47137,0.0,111.0,268.0,5,1601446587
2020-09-30 07:19:31+00:00,55.44955,8.471312,0.0,111.0,238.0,5,1601450371
2020-09-30 08:01:33+00:00,55.44952,8.471215,0.0,112.0,221.0,5,1601452893
2020-09-30 09:04:32+00:00,55.44957,8.471113,0.0,111.0,171.0,5,1601456672
2020-09-30 10:07:37+00:00,55.44955,8.471209,0.0,112.0,145.0,5,1601460457
2020-09-30 11:10:36+00:00,55.44948,8.471383,0.0,112.0,100.0,5,1601464236
2020-09-30 12:13:41+00:00,55.44954,8.471205,0.0,112.0,6.0,5,1601468021
2020-09-30 13:16:43+00:00,55.4495,8.471195,0.0,112.0,255.0,5,1601471803
2020-09-30 14:19:44+00:00,55.44944,8.4712,0.0,111.0,221.0,5,1601475584
2020-09-30 15:01:46+00:00,55.44954,8.471378,0.0,111.0,142.0,5,1601478106
2020-09-30 16:04:46+00:00,55.44953,8.471117,0.0,111.0,336.0,5,1601481886
2020-09-30 17:10:48+00:00,55.44956,8.471295,0.0,112.0,27.0,5,1601485848
2020-09-30 18:13:52+00:00,55.44951,8.47121,0.0,111.0,276.0,5,1601489632
2020-09-30 19:16:52+00:00,55.44948,8.47119,0.0,112.0,194.0,5,1601493412
2020-09-30 20:19:55+00:00,55.44949,8.471267,0.0,112.0,182.0,5,1601497195
2020-09-30 21:01:56+00:00,55.44955,8.471173,0.0,111.0,261.0,5,1601499716
2020-09-30 22:04:58+00:00,55.44954,8.471122,0.0,111.0,239.0,5,1601503498
2020-09-30 23:08:01+00:00,55.4494,8.471255,0.0,111.0,138.0,5,1601507281
2020-10-01 00:11:02+00:00,55.44955,8.471193,0.0,111.0,357.0,5,1601511062
2020-10-01 01:14:05+00:00,55.44951,8.471236,0.0,112.0,359.0,5,1601514845
2020-10-01 02:17:05+00:00,55.44945,8.471315,0.0,112.0,52.0,5,1601518625
2020-10-01 03:02:08+00:00,55.44954,8.471262,0.0,112.0,18.0,5,1601521328
2020-10-01 04:05:11+00:00,55.4496,8.471258,0.0,111.0,283.0,5,1601525111
2020-10-01 05:08:14+00:00,55.44947,8.471338,0.0,111.0,228.0,5,1601528894
2020-10-01 06:11:15+00:00,55.44956,8.47124,0.0,112.0,256.0,5,1601532675
2020-10-01 07:14:18+00:00,55.4495,8.471292,0.0,112.0,223.0,5,1601536458
2020-10-01 08:17:20+00:00,55.44951,8.471309,0.0,112.0,228.0,5,1601540240
2020-10-01 09:20:22+00:00,55.44948,8.471151,0.0,112.0,250.0,5,1601544022
2020-10-01 10:02:23+00:00,55.44955,8.471273,0.0,112.0,101.0,5,1601546543
2020-10-01 11:05:25+00:00,55.44952,8.471167,0.0,112.0,148.0,5,1601550325
2020-10-01 12:08:28+00:00,55.44953,8.471113,0.0,112.0,338.0,5,1601554108
2020-10-01 13:11:29+00:00,55.44951,8.471197,0.0,112.0,273.0,5,1601557889
2020-10-01 14:14:33+00:00,55.4495,8.47117,0.0,112.0,209.0,5,1601561673
2020-10-01 15:20:34+00:00,55.44959,8.471265,0.0,112.0,118.0,5,1601565634
2020-10-01 16:02:35+00:00,55.4495,8.471262,0.0,111.0,184.0,5,1601568155
2020-10-01 17:05:36+00:00,55.44954,8.471215,0.0,111.0,1.0,5,1601571936
2020-10-01 18:08:39+00:00,55.44953,8.471204,0.0,112.0,281.0,5,1601575719
2020-10-01 19:11:40+00:00,55.44947,8.471155,0.0,112.0,187.0,5,1601579500
2020-10-01 20:14:43+00:00,55.44952,8.471225,0.0,112.0,177.0,5,1601583283
2020-10-01 21:17:44+00:00,55.44957,8.471171,0.0,112.0,236.0,5,1601587064
2020-10-01 22:20:47+00:00,55.44949,8.471105,0.0,112.0,270.0,5,1601590847
2020-10-01 23:02:49+00:00,55.44939,8.471265,0.0,112.0,148.0,5,1601593369
2020-10-02 00:08:51+00:00,55.44955,8.47122,0.0,111.0,327.0,5,1601597331
2020-10-02 01:11:52+00:00,55.44952,8.47126,0.0,112.0,359.0,5,1601601112
2020-10-02 02:17:54+00:00,55.44948,8.47128,0.0,112.0,22.0,5,1601605074
2020-10-02 03:20:58+00:00,55.44959,8.471175,0.0,112.0,268.0,5,1601608858
2020-10-02 04:03:00+00:00,55.44956,8.471276,0.0,112.0,274.0,5,1601611380
2020-10-02 05:05:59+00:00,55.44953,8.471289,0.0,112.0,261.0,5,1601615159
2020-10-02 06:09:03+00:00,55.44947,8.471335,0.0,111.0,83.0,5,1601618943
2020-10-02 07:12:03+00:00,55.44953,8.47134,0.0,112.0,73.0,5,1601622723
2020-10-02 08:15:07+00:00,55.44953,8.471223,0.0,111.0,43.0,5,1601626507
2020-10-02 09:18:07+00:00,55.44956,8.471247,0.0,112.0,79.0,5,1601630287
2020-10-02 10:00:08+00:00,55.44958,8.471218,0.0,111.0,104.0,5,1601632808
2020-10-02 11:03:13+00:00,55.44942,8.471345,0.0,111.0,100.0,5,1601636593
2020-10-02 12:15:16+00:00,55.44953,8.471235,0.0,111.0,14.0,5,1601640916
2020-10-02 13:00:14+00:00,55.44953,8.471222,0.0,111.0,77.0,5,1601643614
2020-10-02 14:03:19+00:00,55.44948,8.471142,0.0,111.0,10.0,5,1601647399
2020-10-02 15:06:18+00:00,55.44952,8.471225,0.0,112.0,28.0,5,1601651178
2020-10-02 16:09:23+00:00,55.4495,8.471255,0.0,111.0,304.0,5,1601654963
2020-10-02 17:12:23+00:00,55.44949,8.471303,0.0,112.0,275.0,5,1601658743
2020-10-02 18:15:27+00:00,55.44954,8.471182,0.0,111.0,288.0,5,1601662527
2020-10-02 19:18:27+00:00,55.44954,8.471185,0.0,111.0,191.0,5,1601666307
2020-10-02 20:00:29+00:00,55.44951,8.471209,0.0,111.0,193.0,5,1601668829
2020-10-02 21:03:33+00:00,55.44947,8.471233,0.0,111.0,255.0,5,1601672613
2020-10-02 22:06:33+00:00,55.44953,8.471104,0.0,111.0,257.0,5,1601676393
2020-10-02 23:09:37+00:00,55.44947,8.47131,0.0,111.0,111.0,5,1601680177
2020-10-03 00:12:37+00:00,55.44952,8.471292,0.0,112.0,349.0,5,1601683957
2020-10-03 01:15:41+00:00,55.44948,8.471193,0.0,111.0,331.0,5,1601687741
2020-10-03 02:18:41+00:00,55.4495,8.471233,0.0,111.0,54.0,5,1601691521
2020-10-03 03:00:43+00:00,55.44957,8.471313,0.0,111.0,57.0,5,1601694043
2020-10-03 04:03:46+00:00,55.44954,8.47119,0.0,112.0,271.0,5,1601697826
2020-10-03 05:06:47+00:00,55.44955,8.471118,0.0,111.0,215.0,5,1601701607
2020-10-03 06:09:50+00:00,55.44949,8.47128,0.0,111.0,38.0,5,1601705390
2020-10-03 07:12:51+00:00,55.44949,8.471441,0.0,111.0,69.0,5,1601709171
2020-10-03 08:15:54+00:00,55.44953,8.47119,0.0,111.0,39.0,5,1601712954
2020-10-03 09:18:55+00:00,55.44949,8.471216,0.0,111.0,207.0,5,1601716735
2020-10-03 10:00:56+00:00,55.44954,8.47119,0.0,111.0,101.0,5,1601719256
2020-10-03 11:03:59+00:00,55.44952,8.471256,0.0,111.0,106.0,5,1601723039
2020-10-03 12:06:59+00:00,55.44954,8.471213,0.0,111.0,5.0,5,1601726819
2020-10-03 13:10:04+00:00,55.44954,8.471236,0.0,111.0,248.0,5,1601730604
2020-10-03 14:16:06+00:00,55.44951,8.471236,0.0,111.0,232.0,5,1601734566
2020-10-03 15:22:08+00:00,55.44956,8.471243,0.0,111.0,112.0,5,1601738528
2020-10-03 16:10:10+00:00,55.44952,8.471165,0.0,111.0,328.0,5,1601741410
2020-10-03 17:22:13+00:00,55.44958,8.471243,0.0,111.0,301.0,5,1601745733
2020-10-03 18:04:14+00:00,55.44949,8.471211,0.0,111.0,318.0,5,1601748254
2020-10-03 19:16:16+00:00,55.44951,8.471229,0.0,111.0,177.0,5,1601752576
2020-10-03 20:22:19+00:00,55.44944,8.471338,0.0,111.0,57.0,5,1601756539
2020-10-03 21:10:20+00:00,55.44953,8.471142,0.0,111.0,10.0,5,1601759420
2020-10-03 22:25:19+00:00,55.44955,8.471178,0.0,111.0,136.0,5,1601763919
2020-10-03 23:16:24+00:00,55.44945,8.471197,0.0,111.0,17.0,5,1601766984
2020-10-04 00:04:26+00:00,55.44954,8.47118,0.0,111.0,338.0,5,1601769866
2020-10-04 01:07:26+00:00,55.44953,8.471211,0.0,111.0,317.0,5,1601773646
2020-10-04 02:10:31+00:00,55.44947,8.471323,0.0,111.0,18.0,5,1601777431
2020-10-04 03:22:34+00:00,55.4496,8.4712,0.0,111.0,95.0,5,1601781754
2020-10-04 04:04:35+00:00,55.44961,8.471323,0.0,111.0,302.0,5,1601784275
2020-10-04 05:13:36+00:00,55.44948,8.47127,0.0,111.0,179.0,5,1601788416
2020-10-04 06:16:39+00:00,55.44955,8.471272,0.0,111.0,280.0,5,1601792199
2020-10-04 07:19:39+00:00,55.44949,8.471173,0.0,111.0,195.0,5,1601795979
2020-10-04 08:01:40+00:00,55.44948,8.47124,0.0,111.0,220.0,5,1601798500
2020-10-04 09:07:42+00:00,55.4495,8.471225,0.0,111.0,229.0,5,1601802462
2020-10-04 10:10:48+00:00,55.44953,8.471255,0.0,111.0,95.0,5,1601806248
2020-10-04 11:13:47+00:00,55.44949,8.471231,0.0,111.0,90.0,5,1601810027
2020-10-04 12:16:52+00:00,55.44953,8.471148,0.0,111.0,359.0,5,1601813812
2020-10-04 13:19:51+00:00,55.44956,8.47112,0.0,111.0,235.0,5,1601817591
2020-10-04 14:01:53+00:00,55.44952,8.471182,0.0,111.0,261.0,5,1601820113
2020-10-04 15:04:57+00:00,55.44954,8.47126,0.0,111.0,95.0,5,1601823897
2020-10-04 16:11:00+00:00,55.44954,8.471245,0.0,111.0,174.0,5,1601827860
2020-10-04 17:13:59+00:00,55.44953,8.471251,0.0,111.0,168.0,5,1601831639
2020-10-04 18:17:04+00:00,55.44953,8.471171,0.0,112.0,267.0,5,1601835424
2020-10-04 19:20:03+00:00,55.44957,8.471193,0.0,111.0,313.0,5,1601839203
2020-10-04 20:02:05+00:00,55.44954,8.471148,0.0,111.0,273.0,5,1601841725
2020-10-04 21:05:10+00:00,55.44957,8.471108,0.0,111.0,249.0,5,1601845510
2020-10-04 22:11:12+00:00,55.44949,8.47114,0.0,111.0,269.0,5,1601849472
2020-10-04 23:23:14+00:00,55.44947,8.471302,0.0,111.0,45.0,5,1601853794
2020-10-05 00:11:16+00:00,55.44955,8.471198,0.0,111.0,337.0,5,1601856676
2020-10-05 01:23:19+00:00,55.4495,8.47123,0.0,111.0,52.0,5,1601860999
2020-10-05 02:08:16+00:00,55.44946,8.471289,0.0,111.0,31.0,5,1601863696
2020-10-05 03:11:21+00:00,55.44958,8.471236,0.0,111.0,73.0,5,1601867481
2020-10-05 04:14:20+00:00,55.44955,8.471177,0.0,111.0,268.0,5,1601871260
2020-10-05 05:17:25+00:00,55.44952,8.47123,0.0,111.0,342.0,5,1601875045
2020-10-05 06:02:24+00:00,55.4495,8.471251,0.0,111.0,74.0,5,1601877744
2020-10-05 07:05:28+00:00,55.4495,8.471265,0.0,112.0,201.0,5,1601881528
2020-10-05 08:08:27+00:00,55.44949,8.47116,0.0,111.0,221.0,5,1601885307
2020-10-05 09:11:32+00:00,55.44951,8.471216,0.0,111.0,200.0,5,1601889092
2020-10-05 10:17:36+00:00,55.44951,8.471313,0.0,111.0,344.0,5,1601893056
2020-10-05 11:05:37+00:00,55.44956,8.471258,0.0,111.0,99.0,5,1601895937
2020-10-05 12:17:39+00:00,55.4495,8.47119,0.0,111.0,289.0,5,1601900259
2020-10-05 13:05:41+00:00,55.44949,8.471245,0.0,111.0,241.0,5,1601903141
2020-10-05 14:14:39+00:00,55.4495,8.471223,0.0,111.0,227.0,5,1601907279
2020-10-05 15:17:44+00:00,55.44953,8.471278,0.0,111.0,130.0,5,1601911064
2020-10-05 16:05:46+00:00,55.44957,8.47115,0.0,111.0,168.0,5,1601913946
2020-10-05 17:17:48+00:00,55.44949,8.4712,0.0,111.0,190.0,5,1601918268
2020-10-05 18:05:50+00:00,55.44953,8.471227,0.0,111.0,276.0,5,1601921150
2020-10-05 19:17:53+00:00,55.44953,8.471218,0.0,111.0,274.0,5,1601925473
2020-10-05 20:05:54+00:00,55.44953,8.471233,0.0,111.0,38.0,5,1601928354
2020-10-05 21:17:57+00:00,55.44965,8.471169,0.0,111.0,46.0,5,1601932677
2020-10-05 22:08:52+00:00,55.4495,8.47118,0.0,111.0,106.0,5,1601935732
2020-10-05 23:18:01+00:00,55.4495,8.471278,0.0,111.0,12.0,5,1601939881
2020-10-06 00:06:02+00:00,55.44957,8.471325,0.0,111.0,327.0,5,1601942762
2020-10-06 01:18:05+00:00,55.44946,8.471276,0.0,111.0,26.0,5,1601947085
2020-10-06 02:06:07+00:00,55.44948,8.471187,0.0,111.0,41.0,5,1601949967
2020-10-06 03:18:09+00:00,55.4495,8.471216,0.0,111.0,266.0,5,1601954289
2020-10-06 04:06:12+00:00,55.44953,8.47113,0.0,111.0,256.0,5,1601957172
2020-10-06 05:18:15+00:00,55.44944,8.471378,0.0,111.0,74.0,5,1601961495
2020-10-06 06:06:17+00:00,55.4496,8.471198,0.0,111.0,67.0,5,1601964377
2020-10-06 07:18:19+00:00,55.44953,8.471235,0.0,111.0,186.0,5,1601968699
2020-10-06 08:09:12+00:00,55.44951,8.471242,0.0,112.0,228.0,5,1601971752
2020-10-06 09:18:24+00:00,55.44959,8.471287,0.0,111.0,102.0,5,1601975904
2020-10-06 10:06:25+00:00,55.44953,8.471287,0.0,111.0,198.0,5,1601978785
2020-10-06 11:18:28+00:00,55.44947,8.47125,0.0,111.0,305.0,5,1601983108
2020-10-06 12:06:29+00:00,55.44957,8.471195,0.0,111.0,335.0,5,1601985989
2020-10-06 13:18:32+00:00,55.44951,8.471187,0.0,111.0,230.0,5,1601990312
2020-10-06 14:06:34+00:00,55.44956,8.4712,0.0,111.0,232.0,5,1601993194
2020-10-06 15:18:36+00:00,55.44949,8.471329,0.0,111.0,99.0,5,1601997516
2020-10-06 16:06:38+00:00,55.44948,8.471195,0.0,111.0,143.0,5,1602000398
2020-10-06 17:18:40+00:00,55.44949,8.471189,0.0,111.0,161.0,5,1602004720
2020-10-06 18:06:41+00:00,55.44954,8.47116,0.0,111.0,302.0,5,1602007601
2020-10-06 19:10:24+00:00,55.44953,8.471278,0.0,111.0,310.0,5,1602011424
2020-10-06 20:13:24+00:00,55.44949,8.471276,0.0,111.0,47.0,5,1602015204
2020-10-06 21:16:28+00:00,55.44955,8.471088,0.0,111.0,35.0,5,1602018988
2020-10-06 22:19:27+00:00,55.4494,8.471222,0.0,111.0,129.0,5,1602022767
2020-10-06 23:01:28+00:00,55.4494,8.471258,0.0,111.0,35.0,5,1602025288
2020-10-07 00:04:32+00:00,55.44951,8.471207,0.0,111.0,311.0,5,1602029072
2020-10-07 01:10:35+00:00,55.44944,8.471282,0.0,111.0,23.0,5,1602033035
2020-10-07 02:13:34+00:00,55.44953,8.471269,0.0,111.0,33.0,5,1602036814
2020-10-07 03:16:39+00:00,55.44953,8.471315,0.0,111.0,64.0,5,1602040599
2020-10-07 04:19:38+00:00,55.44948,8.471169,0.0,111.0,251.0,5,1602044378
2020-10-07 05:01:40+00:00,55.44948,8.471338,0.0,111.0,176.0,5,1602046900
2020-10-07 06:04:43+00:00,55.44957,8.471148,0.0,111.0,63.0,5,1602050683
2020-10-07 07:07:44+00:00,55.44948,8.471204,0.0,111.0,145.0,5,1602054464
2020-10-07 08:10:48+00:00,55.44952,8.471315,0.0,111.0,112.0,5,1602058248
2020-10-07 09:13:49+00:00,55.4496,8.471278,0.0,111.0,111.0,5,1602062029
2020-10-07 10:16:52+00:00,55.44952,8.471209,0.0,111.0,48.0,5,1602065812
2020-10-07 11:19:52+00:00,55.44947,8.471229,0.0,111.0,46.0,5,1602069592
2020-10-07 12:01:54+00:00,55.44958,8.47118,0.0,111.0,55.0,5,1602072114
2020-10-07 13:04:57+00:00,55.44955,8.471137,0.0,111.0,80.0,5,1602075897
2020-10-07 14:07:57+00:00,55.44948,8.47122,0.0,111.0,82.0,5,1602079677
2020-10-07 15:11:02+00:00,55.44949,8.47127,0.0,111.0,83.0,5,1602083462
2020-10-07 16:14:02+00:00,55.44957,8.47119,0.0,111.0,168.0,5,1602087242
2020-10-07 17:17:05+00:00,55.4496,8.471275,0.0,111.0,185.0,5,1602091025
2020-10-07 18:20:07+00:00,55.44949,8.471197,0.0,111.0,62.0,5,1602094807
2020-10-07 19:02:07+00:00,55.44958,8.471249,0.0,111.0,7.0,5,1602097327
2020-10-07 20:05:10+00:00,55.4495,8.471282,0.0,111.0,39.0,5,1602101110
2020-10-07 21:08:11+00:00,55.44957,8.471169,0.0,111.0,52.0,5,1602104891
2020-10-07 22:11:13+00:00,55.4495,8.471155,0.0,111.0,120.0,5,1602108673
2020-10-07 23:14:14+00:00,55.4495,8.471225,0.0,112.0,34.0,5,1602112454
2020-10-08 00:17:17+00:00,55.44954,8.471233,0.0,112.0,3.0,5,1602116237
2020-10-08 01:20:20+00:00,55.44947,8.471195,0.0,111.0,70.0,5,1602120020
2020-10-08 02:02:21+00:00,55.44952,8.471207,0.0,111.0,69.0,5,1602122541
2020-10-08 03:05:23+00:00,55.44967,8.47114,0.0,112.0,67.0,5,1602126323
2020-10-08 04:08:26+00:00,55.44952,8.471131,0.0,111.0,272.0,5,1602130106
2020-10-08 05:11:27+00:00,55.4495,8.471352,0.0,111.0,219.0,5,1602133887
2020-10-08 06:14:29+00:00,55.44962,8.471235,0.0,111.0,289.0,5,1602137669
2020-10-08 07:17:31+00:00,55.44954,8.471195,0.0,111.0,184.0,5,1602141451
2020-10-08 08:20:32+00:00,55.4495,8.471231,0.0,111.0,189.0,5,1602145232
2020-10-08 09:02:34+00:00,55.44955,8.47132,0.0,111.0,149.0,5,1602147754
2020-10-08 10:05:36+00:00,55.4495,8.471332,0.0,111.0,13.0,5,1602151536
2020-10-08 11:08:38+00:00,55.4495,8.471329,0.0,111.0,350.0,5,1602155318
2020-10-08 12:11:40+00:00,55.44953,8.471197,0.0,111.0,358.0,5,1602159100
2020-10-08 13:14:42+00:00,55.44952,8.471153,0.0,111.0,33.0,5,1602162882
2020-10-08 14:17:45+00:00,55.44952,8.471298,0.0,111.0,77.0,5,1602166665
2020-10-08 15:20:45+00:00,55.44947,8.471323,0.0,111.0,79.0,5,1602170445
2020-10-08 16:02:47+00:00,55.44951,8.471245,0.0,111.0,320.0,5,1602172967
2020-10-08 17:05:51+00:00,55.44949,8.471229,0.0,111.0,348.0,5,1602176751
2020-10-08 18:08:50+00:00,55.44952,8.471218,0.0,111.0,246.0,5,1602180530
2020-10-08 19:14:52+00:00,55.44955,8.471215,0.0,111.0,320.0,5,1602184492
2020-10-08 20:17:57+00:00,55.44953,8.471218,0.0,111.0,73.0,5,1602188277
2020-10-08 21:20:56+00:00,55.44957,8.471315,0.0,111.0,82.0,5,1602192056
2020-10-08 22:02:58+00:00,55.44954,8.47119,0.0,111.0,118.0,5,1602194578
2020-10-08 23:09:00+00:00,55.44949,8.471113,0.0,111.0,340.0,5,1602198540
2020-10-09 00:12:05+00:00,55.44953,8.47117,0.0,111.0,61.0,5,1602202325
2020-10-09 01:18:07+00:00,55.44952,8.471184,0.0,112.0,87.0,5,1602206287
2020-10-09 02:00:08+00:00,55.44953,8.47114,0.0,111.0,49.0,5,1602208808
2020-10-09 03:03:07+00:00,55.44966,8.471211,0.0,111.0,76.0,5,1602212587
2020-10-09 04:06:12+00:00,55.44951,8.471138,0.0,111.0,254.0,5,1602216372
2020-10-09 05:09:11+00:00,55.44953,8.471238,0.0,111.0,183.0,5,1602220151
2020-10-09 06:12:15+00:00,55.44954,8.471225,0.0,111.0,290.0,5,1602223935
2020-10-09 07:15:15+00:00,55.44951,8.471247,0.0,111.0,168.0,5,1602227715
2020-10-09 08:18:19+00:00,55.44955,8.471158,0.0,111.0,70.0,5,1602231499
2020-10-09 09:00:20+00:00,55.44944,8.471058,0.0,111.0,290.0,5,1602234020
2020-10-09 10:03:21+00:00,55.44955,8.471256,0.0,111.0,25.0,5,1602237801
2020-10-09 11:06:25+00:00,55.4495,8.471253,0.0,111.0,21.0,5,1602241585
2020-10-09 13:15:26+00:00,55.44955,8.471202,0.0,111.0,350.0,5,1602249326
2020-10-09 14:18:30+00:00,55.44957,8.471142,0.0,111.0,162.0,5,1602253110
2020-10-09 15:00:31+00:00,55.44961,8.471148,0.0,111.0,24.0,5,1602255631
2020-10-09 16:03:32+00:00,55.44956,8.471205,0.0,111.0,57.0,5,1602259412
2020-10-09 17:06:36+00:00,55.44957,8.471165,0.0,111.0,272.0,5,1602263196
2020-10-09 18:09:36+00:00,55.44958,8.471184,0.0,111.0,238.0,5,1602266976
2020-10-09 19:12:39+00:00,55.44954,8.471184,0.0,111.0,171.0,5,1602270759
2020-10-09 20:15:40+00:00,55.44953,8.471173,0.0,111.0,230.0,5,1602274540
2020-10-09 21:18:42+00:00,55.44957,8.47124,0.0,111.0,336.0,5,1602278322
2020-10-09 22:00:44+00:00,55.44956,8.471197,0.0,111.0,17.0,5,1602280844
2020-10-09 23:03:44+00:00,55.4495,8.471269,0.0,111.0,230.0,5,1602284624
2020-10-10 00:06:48+00:00,55.4496,8.471155,0.0,111.0,88.0,5,1602288408
2020-10-10 01:09:49+00:00,55.44957,8.471158,0.0,111.0,32.0,5,1602292189
2020-10-10 02:12:52+00:00,55.44955,8.471209,0.0,111.0,36.0,5,1602295972
2020-10-10 03:15:53+00:00,55.44964,8.471122,0.0,111.0,264.0,5,1602299753
2020-10-10 04:18:56+00:00,55.44957,8.471167,0.0,111.0,95.0,5,1602303536
2020-10-10 05:00:58+00:00,55.44953,8.47122,0.0,111.0,97.0,5,1602306058
2020-10-10 06:03:59+00:00,55.44957,8.471178,0.0,111.0,179.0,5,1602309839
2020-10-10 07:07:02+00:00,55.44958,8.47111,0.0,111.0,15.0,5,1602313622
2020-10-10 08:10:02+00:00,55.44958,8.471135,0.0,111.0,206.0,5,1602317402
2020-10-10 09:13:07+00:00,55.44959,8.471095,0.0,111.0,327.0,5,1602321187
2020-10-10 10:16:06+00:00,55.44955,8.471157,0.0,111.0,349.0,5,1602324966
2020-10-10 11:19:11+00:00,55.44959,8.471058,0.0,111.0,54.0,5,1602328751
2020-10-10 12:01:12+00:00,55.44954,8.47119,0.0,111.0,66.0,5,1602331272
2020-10-10 13:07:14+00:00,55.44953,8.471193,0.0,111.0,153.0,5,1602335234
2020-10-10 14:10:14+00:00,55.44961,8.471147,0.0,111.0,219.0,5,1602339014
2020-10-10 15:13:18+00:00,55.44954,8.471151,0.0,111.0,26.0,5,1602342798
2020-10-10 16:16:18+00:00,55.44956,8.471169,0.0,111.0,211.0,5,1602346578
2020-10-10 17:19:21+00:00,55.44954,8.471175,0.0,111.0,253.0,5,1602350361
2020-10-10 18:01:22+00:00,55.44957,8.471185,0.0,111.0,280.0,5,1602352882
2020-10-10 19:04:24+00:00,55.44956,8.471169,0.0,111.0,203.0,5,1602356664
2020-10-10 20:07:27+00:00,55.44954,8.471205,0.0,111.0,281.0,5,1602360447
2020-10-10 21:10:28+00:00,55.44962,8.47121,0.0,111.0,320.0,5,1602364228
2020-10-10 22:13:30+00:00,55.44956,8.471164,0.0,111.0,279.0,5,1602368010
2020-10-10 23:19:33+00:00,55.44956,8.471158,0.0,111.0,68.0,5,1602371973
2020-10-11 00:01:34+00:00,55.44961,8.471167,0.0,111.0,38.0,5,1602374494
2020-10-11 01:04:38+00:00,55.44956,8.471165,0.0,111.0,62.0,5,1602378278
2020-10-11 02:07:38+00:00,55.44955,8.47121,0.0,111.0,54.0,5,1602382058
2020-10-11 03:10:41+00:00,55.44963,8.471082,0.0,111.0,243.0,5,1602385841
2020-10-11 04:13:41+00:00,55.44957,8.471195,0.0,111.0,106.0,5,1602389621
2020-10-11 05:16:46+00:00,55.44953,8.471197,0.0,111.0,46.0,5,1602393406
2020-10-11 06:19:45+00:00,55.44958,8.471155,0.0,111.0,335.0,5,1602397185
2020-10-11 07:01:47+00:00,55.44954,8.471263,0.0,111.0,24.0,5,1602399707
2020-10-11 08:07:50+00:00,55.44956,8.47118,0.0,111.0,200.0,5,1602403670
2020-10-11 09:10:53+00:00,55.44958,8.47113,0.0,111.0,314.0,5,1602407453
2020-10-11 10:13:55+00:00,55.44955,8.471185,0.0,111.0,75.0,5,1602411235
2020-10-11 11:19:56+00:00,55.44954,8.471211,0.0,111.0,38.0,5,1602415196
2020-10-11 12:01:57+00:00,55.44958,8.471162,0.0,111.0,276.0,5,1602417717
2020-10-11 13:05:00+00:00,55.44955,8.471187,0.0,111.0,300.0,5,1602421500
2020-10-11 14:08:02+00:00,55.44962,8.471131,0.0,111.0,213.0,5,1602425282
2020-10-11 15:11:05+00:00,55.44953,8.471209,0.0,111.0,316.0,5,1602429065
2020-10-11 16:14:05+00:00,55.44956,8.471158,0.0,111.0,205.0,5,1602432845
2020-10-11 17:17:09+00:00,55.44956,8.471158,0.0,111.0,241.0,5,1602436629
2020-10-11 18:20:08+00:00,55.44957,8.47118,0.0,111.0,201.0,5,1602440408
2020-10-11 19:02:09+00:00,55.44956,8.471184,0.0,111.0,217.0,5,1602442929
2020-10-11 20:05:13+00:00,55.44955,8.47119,0.0,111.0,216.0,5,1602446713
2020-10-11 21:08:13+00:00,55.44958,8.47128,0.0,111.0,315.0,5,1602450493
2020-10-11 22:11:18+00:00,55.44956,8.47117,0.0,111.0,20.0,5,1602454278
2020-10-11 23:14:17+00:00,55.44955,8.471162,0.0,111.0,281.0,5,1602458057
2020-10-12 00:20:20+00:00,55.44956,8.47116,0.0,111.0,341.0,5,1602462020
2020-10-12 01:05:23+00:00,55.44956,8.471137,0.0,111.0,65.0,5,1602464723
2020-10-12 02:08:26+00:00,55.44955,8.471202,0.0,111.0,59.0,5,1602468506
2020-10-12 03:11:28+00:00,55.44965,8.471118,0.0,111.0,268.0,5,1602472288
2020-10-12 04:14:29+00:00,55.44957,8.47114,0.0,111.0,114.0,5,1602476069
2020-10-12 05:17:32+00:00,55.44954,8.47116,0.0,111.0,16.0,5,1602479852
2020-10-12 06:20:33+00:00,55.44957,8.471157,0.0,111.0,270.0,5,1602483633
2020-10-12 07:02:34+00:00,55.44956,8.471213,0.0,111.0,210.0,5,1602486154
2020-10-12 08:05:38+00:00,55.44953,8.471233,0.0,111.0,228.0,5,1602489938
2020-10-12 09:08:39+00:00,55.44957,8.471145,0.0,111.0,329.0,5,1602493719
2020-10-12 10:11:41+00:00,55.44956,8.471148,0.0,111.0,68.0,5,1602497501
2020-10-12 11:14:43+00:00,55.44956,8.471165,0.0,111.0,217.0,5,1602501283
2020-10-12 12:17:45+00:00,55.44958,8.471197,0.0,111.0,226.0,5,1602505065
2020-10-12 13:20:46+00:00,55.44956,8.471164,0.0,111.0,343.0,5,1602508846
2020-10-12 14:02:48+00:00,55.44958,8.471204,0.0,111.0,197.0,5,1602511368
2020-10-12 15:05:51+00:00,55.44955,8.471155,0.0,111.0,27.0,5,1602515151
2020-10-12 16:08:51+00:00,55.44955,8.471158,0.0,111.0,216.0,5,1602518931
2020-10-12 17:11:54+00:00,55.44956,8.471175,0.0,111.0,231.0,5,1602522714
2020-10-12 18:14:54+00:00,55.44956,8.471189,0.0,111.0,241.0,5,1602526494
2020-10-12 19:17:57+00:00,55.44957,8.471162,0.0,111.0,224.0,5,1602530277
2020-10-12 20:30:00+00:00,55.44951,8.471204,0.0,111.0,318.0,5,1602534600
2020-10-12 21:12:01+00:00,55.44958,8.47124,0.0,111.0,122.0,5,1602537121
2020-10-12 22:15:02+00:00,55.44956,8.471165,0.0,111.0,19.0,5,1602540902
2020-10-12 23:21:04+00:00,55.44956,8.471158,0.0,111.0,132.0,5,1602544864
2020-10-13 00:03:04+00:00,55.44964,8.471167,0.0,111.0,35.0,5,1602547384
2020-10-13 01:06:09+00:00,55.44957,8.471138,0.0,111.0,36.0,5,1602551169
2020-10-13 02:12:11+00:00,55.44955,8.471273,0.0,111.0,32.0,5,1602555131
2020-10-13 03:15:11+00:00,55.4496,8.471137,0.0,111.0,255.0,5,1602558911
2020-10-13 04:18:15+00:00,55.44958,8.471202,0.0,111.0,264.0,5,1602562695
2020-10-13 05:00:16+00:00,55.44951,8.471223,0.0,111.0,40.0,5,1602565216
2020-10-13 06:03:15+00:00,55.44958,8.471205,0.0,111.0,338.0,5,1602568995
2020-10-13 07:06:18+00:00,55.44958,8.471145,0.0,111.0,177.0,5,1602572778
2020-10-13 08:09:19+00:00,55.44955,8.471197,0.0,111.0,173.0,5,1602576559
2020-10-13 09:12:22+00:00,55.44958,8.471115,0.0,111.0,359.0,5,1602580342
2020-10-13 10:15:22+00:00,55.44955,8.471142,0.0,111.0,264.0,5,1602584122
2020-10-13 11:18:27+00:00,55.44952,8.471242,0.0,111.0,231.0,5,1602587907
2020-10-13 12:00:28+00:00,55.44958,8.47117,0.0,111.0,73.0,5,1602590428
2020-10-13 13:03:27+00:00,55.44955,8.471184,0.0,111.0,99.0,5,1602594207
2020-10-13 14:06:32+00:00,55.44957,8.471184,0.0,111.0,153.0,5,1602597992
2020-10-13 15:09:32+00:00,55.44955,8.471195,0.0,111.0,340.0,5,1602601772
2020-10-13 16:12:36+00:00,55.44955,8.471185,0.0,111.0,256.0,5,1602605556
2020-10-13 17:15:36+00:00,55.44956,8.47117,0.0,111.0,231.0,5,1602609336
2020-10-13 18:18:40+00:00,55.44955,8.471276,0.0,111.0,32.0,5,1602613120
2020-10-13 19:00:41+00:00,55.44956,8.471189,0.0,111.0,16.0,5,1602615641
2020-10-13 20:03:41+00:00,55.44954,8.471195,0.0,111.0,245.0,5,1602619421
2020-10-13 21:06:44+00:00,55.44959,8.471236,0.0,111.0,315.0,5,1602623204
2020-10-13 22:12:46+00:00,55.44955,8.471184,0.0,111.0,15.0,5,1602627166
2020-10-13 23:15:47+00:00,55.44956,8.47116,0.0,111.0,350.0,5,1602630947
2020-10-14 00:18:51+00:00,55.4496,8.47122,0.0,111.0,329.0,5,1602634731
2020-10-14 01:00:51+00:00,55.44956,8.471157,0.0,111.0,314.0,5,1602637251
2020-10-14 02:03:52+00:00,55.44956,8.471185,0.0,111.0,5.0,5,1602641032
2020-10-14 03:06:56+00:00,55.44959,8.471142,0.0,111.0,87.0,5,1602644816
2020-10-14 04:09:56+00:00,55.44958,8.471169,0.0,111.0,175.0,5,1602648596
2020-10-14 05:13:00+00:00,55.44951,8.471175,0.0,111.0,269.0,5,1602652380
2020-10-14 06:16:02+00:00,55.44957,8.471097,0.0,111.0,31.0,5,1602656162
2020-10-14 07:19:04+00:00,55.44955,8.471209,0.0,111.0,172.0,5,1602659944
2020-10-14 08:01:05+00:00,55.44956,8.471262,0.0,111.0,200.0,5,1602662465
2020-10-14 09:04:07+00:00,55.44957,8.471158,0.0,111.0,145.0,5,1602666247
2020-10-14 10:07:10+00:00,55.44956,8.471151,0.0,111.0,267.0,5,1602670030
2020-10-14 11:10:09+00:00,55.44954,8.471205,0.0,111.0,232.0,5,1602673809
2020-10-14 12:13:15+00:00,55.44957,8.471165,0.0,111.0,238.0,5,1602677595
2020-10-14 13:16:13+00:00,55.44956,8.471167,0.0,111.0,152.0,5,1602681373
2020-10-14 14:19:17+00:00,55.44958,8.471185,0.0,111.0,152.0,5,1602685157
2020-10-14 15:01:18+00:00,55.44953,8.471223,0.0,111.0,315.0,5,1602687678
2020-10-14 16:04:19+00:00,55.44954,8.471185,0.0,111.0,170.0,5,1602691459
2020-10-14 17:10:20+00:00,55.44956,8.471175,0.0,111.0,55.0,5,1602695420
2020-10-14 18:19:26+00:00,55.44957,8.47119,0.0,111.0,282.0,5,1602699566
2020-10-14 19:01:27+00:00,55.44956,8.471169,0.0,111.0,135.0,5,1602702087
2020-10-14 20:04:26+00:00,55.44954,8.471185,0.0,111.0,225.0,5,1602705866
2020-10-14 21:10:29+00:00,55.4496,8.471216,0.0,111.0,314.0,5,1602709829
2020-10-14 22:13:33+00:00,55.44954,8.471175,0.0,111.0,215.0,5,1602713613
2020-10-14 23:16:33+00:00,55.44954,8.471177,0.0,111.0,35.0,5,1602717393
2020-10-15 00:19:38+00:00,55.44957,8.47128,0.0,111.0,350.0,5,1602721178
2020-10-15 01:01:39+00:00,55.44958,8.471145,0.0,111.0,280.0,5,1602723699
2020-10-15 02:04:37+00:00,55.44955,8.471169,0.0,111.0,54.0,5,1602727477
2020-10-15 03:07:42+00:00,55.44958,8.471145,0.0,111.0,64.0,5,1602731262
2020-10-15 04:10:42+00:00,55.44958,8.471202,0.0,111.0,96.0,5,1602735042
2020-10-15 05:13:46+00:00,55.44955,8.471158,0.0,111.0,54.0,5,1602738826
2020-10-15 06:16:46+00:00,55.44955,8.471148,0.0,111.0,58.0,5,1602742606
2020-10-15 07:19:50+00:00,55.44957,8.471151,0.0,111.0,226.0,5,1602746390
2020-10-15 08:01:51+00:00,55.44955,8.471215,0.0,111.0,235.0,5,1602748911
2020-10-15 09:04:52+00:00,55.44957,8.471105,0.0,111.0,354.0,5,1602752692
2020-10-15 10:07:55+00:00,55.44955,8.471151,0.0,111.0,265.0,5,1602756475
2020-10-15 11:10:56+00:00,55.44954,8.471187,0.0,111.0,245.0,5,1602760256
2020-10-15 12:14:00+00:00,55.44957,8.471155,0.0,111.0,213.0,5,1602764040
2020-10-15 13:17:01+00:00,55.44954,8.471229,0.0,111.0,205.0,5,1602767821
2020-10-15 14:02:03+00:00,55.44958,8.471145,0.0,111.0,339.0,5,1602770523
2020-10-15 15:05:04+00:00,55.44955,8.471177,0.0,111.0,215.0,5,1602774304
2020-10-15 16:08:07+00:00,55.44956,8.471162,0.0,111.0,214.0,5,1602778087
2020-10-15 17:11:09+00:00,55.44958,8.471153,0.0,111.0,238.0,5,1602781869
2020-10-15 18:14:14+00:00,55.44957,8.471182,0.0,111.0,256.0,5,1602785654
2020-10-15 19:17:14+00:00,55.44956,8.47117,0.0,111.0,227.0,5,1602789434
2020-10-15 20:20:17+00:00,55.44953,8.471171,0.0,111.0,222.0,5,1602793217
2020-10-15 21:02:18+00:00,55.44958,8.47123,0.0,111.0,330.0,5,1602795738
2020-10-15 22:05:19+00:00,55.44955,8.47117,0.0,111.0,47.0,5,1602799519
2020-10-15 23:08:23+00:00,55.44957,8.471162,0.0,111.0,75.0,5,1602803303
2020-10-16 00:14:25+00:00,55.44956,8.471185,0.0,111.0,348.0,5,1602807265
2020-10-16 01:17:26+00:00,55.44955,8.471155,0.0,111.0,62.0,5,1602811046
2020-10-16 02:20:30+00:00,55.44956,8.471178,0.0,111.0,33.0,5,1602814830
2020-10-16 03:02:31+00:00,55.44961,8.471164,0.0,111.0,282.0,5,1602817351
2020-10-16 04:05:31+00:00,55.44957,8.471205,0.0,111.0,86.0,5,1602821131
2020-10-16 05:08:35+00:00,55.44955,8.471125,0.0,111.0,76.0,5,1602824915
2020-10-16 06:11:35+00:00,55.44953,8.471202,0.0,111.0,43.0,5,1602828695
2020-10-16 07:14:39+00:00,55.44956,8.471178,0.0,111.0,54.0,5,1602832479
2020-10-16 08:17:39+00:00,55.44958,8.471173,0.0,111.0,196.0,5,1602836259
2020-10-16 09:20:42+00:00,55.44957,8.471162,0.0,111.0,128.0,5,1602840042
2020-10-16 10:02:43+00:00,55.44955,8.471144,0.0,111.0,258.0,5,1602842563
2020-10-16 11:05:45+00:00,55.44954,8.471197,0.0,111.0,231.0,5,1602846345
2020-10-16 12:08:47+00:00,55.44955,8.471177,0.0,111.0,201.0,5,1602850127
2020-10-16 13:11:48+00:00,55.44956,8.471173,0.0,111.0,53.0,5,1602853908
2020-10-16 14:14:51+00:00,55.44956,8.471202,0.0,111.0,25.0,5,1602857691
2020-10-16 15:17:53+00:00,55.44957,8.471147,0.0,111.0,195.0,5,1602861473
2020-10-16 16:20:55+00:00,55.44956,8.471164,0.0,111.0,194.0,5,1602865255
2020-10-16 17:02:56+00:00,55.44956,8.471175,0.0,111.0,244.0,5,1602867776
2020-10-16 18:05:58+00:00,55.44949,8.471355,0.0,111.0,248.0,5,1602871558
2020-10-16 19:09:00+00:00,55.44956,8.471169,0.0,111.0,233.0,5,1602875340
2020-10-16 20:12:01+00:00,55.44952,8.471198,0.0,111.0,252.0,5,1602879121
2020-10-16 21:15:05+00:00,55.44958,8.471233,0.0,111.0,120.0,5,1602882905
2020-10-16 22:18:05+00:00,55.44959,8.47112,0.0,111.0,289.0,5,1602886685
2020-10-16 23:03:08+00:00,55.44957,8.471157,0.0,111.0,179.0,5,1602889388
2020-10-17 00:06:09+00:00,55.44957,8.471158,0.0,111.0,115.0,5,1602893169
2020-10-17 01:09:12+00:00,55.44955,8.471167,0.0,111.0,67.0,5,1602896952
2020-10-17 02:12:12+00:00,55.4495,8.471267,0.0,111.0,63.0,5,1602900732
2020-10-17 03:15:16+00:00,55.44955,8.471215,0.0,111.0,46.0,5,1602904516
2020-10-17 04:18:16+00:00,55.44957,8.47115,0.0,111.0,289.0,5,1602908296
2020-10-17 05:00:17+00:00,55.44951,8.471198,0.0,111.0,239.0,5,1602910817
2020-10-17 06:03:21+00:00,55.44958,8.471108,0.0,111.0,58.0,5,1602914601
2020-10-17 07:06:23+00:00,55.44957,8.471204,0.0,111.0,212.0,5,1602918383
2020-10-17 08:09:26+00:00,55.44957,8.47121,0.0,111.0,124.0,5,1602922166
2020-10-17 09:12:27+00:00,55.44955,8.47112,0.0,111.0,173.0,5,1602925947
2020-10-17 10:15:30+00:00,55.44951,8.471205,0.0,111.0,230.0,5,1602929730
2020-10-17 11:18:31+00:00,55.44954,8.471189,0.0,111.0,64.0,5,1602933511
2020-10-17 12:00:32+00:00,55.44957,8.471171,0.0,111.0,49.0,5,1602936032
2020-10-17 13:03:34+00:00,55.44955,8.471162,0.0,111.0,64.0,5,1602939814
2020-10-17 14:06:36+00:00,55.44957,8.471177,0.0,111.0,36.0,5,1602943596
2020-10-17 15:09:38+00:00,55.44956,8.471175,0.0,111.0,317.0,5,1602947378
2020-10-17 16:12:40+00:00,55.44957,8.471151,0.0,111.0,191.0,5,1602951160
2020-10-17 17:15:41+00:00,55.44957,8.471164,0.0,111.0,256.0,5,1602954941
2020-10-17 18:18:44+00:00,55.44957,8.471182,0.0,111.0,291.0,5,1602958724
2020-10-17 19:00:45+00:00,55.44957,8.471151,0.0,111.0,31.0,5,1602961245
2020-10-17 20:03:47+00:00,55.4495,8.471222,0.0,111.0,238.0,5,1602965027
2020-10-17 21:06:49+00:00,55.44959,8.471205,0.0,111.0,332.0,5,1602968809
2020-10-17 22:09:51+00:00,55.44952,8.471215,0.0,111.0,40.0,5,1602972591
2020-10-17 23:12:54+00:00,55.44954,8.471155,0.0,111.0,128.0,5,1602976374
2020-10-18 00:15:56+00:00,55.44956,8.471197,0.0,111.0,92.0,5,1602980156
2020-10-18 01:18:59+00:00,55.4495,8.47129,0.0,111.0,72.0,5,1602983939
2020-10-18 02:01:00+00:00,55.44954,8.471255,0.0,111.0,65.0,5,1602986460
2020-10-18 03:04:00+00:00,55.44958,8.471157,0.0,111.0,253.0,5,1602990240
2020-10-18 04:07:04+00:00,55.44958,8.47121,0.0,111.0,144.0,5,1602994024
2020-10-18 05:10:05+00:00,55.44958,8.471187,0.0,111.0,247.0,5,1602997805
2020-10-18 06:13:08+00:00,55.44958,8.471175,0.0,111.0,55.0,5,1603001588
2020-10-18 07:19:11+00:00,55.44955,8.471202,0.0,111.0,190.0,5,1603005551
2020-10-18 08:01:12+00:00,55.44958,8.471177,0.0,111.0,350.0,5,1603008072
2020-10-18 09:04:13+00:00,55.44954,8.471175,0.0,111.0,122.0,5,1603011853
2020-10-18 10:07:17+00:00,55.44956,8.471158,0.0,111.0,77.0,5,1603015637
2020-10-18 11:10:17+00:00,55.44955,8.471191,0.0,111.0,53.0,5,1603019417
2020-10-18 12:13:19+00:00,55.44959,8.47113,0.0,111.0,63.0,5,1603023199
2020-10-18 13:16:21+00:00,55.44951,8.471376,0.0,111.0,71.0,5,1603026981
2020-10-18 14:19:23+00:00,55.44956,8.471223,0.0,111.0,69.0,5,1603030763
2020-10-18 15:01:25+00:00,55.44956,8.471187,0.0,111.0,6.0,5,1603033285
2020-10-18 16:04:27+00:00,55.44956,8.471182,0.0,111.0,245.0,5,1603037067
2020-10-18 17:07:30+00:00,55.44957,8.471158,0.0,111.0,106.0,5,1603040850
2020-10-18 18:13:32+00:00,55.44956,8.471184,0.0,111.0,8.0,5,1603044812
2020-10-18 19:16:32+00:00,55.44955,8.47119,0.0,111.0,50.0,5,1603048592
2020-10-18 20:19:34+00:00,55.44956,8.471144,0.0,111.0,272.0,5,1603052374
2020-10-18 21:01:36+00:00,55.4496,8.47126,0.0,111.0,320.0,5,1603054896
2020-10-18 22:04:37+00:00,55.44957,8.471175,0.0,111.0,45.0,5,1603058677
2020-10-18 23:07:40+00:00,55.44954,8.471151,0.0,111.0,280.0,5,1603062460
2020-10-19 00:10:41+00:00,55.44957,8.471204,0.0,111.0,303.0,5,1603066241
2020-10-19 01:19:43+00:00,55.44956,8.471155,0.0,111.0,201.0,5,1603070383
2020-10-19 02:01:44+00:00,55.44954,8.47125,0.0,111.0,35.0,5,1603072904
2020-10-19 03:04:47+00:00,55.44957,8.471215,0.0,111.0,51.0,5,1603076687
2020-10-19 04:07:48+00:00,55.44957,8.471153,0.0,111.0,178.0,5,1603080468
2020-10-19 05:10:51+00:00,55.44957,8.471189,0.0,111.0,257.0,5,1603084251
2020-10-19 06:13:52+00:00,55.44955,8.471216,0.0,111.0,23.0,5,1603088032
2020-10-19 07:16:55+00:00,55.44955,8.471205,0.0,111.0,179.0,5,1603091815
2020-10-19 08:19:56+00:00,55.44957,8.471185,0.0,111.0,203.0,5,1603095596
2020-10-19 09:01:58+00:00,55.44955,8.471165,0.0,111.0,62.0,5,1603098118
2020-10-19 10:05:01+00:00,55.44955,8.471165,0.0,111.0,256.0,5,1603101901
2020-10-19 11:08:02+00:00,55.44953,8.471313,0.0,111.0,323.0,5,1603105682
2020-10-19 12:11:06+00:00,55.44957,8.471202,0.0,111.0,208.0,5,1603109466
2020-10-19 13:14:06+00:00,55.44953,8.471282,0.0,111.0,287.0,5,1603113246
2020-10-19 14:17:11+00:00,55.44956,8.47122,0.0,111.0,101.0,5,1603117031
2020-10-19 15:20:10+00:00,55.44956,8.471182,0.0,111.0,223.0,5,1603120810
2020-10-19 16:02:11+00:00,55.44955,8.47119,0.0,111.0,194.0,5,1603123331
2020-10-19 17:05:16+00:00,55.44951,8.471177,0.0,111.0,259.0,5,1603127116
2020-10-19 18:08:16+00:00,55.44956,8.471231,0.0,111.0,219.0,5,1603130896
2020-10-19 19:11:19+00:00,55.44955,8.471197,0.0,111.0,229.0,5,1603134679
2020-10-19 20:14:19+00:00,55.44961,8.471184,0.0,111.0,273.0,5,1603138459
2020-10-19 21:17:21+00:00,55.44958,8.471182,0.0,111.0,92.0,5,1603142241
2020-10-19 22:20:23+00:00,55.44955,8.471171,0.0,111.0,32.0,5,1603146023
2020-10-19 23:02:24+00:00,55.44955,8.471155,0.0,111.0,305.0,5,1603148544
2020-10-20 00:05:27+00:00,55.44956,8.4712,0.0,111.0,348.0,5,1603152327
2020-10-20 01:11:30+00:00,55.44948,8.471385,0.0,111.0,46.0,5,1603156290
2020-10-20 02:14:30+00:00,55.44957,8.471145,0.0,111.0,61.0,5,1603160070
2020-10-20 03:17:33+00:00,55.44955,8.471189,0.0,111.0,51.0,5,1603163853
2020-10-20 04:20:33+00:00,55.44953,8.47119,0.0,111.0,58.0,5,1603167633
2020-10-20 05:02:34+00:00,55.44957,8.471198,0.0,111.0,68.0,5,1603170154
2020-10-20 06:05:39+00:00,55.44954,8.471262,0.0,111.0,231.0,5,1603173939
2020-10-20 07:08:38+00:00,55.44955,8.471185,0.0,111.0,217.0,5,1603177718
2020-10-20 08:11:43+00:00,55.44957,8.471155,0.0,111.0,157.0,5,1603181503
2020-10-20 09:17:45+00:00,55.44957,8.471115,0.0,111.0,226.0,5,1603185465
2020-10-20 10:20:44+00:00,55.44955,8.47117,0.0,111.0,252.0,5,1603189244
2020-10-20 11:02:45+00:00,55.44957,8.471185,0.0,111.0,92.0,5,1603191765
2020-10-20 12:11:51+00:00,55.44958,8.471137,0.0,111.0,98.0,5,1603195911
2020-10-20 13:17:54+00:00,55.44952,8.471307,0.0,111.0,204.0,5,1603199874
2020-10-20 14:05:55+00:00,55.44955,8.471262,0.0,111.0,136.0,5,1603202755
2020-10-20 15:17:58+00:00,55.44958,8.471138,0.0,111.0,228.0,5,1603207078
2020-10-20 16:05:59+00:00,55.44957,8.471158,0.0,111.0,62.0,5,1603209959
2020-10-20 17:20:56+00:00,55.44956,8.471177,0.0,111.0,81.0,5,1603214456
2020-10-20 18:06:02+00:00,55.44959,8.471262,0.0,111.0,253.0,5,1603217162
2020-10-20 19:18:05+00:00,55.44955,8.471198,0.0,111.0,259.0,5,1603221485
2020-10-20 20:06:06+00:00,55.44958,8.471158,0.0,111.0,222.0,5,1603224366
2020-10-20 21:18:09+00:00,55.44955,8.47119,0.0,111.0,84.0,5,1603228689
2020-10-20 22:06:10+00:00,55.44953,8.47114,0.0,111.0,23.0,5,1603231570
2020-10-20 23:18:13+00:00,55.4496,8.471133,0.0,111.0,324.0,5,1603235893
2020-10-21 00:06:14+00:00,55.44957,8.471222,0.0,111.0,313.0,5,1603238774
2020-10-21 01:18:17+00:00,55.44954,8.471177,0.0,111.0,45.0,5,1603243097
2020-10-21 02:06:18+00:00,55.44955,8.471171,0.0,111.0,83.0,5,1603245978
2020-10-21 03:18:21+00:00,55.44955,8.471263,0.0,111.0,78.0,5,1603250301
2020-10-21 04:06:22+00:00,55.44954,8.47118,0.0,111.0,87.0,5,1603253182
2020-10-21 05:18:24+00:00,55.44954,8.471169,0.0,111.0,118.0,5,1603257504
2020-10-21 06:06:26+00:00,55.44956,8.471197,0.0,111.0,286.0,5,1603260386
2020-10-21 07:18:28+00:00,55.44949,8.471216,0.0,111.0,58.0,5,1603264708
2020-10-21 08:06:30+00:00,55.44956,8.47116,0.0,111.0,356.0,5,1603267590
2020-10-21 09:18:31+00:00,55.44955,8.471125,0.0,112.0,207.0,5,1603271911
2020-10-21 10:06:33+00:00,55.44955,8.471144,0.0,112.0,262.0,5,1603274793
2020-10-21 11:15:30+00:00,55.44954,8.471182,0.0,111.0,275.0,5,1603278930
2020-10-21 12:00:36+00:00,55.44959,8.471138,0.0,112.0,44.0,5,1603281636
2020-10-21 13:06:39+00:00,55.44954,8.47123,0.0,111.0,213.0,5,1603285599
2020-10-21 14:18:41+00:00,55.44957,8.471157,0.0,111.0,42.0,5,1603289921
2020-10-21 15:06:43+00:00,55.44955,8.471243,0.0,113.0,201.0,5,1603292803
2020-10-21 16:18:46+00:00,55.44958,8.471169,0.0,112.0,62.0,5,1603297126
2020-10-21 17:06:47+00:00,55.44955,8.47117,0.0,112.0,82.0,5,1603300007
2020-10-21 18:18:49+00:00,55.44957,8.471158,0.0,112.0,189.0,5,1603304329
2020-10-21 19:06:50+00:00,55.44955,8.471209,0.0,111.0,213.0,5,1603307210
2020-10-21 20:18:53+00:00,55.44962,8.471147,0.0,112.0,282.0,5,1603311533
2020-10-21 21:06:54+00:00,55.44958,8.47121,0.0,111.0,252.0,5,1603314414
2020-10-21 22:18:56+00:00,55.44954,8.471218,0.0,113.0,227.0,5,1603318736
2020-10-21 23:06:58+00:00,55.44954,8.471213,0.0,113.0,116.0,5,1603321618
2020-10-22 00:19:00+00:00,55.44957,8.471158,0.0,111.0,298.0,5,1603325940
2020-10-22 01:07:02+00:00,55.44957,8.47117,0.0,112.0,92.0,5,1603328822
2020-10-22 02:19:03+00:00,55.44957,8.471157,0.0,111.0,269.0,5,1603333143
2020-10-22 03:07:05+00:00,55.44957,8.471147,0.0,112.0,102.0,5,1603336025
2020-10-22 04:19:08+00:00,55.44957,8.471184,0.0,112.0,63.0,5,1603340348
2020-10-22 05:07:09+00:00,55.44956,8.471175,0.0,112.0,289.0,5,1603343229
2020-10-22 06:19:11+00:00,55.44957,8.471263,0.0,112.0,56.0,5,1603347551
2020-10-22 07:07:13+00:00,55.44959,8.47115,0.0,111.0,31.0,5,1603350433
2020-10-22 08:19:15+00:00,55.44957,8.471135,0.0,112.0,242.0,5,1603354755
2020-10-22 09:07:16+00:00,55.44956,8.471098,0.0,112.0,208.0,5,1603357636
2020-10-22 10:19:19+00:00,55.44955,8.471193,0.0,112.0,253.0,5,1603361959
2020-10-22 11:07:20+00:00,55.44961,8.471222,0.0,111.0,66.0,5,1603364840
2020-10-22 12:13:22+00:00,55.44956,8.471165,0.0,111.0,91.0,5,1603368802
2020-10-22 13:16:20+00:00,55.44958,8.471185,0.0,112.0,306.0,5,1603372580
2020-10-22 14:19:25+00:00,55.44957,8.471191,0.0,112.0,291.0,5,1603376365
2020-10-22 15:07:27+00:00,55.44957,8.471144,0.0,111.0,18.0,5,1603379247
2020-10-22 16:13:29+00:00,55.44957,8.471171,0.0,111.0,280.0,5,1603383209
2020-10-22 17:04:27+00:00,55.44955,8.471182,0.0,111.0,267.0,5,1603386267
2020-10-22 18:07:33+00:00,55.44955,8.471243,0.0,111.0,342.0,5,1603390053
2020-10-22 19:10:32+00:00,55.44957,8.471165,0.0,111.0,57.0,5,1603393832
2020-10-22 20:13:36+00:00,55.44963,8.471164,0.0,111.0,97.0,5,1603397616
2020-10-22 21:16:36+00:00,55.44956,8.471177,0.0,111.0,291.0,5,1603401396
2020-10-22 22:01:39+00:00,55.44955,8.471182,0.0,111.0,216.0,5,1603404099
2020-10-22 23:04:39+00:00,55.44957,8.471184,0.0,111.0,112.0,5,1603407879
2020-10-23 00:10:41+00:00,55.44958,8.471162,0.0,111.0,118.0,5,1603411841
2020-10-23 01:13:45+00:00,55.44955,8.471178,0.0,111.0,57.0,5,1603415625
2020-10-23 02:16:45+00:00,55.44965,8.471144,0.0,111.0,80.0,5,1603419405
2020-10-23 03:19:49+00:00,55.44954,8.471195,0.0,112.0,101.0,5,1603423189
2020-10-23 04:01:51+00:00,55.44955,8.471182,0.0,111.0,288.0,5,1603425711
2020-10-23 05:04:50+00:00,55.44956,8.471182,0.0,111.0,260.0,5,1603429490
2020-10-23 06:07:55+00:00,55.44955,8.471233,0.0,111.0,50.0,5,1603433275
2020-10-23 07:19:58+00:00,55.44954,8.471235,0.0,111.0,10.0,5,1603437598
2020-10-23 08:07:59+00:00,55.44957,8.471137,0.0,111.0,259.0,5,1603440479
2020-10-23 09:14:01+00:00,55.44957,8.471105,0.0,111.0,210.0,5,1603444441
2020-10-23 10:02:03+00:00,55.44957,8.471138,0.0,111.0,240.0,5,1603447323
2020-10-23 11:14:05+00:00,55.44964,8.471142,0.0,111.0,263.0,5,1603451645
2020-10-23 12:20:07+00:00,55.44953,8.471195,0.0,111.0,193.0,5,1603455607
2020-10-23 13:02:08+00:00,55.44955,8.471242,0.0,111.0,338.0,5,1603458128
2020-10-23 14:05:07+00:00,55.44958,8.47117,0.0,111.0,93.0,5,1603461907
2020-10-23 15:08:11+00:00,55.44961,8.47105,0.0,111.0,219.0,5,1603465691
2020-10-23 16:14:13+00:00,55.44957,8.471198,0.0,111.0,49.0,5,1603469653
2020-10-23 17:17:14+00:00,55.44955,8.471253,0.0,111.0,37.0,5,1603473434
2020-10-23 18:02:17+00:00,55.44955,8.471227,0.0,111.0,213.0,5,1603476137
2020-10-23 19:08:19+00:00,55.44956,8.471175,0.0,111.0,84.0,5,1603480099
2020-10-23 20:14:22+00:00,55.44963,8.471133,0.0,111.0,253.0,5,1603484062
2020-10-23 21:02:23+00:00,55.44957,8.471193,0.0,111.0,31.0,5,1603486943
2020-10-23 22:08:25+00:00,55.44957,8.471171,0.0,111.0,106.0,5,1603490905
2020-10-23 23:11:23+00:00,55.44957,8.471185,0.0,112.0,103.0,5,1603494683
2020-10-24 00:17:25+00:00,55.44957,8.471148,0.0,111.0,127.0,5,1603498645
2020-10-24 01:02:30+00:00,55.44953,8.47126,0.0,112.0,135.0,5,1603501350
2020-10-24 02:11:29+00:00,55.44957,8.471157,0.0,111.0,258.0,5,1603505489
2020-10-24 03:20:34+00:00,55.44959,8.471216,0.0,111.0,78.0,5,1603509634
2020-10-24 04:08:36+00:00,55.44954,8.471213,0.0,111.0,65.0,5,1603512516
2020-10-24 05:20:39+00:00,55.44958,8.47117,0.0,111.0,4.0,5,1603516839
2020-10-24 06:08:41+00:00,55.44954,8.471296,0.0,111.0,3.0,5,1603519721
2020-10-24 07:20:43+00:00,55.44955,8.471249,0.0,111.0,202.0,5,1603524043
2020-10-24 08:08:44+00:00,55.44956,8.471157,0.0,112.0,238.0,5,1603526924
2020-10-24 09:20:47+00:00,55.44956,8.471155,0.0,111.0,103.0,5,1603531247
2020-10-24 10:08:49+00:00,55.44956,8.471157,0.0,112.0,252.0,5,1603534129
2020-10-24 11:20:51+00:00,55.44956,8.471209,0.0,112.0,51.0,5,1603538451
2020-10-24 12:08:53+00:00,55.44956,8.471165,0.0,112.0,356.0,5,1603541333
2020-10-24 13:20:54+00:00,55.44958,8.47117,0.0,112.0,294.0,5,1603545654
2020-10-24 14:08:56+00:00,55.44957,8.471167,0.0,111.0,9.0,5,1603548536
2020-10-24 15:20:59+00:00,55.44956,8.471189,0.0,111.0,252.0,5,1603552859
2020-10-24 16:09:00+00:00,55.44957,8.471171,0.0,111.0,222.0,5,1603555740
2020-10-24 17:21:03+00:00,55.44956,8.471175,0.0,111.0,212.0,5,1603560063
2020-10-24 18:09:04+00:00,55.44955,8.47119,0.0,112.0,13.0,5,1603562944
2020-10-24 19:21:07+00:00,55.44955,8.47119,0.0,111.0,255.0,5,1603567267
2020-10-24 20:09:08+00:00,55.44962,8.471137,0.0,111.0,278.0,5,1603570148
2020-10-24 21:21:11+00:00,55.44956,8.471165,0.0,112.0,55.0,5,1603574471
2020-10-24 22:09:12+00:00,55.44957,8.471107,0.0,112.0,223.0,5,1603577352
2020-10-24 23:21:14+00:00,55.44961,8.4712,0.0,111.0,318.0,5,1603581674
2020-10-25 00:09:17+00:00,55.44957,8.471151,0.0,112.0,282.0,5,1603584557
2020-10-25 01:18:12+00:00,55.4495,8.471435,0.0,112.0,292.0,5,1603588692
2020-10-25 02:03:20+00:00,55.44953,8.471177,0.0,112.0,262.0,5,1603591400
2020-10-25 03:15:23+00:00,55.44957,8.471191,0.0,112.0,94.0,5,1603595723
2020-10-25 04:03:24+00:00,55.44955,8.471144,0.0,112.0,27.0,5,1603598604
2020-10-25 05:15:27+00:00,55.44955,8.471138,0.0,112.0,141.0,5,1603602927
2020-10-25 06:03:28+00:00,55.4495,8.471388,0.0,112.0,25.0,5,1603605808
2020-10-25 07:15:31+00:00,55.44952,8.471247,0.0,111.0,21.0,5,1603610131
2020-10-25 08:03:32+00:00,55.44954,8.471182,0.0,111.0,271.0,5,1603613012
2020-10-25 09:15:35+00:00,55.44955,8.471138,0.0,111.0,350.0,5,1603617335
2020-10-25 10:03:36+00:00,55.44954,8.471173,0.0,111.0,82.0,5,1603620216
2020-10-25 11:15:38+00:00,55.44957,8.471162,0.0,111.0,80.0,5,1603624538
2020-10-25 12:03:40+00:00,55.44956,8.471153,0.0,111.0,120.0,5,1603627420
2020-10-25 13:15:41+00:00,55.4496,8.471147,0.0,111.0,292.0,5,1603631741
2020-10-25 14:03:43+00:00,55.44954,8.471142,0.0,111.0,160.0,5,1603634623
2020-10-25 15:15:45+00:00,55.44953,8.471137,0.0,111.0,34.0,5,1603638945
2020-10-25 16:03:46+00:00,55.44956,8.471175,0.0,111.0,255.0,5,1603641826
2020-10-25 17:15:49+00:00,55.44955,8.471184,0.0,111.0,281.0,5,1603646149
2020-10-25 18:00:47+00:00,55.44957,8.47116,0.0,111.0,205.0,5,1603648847
2020-10-25 19:06:50+00:00,55.44955,8.471205,0.0,111.0,199.0,5,1603652810
2020-10-25 20:15:54+00:00,55.44958,8.47121,0.0,112.0,339.0,5,1603656954
2020-10-25 21:03:56+00:00,55.44956,8.47118,0.0,111.0,302.0,5,1603659836
2020-10-25 22:15:59+00:00,55.44957,8.471158,0.0,111.0,240.0,5,1603664159
2020-10-25 23:04:00+00:00,55.44958,8.471169,0.0,112.0,87.0,5,1603667040
2020-10-26 00:16:03+00:00,55.44957,8.47116,0.0,111.0,87.0,5,1603671363
2020-10-26 01:04:04+00:00,55.44955,8.47123,0.0,111.0,109.0,5,1603674244
2020-10-26 02:16:10+00:00,55.44963,8.471111,0.0,112.0,70.0,5,1603678570
2020-10-26 03:04:07+00:00,55.44957,8.471169,0.0,111.0,45.0,5,1603681447
2020-10-26 04:16:09+00:00,55.44953,8.471184,0.0,111.0,54.0,5,1603685769
2020-10-26 05:04:12+00:00,55.44958,8.471197,0.0,111.0,112.0,5,1603688652
2020-10-26 06:16:14+00:00,55.4496,8.471155,0.0,112.0,134.0,5,1603692974
2020-10-26 07:04:16+00:00,55.44954,8.471205,0.0,111.0,236.0,5,1603695856
2020-10-26 08:16:30+00:00,55.44957,8.471098,0.0,111.0,331.0,5,1603700190
2020-10-26 09:04:18+00:00,55.44956,8.471144,0.0,111.0,239.0,5,1603703058
2020-10-26 10:16:21+00:00,55.44957,8.47115,0.0,112.0,234.0,5,1603707381
2020-10-26 11:04:23+00:00,55.44959,8.471177,0.0,111.0,233.0,5,1603710263
2020-10-26 12:16:26+00:00,55.44955,8.471189,0.0,111.0,344.0,5,1603714586
2020-10-26 13:04:28+00:00,55.44957,8.471265,0.0,112.0,341.0,5,1603717468
2020-10-26 14:16:30+00:00,55.44957,8.471173,0.0,112.0,310.0,5,1603721790
2020-10-26 15:04:31+00:00,55.44957,8.471223,0.0,111.0,81.0,5,1603724671
2020-10-26 16:13:26+00:00,55.44956,8.471171,0.0,111.0,279.0,5,1603728806
2020-10-26 17:22:37+00:00,55.44957,8.471215,0.0,112.0,3.0,5,1603732957
2020-10-26 18:10:38+00:00,55.44956,8.471182,0.0,111.0,179.0,5,1603735838
2020-10-26 19:22:40+00:00,55.4495,8.471211,0.0,112.0,236.0,5,1603740160
2020-10-26 20:10:42+00:00,55.44959,8.471247,0.0,111.0,318.0,5,1603743042
2020-10-26 21:22:43+00:00,55.44956,8.471162,0.0,112.0,240.0,5,1603747363
2020-10-26 22:10:45+00:00,55.44956,8.471164,0.0,112.0,202.0,5,1603750245
2020-10-26 23:22:46+00:00,55.44939,8.471205,0.0,111.0,109.0,5,1603754566
2020-10-27 00:10:48+00:00,55.44958,8.471153,0.0,111.0,284.0,5,1603757448
2020-10-27 01:22:50+00:00,55.44956,8.47121,0.0,112.0,54.0,5,1603761770
2020-10-27 02:10:53+00:00,55.44964,8.471117,0.0,111.0,50.0,5,1603764653
2020-10-27 03:01:47+00:00,55.44957,8.471202,0.0,111.0,254.0,5,1603767707
2020-10-27 04:10:56+00:00,55.44947,8.471229,0.0,111.0,48.0,5,1603771856
2020-10-27 05:22:58+00:00,55.44958,8.471118,0.0,111.0,85.0,5,1603776178
2020-10-27 06:11:00+00:00,55.44959,8.471151,0.0,111.0,228.0,5,1603779060
2020-10-27 07:23:02+00:00,55.44958,8.471177,0.0,111.0,296.0,5,1603783382
2020-10-27 08:11:04+00:00,55.44957,8.471138,0.0,112.0,310.0,5,1603786264
2020-10-27 09:23:05+00:00,55.44954,8.47117,0.0,111.0,285.0,5,1603790585
2020-10-27 10:11:07+00:00,55.44956,8.471147,0.0,112.0,247.0,5,1603793467
2020-10-27 11:23:09+00:00,55.44955,8.471124,0.0,111.0,46.0,5,1603797789
2020-10-27 12:11:10+00:00,55.44956,8.471162,0.0,111.0,155.0,5,1603800670
2020-10-27 13:23:13+00:00,55.44956,8.471173,0.0,111.0,165.0,5,1603804993
2020-10-27 14:11:14+00:00,55.44956,8.471178,0.0,111.0,345.0,5,1603807874
2020-10-27 15:23:16+00:00,55.44957,8.471171,0.0,112.0,318.0,5,1603812196
2020-10-27 16:11:17+00:00,55.44957,8.471169,0.0,111.0,258.0,5,1603815077
2020-10-27 17:23:20+00:00,55.44958,8.471198,0.0,111.0,294.0,5,1603819400
2020-10-27 18:11:21+00:00,55.44957,8.471157,0.0,111.0,173.0,5,1603822281
2020-10-27 19:26:17+00:00,55.44953,8.471195,0.0,112.0,90.0,5,1603826777
2020-10-27 20:08:18+00:00,55.44959,8.471245,0.0,111.0,140.0,5,1603829298
2020-10-27 21:17:27+00:00,55.44956,8.471158,0.0,112.0,102.0,5,1603833447
2020-10-27 22:05:29+00:00,55.44957,8.471157,0.0,111.0,214.0,5,1603836329
2020-10-27 23:17:31+00:00,55.44958,8.47131,0.0,111.0,308.0,5,1603840651
2020-10-28 00:05:33+00:00,55.44957,8.47115,0.0,111.0,288.0,5,1603843533
2020-10-28 01:17:36+00:00,55.44958,8.47123,0.0,111.0,321.0,5,1603847856
2020-10-28 02:05:37+00:00,55.44958,8.471209,0.0,112.0,54.0,5,1603850737
2020-10-28 03:17:39+00:00,55.44958,8.471177,0.0,111.0,325.0,5,1603855059
2020-10-28 04:05:41+00:00,55.44953,8.471207,0.0,112.0,57.0,5,1603857941
2020-10-28 05:17:43+00:00,55.44957,8.471133,0.0,111.0,304.0,5,1603862263
2020-10-28 06:05:45+00:00,55.44958,8.47116,0.0,111.0,180.0,5,1603865145
2020-10-28 07:17:48+00:00,55.44958,8.471178,0.0,111.0,25.0,5,1603869468
2020-10-28 08:05:50+00:00,55.44957,8.471131,0.0,112.0,339.0,5,1603872350
2020-10-28 09:17:52+00:00,55.44954,8.471162,0.0,112.0,294.0,5,1603876672
2020-10-28 10:05:54+00:00,55.44958,8.471137,0.0,111.0,89.0,5,1603879554
2020-10-28 11:17:56+00:00,55.44956,8.471169,0.0,111.0,238.0,5,1603883876
2020-10-28 12:05:57+00:00,55.44955,8.471169,0.0,112.0,320.0,5,1603886757
2020-10-28 13:18:00+00:00,55.44958,8.471124,0.0,111.0,331.0,5,1603891080
2020-10-28 14:06:02+00:00,55.44955,8.471189,0.0,112.0,339.0,5,1603893962
2020-10-28 15:18:04+00:00,55.44957,8.47117,0.0,111.0,275.0,5,1603898284
2020-10-28 16:06:05+00:00,55.44955,8.47115,0.0,112.0,267.0,5,1603901165
2020-10-28 17:18:08+00:00,55.44958,8.471191,0.0,111.0,104.0,5,1603905488
2020-10-28 18:06:09+00:00,55.44956,8.47116,0.0,111.0,161.0,5,1603908369
2020-10-28 19:18:12+00:00,55.44953,8.471189,0.0,111.0,266.0,5,1603912692
2020-10-28 20:00:12+00:00,55.44954,8.471312,0.0,112.0,318.0,5,1603915212
2020-10-28 21:12:16+00:00,55.44956,8.471158,0.0,111.0,268.0,5,1603919536
2020-10-28 22:00:18+00:00,55.44956,8.47117,0.0,112.0,222.0,5,1603922418
2020-10-28 23:12:20+00:00,55.44953,8.471182,0.0,111.0,346.0,5,1603926740
2020-10-29 00:18:22+00:00,55.44954,8.471195,0.0,111.0,93.0,5,1603930702
2020-10-29 01:06:23+00:00,55.44956,8.471269,0.0,111.0,355.0,5,1603933583
2020-10-29 02:18:25+00:00,55.4496,8.471227,0.0,111.0,60.0,5,1603937905
2020-10-29 03:06:28+00:00,55.44958,8.471155,0.0,111.0,266.0,5,1603940788
2020-10-29 04:18:29+00:00,55.44951,8.471191,0.0,111.0,23.0,5,1603945109
2020-10-29 05:06:30+00:00,55.44958,8.471155,0.0,111.0,119.0,5,1603947990
2020-10-29 06:18:33+00:00,55.44957,8.471205,0.0,112.0,152.0,5,1603952313
2020-10-29 07:06:34+00:00,55.44958,8.47116,0.0,111.0,27.0,5,1603955194
2020-10-29 08:18:37+00:00,55.44956,8.471169,0.0,111.0,19.0,5,1603959517
2020-10-29 09:06:38+00:00,55.44956,8.471135,0.0,111.0,167.0,5,1603962398
2020-10-29 10:18:40+00:00,55.44956,8.471215,0.0,112.0,227.0,5,1603966720
2020-10-29 11:06:42+00:00,55.44959,8.471184,0.0,112.0,216.0,5,1603969602
2020-10-29 12:18:44+00:00,55.44956,8.471177,0.0,111.0,216.0,5,1603973924
2020-10-29 13:06:45+00:00,55.44957,8.471175,0.0,111.0,223.0,5,1603976805
2020-10-29 14:18:47+00:00,55.44956,8.4712,0.0,112.0,321.0,5,1603981127
2020-10-29 15:06:48+00:00,55.44957,8.47117,0.0,112.0,221.0,5,1603984008
2020-10-29 16:12:50+00:00,55.44956,8.471167,0.0,112.0,236.0,5,1603987970
2020-10-29 17:00:52+00:00,55.44955,8.471213,0.0,111.0,267.0,5,1603990852
2020-10-29 18:12:54+00:00,55.44955,8.471204,0.0,112.0,45.0,5,1603995174
2020-10-29 19:00:55+00:00,55.44953,8.471216,0.0,111.0,47.0,5,1603998055
2020-10-29 20:12:57+00:00,55.44955,8.471273,0.0,112.0,300.0,5,1604002377
2020-10-29 21:00:59+00:00,55.44955,8.471169,0.0,111.0,226.0,5,1604005259
2020-10-29 22:13:01+00:00,55.44956,8.47116,0.0,112.0,188.0,5,1604009581
2020-10-29 23:01:03+00:00,55.44959,8.471269,0.0,111.0,63.0,5,1604012463
2020-10-30 00:13:04+00:00,55.44952,8.471204,0.0,111.0,87.0,5,1604016784
2020-10-30 01:01:05+00:00,55.44957,8.471205,0.0,112.0,56.0,5,1604019665
2020-10-30 02:13:08+00:00,55.44954,8.4712,0.0,111.0,63.0,5,1604023988
2020-10-30 03:01:10+00:00,55.44957,8.471148,0.0,112.0,132.0,5,1604026870
2020-10-30 04:13:12+00:00,55.44951,8.471177,0.0,112.0,245.0,5,1604031192
2020-10-30 05:01:13+00:00,55.44957,8.471175,0.0,111.0,347.0,5,1604034073
2020-10-30 06:13:16+00:00,55.44957,8.47117,0.0,112.0,128.0,5,1604038396
2020-10-30 07:01:18+00:00,55.44958,8.471173,0.0,112.0,359.0,5,1604041278
2020-10-30 08:13:21+00:00,55.44955,8.471151,0.0,112.0,349.0,5,1604045601
2020-10-30 09:01:23+00:00,55.44955,8.471155,0.0,112.0,317.0,5,1604048483
2020-10-30 10:13:25+00:00,55.44954,8.471202,0.0,112.0,31.0,5,1604052805
2020-10-30 11:01:26+00:00,55.44958,8.47119,0.0,112.0,66.0,5,1604055686
2020-10-30 12:13:29+00:00,55.44953,8.47132,0.0,111.0,212.0,5,1604060009
2020-10-30 13:01:30+00:00,55.44958,8.471169,0.0,111.0,272.0,5,1604062890
2020-10-30 14:13:33+00:00,55.44957,8.471157,0.0,111.0,308.0,5,1604067213
2020-10-30 15:01:35+00:00,55.44957,8.471157,0.0,111.0,229.0,5,1604070095
2020-10-30 16:13:37+00:00,55.44957,8.471164,0.0,111.0,277.0,5,1604074417
2020-10-30 17:01:39+00:00,55.44955,8.471211,0.0,112.0,214.0,5,1604077299
2020-10-30 18:13:42+00:00,55.44957,8.471162,0.0,111.0,35.0,5,1604081622
2020-10-30 19:01:43+00:00,55.44955,8.471191,0.0,111.0,25.0,5,1604084503
2020-10-30 20:13:46+00:00,55.44958,8.471182,0.0,111.0,112.0,5,1604088826
2020-10-30 21:01:47+00:00,55.44955,8.471165,0.0,111.0,51.0,5,1604091707
2020-10-30 22:13:49+00:00,55.44956,8.471155,0.0,111.0,87.0,5,1604096029
2020-10-30 23:01:50+00:00,55.44965,8.47113,0.0,112.0,276.0,5,1604098910
2020-10-31 00:13:53+00:00,55.44953,8.471223,0.0,111.0,62.0,5,1604103233
2020-10-31 01:01:54+00:00,55.44955,8.471191,0.0,112.0,15.0,5,1604106114
2020-10-31 02:13:57+00:00,55.44957,8.471238,0.0,112.0,80.0,5,1604110437
2020-10-31 03:01:59+00:00,55.44957,8.471189,0.0,111.0,246.0,5,1604113319
2020-10-31 04:14:02+00:00,55.44953,8.47119,0.0,111.0,266.0,5,1604117642
2020-10-31 05:02:03+00:00,55.44957,8.471155,0.0,111.0,104.0,5,1604120523
2020-10-31 06:14:05+00:00,55.44955,8.471173,0.0,111.0,220.0,5,1604124845
2020-10-31 07:02:07+00:00,55.44958,8.471173,0.0,111.0,155.0,5,1604127727
2020-10-31 08:14:09+00:00,55.4496,8.471102,0.0,111.0,21.0,5,1604132049
2020-10-31 09:02:10+00:00,55.44955,8.471155,0.0,111.0,240.0,5,1604134930
2020-10-31 10:14:12+00:00,55.44953,8.471235,0.0,111.0,215.0,5,1604139252
2020-10-31 11:02:14+00:00,55.44957,8.471175,0.0,111.0,222.0,5,1604142134
2020-10-31 12:14:15+00:00,55.44958,8.471142,0.0,111.0,213.0,5,1604146455
2020-10-31 13:02:17+00:00,55.44958,8.471157,0.0,111.0,208.0,5,1604149337
2020-10-31 14:14:20+00:00,55.44957,8.471162,0.0,111.0,194.0,5,1604153660
2020-10-31 15:02:21+00:00,55.44957,8.471155,0.0,111.0,230.0,5,1604156541
2020-10-31 16:14:23+00:00,55.44953,8.471165,0.0,111.0,52.0,5,1604160863
2020-10-31 17:02:25+00:00,55.44956,8.471205,0.0,112.0,44.0,5,1604163745
2020-10-31 18:14:27+00:00,55.44956,8.471211,0.0,111.0,187.0,5,1604168067
2020-10-31 19:18:43+00:00,55.44956,8.471135,0.0,111.0,102.0,5,1604171923
2020-10-31 20:00:44+00:00,55.44958,8.471202,0.0,111.0,309.0,5,1604174444
2020-10-31 21:03:43+00:00,55.44955,8.471157,0.0,111.0,66.0,5,1604178223
2020-10-31 22:06:48+00:00,55.44956,8.47115,0.0,111.0,45.0,5,1604182008
2020-10-31 23:09:47+00:00,55.44958,8.47123,0.0,111.0,321.0,5,1604185787
2020-11-01 00:12:51+00:00,55.44955,8.471171,0.0,111.0,93.0,5,1604189571
2020-11-01 01:18:53+00:00,55.44958,8.471184,0.0,111.0,296.0,5,1604193533
2020-11-01 02:00:54+00:00,55.44953,8.471197,0.0,111.0,275.0,5,1604196054
2020-11-01 03:03:54+00:00,55.44958,8.471169,0.0,111.0,304.0,5,1604199834
2020-11-01 04:06:58+00:00,55.4495,8.471202,0.0,111.0,189.0,5,1604203618
2020-11-01 05:09:58+00:00,55.44957,8.47115,0.0,111.0,355.0,5,1604207398
2020-11-01 06:13:03+00:00,55.44957,8.471215,0.0,111.0,209.0,5,1604211183
2020-11-01 07:19:05+00:00,55.44958,8.471117,0.0,111.0,219.0,5,1604215145
2020-11-01 08:01:06+00:00,55.44954,8.471157,0.0,111.0,187.0,5,1604217666
2020-11-01 09:04:05+00:00,55.44953,8.47121,0.0,111.0,38.0,5,1604221445
2020-11-01 10:07:11+00:00,55.44954,8.471178,0.0,111.0,76.0,5,1604225231
2020-11-01 11:16:10+00:00,55.44956,8.471197,0.0,111.0,213.0,5,1604229370
2020-11-01 12:01:15+00:00,55.44956,8.471155,0.0,111.0,144.0,5,1604232075
2020-11-01 13:07:17+00:00,55.44957,8.471204,0.0,111.0,334.0,5,1604236037
2020-11-01 14:19:19+00:00,55.44953,8.471256,0.0,111.0,146.0,5,1604240359
2020-11-01 15:04:17+00:00,55.44957,8.471171,0.0,111.0,213.0,5,1604243057
2020-11-01 16:07:22+00:00,55.44958,8.471164,0.0,112.0,236.0,5,1604246842
2020-11-01 17:10:21+00:00,55.44956,8.471223,0.0,111.0,282.0,5,1604250621
2020-11-01 18:13:26+00:00,55.44956,8.471177,0.0,111.0,244.0,5,1604254406
2020-11-01 19:19:28+00:00,55.44957,8.47119,0.0,112.0,260.0,5,1604258368
2020-11-01 20:01:29+00:00,55.44957,8.471197,0.0,111.0,144.0,5,1604260889
2020-11-01 21:07:31+00:00,55.44954,8.471197,0.0,111.0,220.0,5,1604264851
2020-11-01 22:16:30+00:00,55.44956,8.471164,0.0,111.0,311.0,5,1604268990
2020-11-01 23:19:35+00:00,55.44957,8.471198,0.0,111.0,341.0,5,1604272775
2020-11-02 00:01:36+00:00,55.44955,8.47117,0.0,111.0,112.0,5,1604275296
2020-11-02 01:13:39+00:00,55.44957,8.47119,0.0,112.0,128.0,5,1604279619
2020-11-02 02:16:38+00:00,55.4496,8.471145,0.0,112.0,307.0,5,1604283398
2020-11-02 03:01:43+00:00,55.44958,8.471164,0.0,111.0,131.0,5,1604286103
2020-11-02 04:13:46+00:00,55.44955,8.471184,0.0,112.0,298.0,5,1604290426
2020-11-02 05:01:47+00:00,55.44961,8.470966,0.0,111.0,226.0,5,1604293307
2020-11-02 06:13:50+00:00,55.44957,8.471209,0.0,111.0,207.0,5,1604297630
2020-11-02 07:01:51+00:00,55.44958,8.471184,0.0,112.0,321.0,5,1604300511
2020-11-02 08:13:53+00:00,55.44957,8.471158,0.0,111.0,326.0,5,1604304833
2020-11-02 09:01:54+00:00,55.44955,8.471151,0.0,111.0,279.0,5,1604307714
2020-11-02 10:07:56+00:00,55.44953,8.471215,0.0,112.0,250.0,5,1604311676
2020-11-02 11:10:55+00:00,55.44957,8.47119,0.0,111.0,210.0,5,1604315455
2020-11-02 12:13:59+00:00,55.44952,8.471262,0.0,111.0,243.0,5,1604319239
2020-11-02 13:17:00+00:00,55.44956,8.471204,0.0,111.0,289.0,5,1604323020
2020-11-02 14:20:03+00:00,55.44952,8.471177,0.0,112.0,310.0,5,1604326803
2020-11-02 15:02:04+00:00,55.44954,8.47121,0.0,111.0,46.0,5,1604329324
2020-11-02 16:05:05+00:00,55.44955,8.47115,0.0,111.0,231.0,5,1604333105
2020-11-02 17:08:07+00:00,55.44954,8.471202,0.0,111.0,191.0,5,1604336887
2020-11-02 18:11:10+00:00,55.44954,8.471184,0.0,111.0,267.0,5,1604340670
2020-11-02 19:14:11+00:00,55.44956,8.471144,0.0,111.0,252.0,5,1604344451
2020-11-02 20:17:14+00:00,55.44957,8.471197,0.0,111.0,245.0,5,1604348234
2020-11-02 21:20:15+00:00,55.44958,8.471097,0.0,111.0,318.0,5,1604352015
2020-11-02 22:02:16+00:00,55.44956,8.471155,0.0,112.0,63.0,5,1604354536
2020-11-02 23:05:19+00:00,55.44956,8.471197,0.0,111.0,315.0,5,1604358319
2020-11-03 00:08:21+00:00,55.44955,8.47117,0.0,111.0,303.0,5,1604362101
2020-11-03 01:11:23+00:00,55.44958,8.471191,0.0,112.0,88.0,5,1604365883
2020-11-03 02:20:25+00:00,55.44958,8.471184,0.0,111.0,67.0,5,1604370025
2020-11-03 03:02:26+00:00,55.44958,8.471157,0.0,112.0,95.0,5,1604372546
2020-11-03 04:05:29+00:00,55.44957,8.471215,0.0,111.0,81.0,5,1604376329
2020-11-03 05:08:30+00:00,55.44955,8.471242,0.0,112.0,93.0,5,1604380110
2020-11-03 06:14:32+00:00,55.44957,8.471197,0.0,112.0,185.0,5,1604384072
2020-11-03 07:17:35+00:00,55.44959,8.471148,0.0,112.0,258.0,5,1604387855
2020-11-03 08:20:36+00:00,55.44957,8.471148,0.0,112.0,295.0,5,1604391636
2020-11-03 09:02:37+00:00,55.44953,8.471202,0.0,112.0,280.0,5,1604394157
2020-11-03 10:05:39+00:00,55.4495,8.471362,0.0,112.0,293.0,5,1604397939
2020-11-03 11:08:42+00:00,55.44957,8.471205,0.0,112.0,216.0,5,1604401722
2020-11-03 12:14:45+00:00,55.44953,8.471229,0.0,112.0,219.0,5,1604405685
2020-11-03 13:17:45+00:00,55.44957,8.47119,0.0,112.0,337.0,5,1604409465
2020-11-03 14:20:48+00:00,55.4496,8.471091,0.0,112.0,252.0,5,1604413248
2020-11-03 15:02:49+00:00,55.44957,8.471171,0.0,112.0,320.0,5,1604415769
2020-11-03 16:05:50+00:00,55.44957,8.47117,0.0,112.0,239.0,5,1604419550
2020-11-03 17:08:53+00:00,55.44955,8.471204,0.0,112.0,22.0,5,1604423333
2020-11-03 18:11:54+00:00,55.44957,8.471184,0.0,112.0,22.0,5,1604427114
2020-11-03 19:14:57+00:00,55.44963,8.471157,0.0,111.0,272.0,5,1604430897
2020-11-03 20:17:59+00:00,55.44957,8.47117,0.0,112.0,20.0,5,1604434679
2020-11-03 21:00:00+00:00,55.44955,8.471177,0.0,112.0,80.0,5,1604437200
2020-11-03 22:03:02+00:00,55.44953,8.471155,0.0,112.0,65.0,5,1604440982
2020-11-03 23:06:03+00:00,55.44957,8.47119,0.0,111.0,334.0,5,1604444763
2020-11-04 00:09:06+00:00,55.44951,8.471289,0.0,112.0,53.0,5,1604448546
2020-11-04 01:12:07+00:00,55.44957,8.471171,0.0,111.0,71.0,5,1604452327
2020-11-04 02:15:11+00:00,55.44958,8.471117,0.0,111.0,60.0,5,1604456111
2020-11-04 03:18:11+00:00,55.44953,8.471215,0.0,111.0,210.0,5,1604459891
2020-11-04 04:00:13+00:00,55.44952,8.471184,0.0,111.0,83.0,5,1604462413
2020-11-04 05:03:16+00:00,55.4496,8.471122,0.0,112.0,48.0,5,1604466196
2020-11-04 06:06:17+00:00,55.44958,8.471137,0.0,112.0,10.0,5,1604469977
2020-11-04 07:09:21+00:00,55.44959,8.47117,0.0,111.0,257.0,5,1604473761
2020-11-04 08:12:21+00:00,55.44961,8.471057,0.0,111.0,247.0,5,1604477541
2020-11-04 09:15:25+00:00,55.44955,8.471171,0.0,111.0,238.0,5,1604481325
2020-11-04 10:18:26+00:00,55.44958,8.471177,0.0,112.0,281.0,5,1604485106
2020-11-04 11:00:28+00:00,55.44958,8.471229,0.0,111.0,242.0,5,1604487628
2020-11-04 12:03:30+00:00,55.44949,8.471329,0.0,111.0,190.0,5,1604491410
2020-11-04 13:06:32+00:00,55.44956,8.471249,0.0,112.0,0.0,5,1604495192
2020-11-04 14:09:33+00:00,55.44953,8.471275,0.0,111.0,291.0,5,1604498973
2020-11-04 15:12:36+00:00,55.44957,8.47117,0.0,112.0,215.0,5,1604502756
2020-11-04 16:15:38+00:00,55.44955,8.471171,0.0,112.0,273.0,5,1604506538
2020-11-04 17:18:40+00:00,55.44955,8.471178,0.0,112.0,35.0,5,1604510320
2020-11-04 18:00:41+00:00,55.44957,8.471175,0.0,111.0,298.0,5,1604512841
2020-11-04 19:03:45+00:00,55.44956,8.471169,0.0,112.0,112.0,5,1604516625
2020-11-04 20:06:45+00:00,55.44958,8.471198,0.0,112.0,319.0,5,1604520405
2020-11-04 21:09:49+00:00,55.44957,8.47111,0.0,111.0,17.0,5,1604524189
2020-11-04 22:12:50+00:00,55.44955,8.471197,0.0,112.0,75.0,5,1604527970
2020-11-04 23:15:55+00:00,55.44957,8.471151,0.0,111.0,230.0,5,1604531755
2020-11-05 00:21:58+00:00,55.44951,8.471256,0.0,111.0,92.0,5,1604535718
2020-11-05 01:03:58+00:00,55.44956,8.471197,0.0,112.0,57.0,5,1604538238
2020-11-05 02:16:00+00:00,55.44958,8.471128,0.0,111.0,297.0,5,1604542560
2020-11-05 03:04:03+00:00,55.44956,8.471184,0.0,112.0,264.0,5,1604545443
2020-11-05 04:16:05+00:00,55.44957,8.471229,0.0,111.0,297.0,5,1604549765
2020-11-05 05:04:07+00:00,55.44956,8.471197,0.0,111.0,37.0,5,1604552647
2020-11-05 06:16:08+00:00,55.44955,8.471197,0.0,111.0,46.0,5,1604556968
2020-11-05 07:04:10+00:00,55.44959,8.47115,0.0,111.0,162.0,5,1604559850
2020-11-05 08:16:13+00:00,55.44958,8.471095,0.0,111.0,254.0,5,1604564173
2020-11-05 09:04:14+00:00,55.44956,8.471157,0.0,111.0,92.0,5,1604567054
2020-11-05 10:16:16+00:00,55.44957,8.471182,0.0,111.0,71.0,5,1604571376
2020-11-05 11:04:17+00:00,55.44957,8.471157,0.0,111.0,133.0,5,1604574257
2020-11-05 12:16:19+00:00,55.44955,8.47122,0.0,111.0,332.0,5,1604578579
2020-11-05 13:01:17+00:00,55.44956,8.471236,0.0,111.0,41.0,5,1604581277
2020-11-05 14:10:24+00:00,55.44954,8.471227,0.0,111.0,330.0,5,1604585424
2020-11-05 15:22:27+00:00,55.44957,8.471171,0.0,112.0,239.0,5,1604589747
2020-11-05 16:10:28+00:00,55.44951,8.471184,0.0,111.0,84.0,5,1604592628
2020-11-05 17:22:30+00:00,55.44955,8.471202,0.0,111.0,234.0,5,1604596950
2020-11-05 18:10:31+00:00,55.4495,8.471275,0.0,111.0,40.0,5,1604599831
2020-11-05 19:13:18+00:00,55.44955,8.471204,0.0,111.0,57.0,5,1604603598
2020-11-05 20:16:17+00:00,55.44957,8.47119,0.0,112.0,272.0,5,1604607377
2020-11-05 21:19:21+00:00,55.44954,8.471205,0.0,111.0,237.0,5,1604611161
2020-11-05 22:01:22+00:00,55.44957,8.471157,0.0,111.0,350.0,5,1604613682
2020-11-05 23:04:22+00:00,55.44958,8.471138,0.0,111.0,164.0,5,1604617462
2020-11-06 00:07:26+00:00,55.44952,8.471323,0.0,111.0,89.0,5,1604621246
2020-11-06 01:10:25+00:00,55.44956,8.471157,0.0,111.0,55.0,5,1604625025
2020-11-06 02:13:30+00:00,55.44957,8.471178,0.0,111.0,100.0,5,1604628810
2020-11-06 03:16:29+00:00,55.44956,8.47117,0.0,111.0,37.0,5,1604632589
2020-11-06 04:19:34+00:00,55.44958,8.471247,0.0,111.0,344.0,5,1604636374
2020-11-06 05:01:35+00:00,55.44955,8.471204,0.0,111.0,233.0,5,1604638895
2020-11-06 06:04:35+00:00,55.44956,8.471195,0.0,111.0,221.0,5,1604642675
2020-11-06 07:07:38+00:00,55.44957,8.471177,0.0,111.0,41.0,5,1604646458
2020-11-06 08:10:39+00:00,55.44958,8.471088,0.0,111.0,245.0,5,1604650239
2020-11-06 09:13:43+00:00,55.44956,8.47117,0.0,111.0,254.0,5,1604654023
2020-11-06 10:16:43+00:00,55.44961,8.471157,0.0,111.0,276.0,5,1604657803
2020-11-06 11:19:47+00:00,55.44956,8.471177,0.0,111.0,327.0,5,1604661587
2020-11-06 12:01:48+00:00,55.44951,8.471287,0.0,112.0,45.0,5,1604664108
2020-11-06 13:07:51+00:00,55.44957,8.471197,0.0,111.0,62.0,5,1604668071
2020-11-06 14:10:51+00:00,55.44956,8.471175,0.0,111.0,180.0,5,1604671851
2020-11-06 15:13:55+00:00,55.44957,8.471184,0.0,112.0,66.0,5,1604675635
2020-11-06 16:16:55+00:00,55.44956,8.471177,0.0,111.0,79.0,5,1604679415
2020-11-06 17:19:59+00:00,55.4495,8.471307,0.0,111.0,20.0,5,1604683199
2020-11-06 18:02:00+00:00,55.44957,8.471162,0.0,112.0,327.0,5,1604685720
2020-11-06 19:05:00+00:00,55.44952,8.471164,0.0,112.0,282.0,5,1604689500
2020-11-06 20:08:04+00:00,55.44957,8.471191,0.0,111.0,327.0,5,1604693284
2020-11-06 21:11:03+00:00,55.44953,8.471216,0.0,111.0,235.0,5,1604697063
2020-11-06 22:14:06+00:00,55.44956,8.471247,0.0,112.0,316.0,5,1604700846
2020-11-06 23:17:08+00:00,55.44957,8.471157,0.0,112.0,57.0,5,1604704628
2020-11-07 00:20:11+00:00,55.44957,8.471205,0.0,111.0,74.0,5,1604708411
2020-11-07 01:02:12+00:00,55.44955,8.471205,0.0,112.0,237.0,5,1604710932
2020-11-07 02:05:16+00:00,55.44956,8.471177,0.0,112.0,162.0,5,1604714716
2020-11-07 03:08:16+00:00,55.44957,8.47117,0.0,111.0,50.0,5,1604718496
2020-11-07 04:11:20+00:00,55.44959,8.471175,0.0,111.0,141.0,5,1604722280
2020-11-07 05:14:20+00:00,55.44956,8.471197,0.0,111.0,33.0,5,1604726060
2020-11-07 06:17:23+00:00,55.44959,8.471131,0.0,111.0,18.0,5,1604729843
2020-11-07 07:20:23+00:00,55.44956,8.471158,0.0,112.0,162.0,5,1604733623
2020-11-07 08:02:24+00:00,55.4496,8.471048,0.0,111.0,253.0,5,1604736144
2020-11-07 09:05:29+00:00,55.44956,8.471205,0.0,112.0,247.0,5,1604739929
2020-11-07 10:08:28+00:00,55.4496,8.471202,0.0,111.0,263.0,5,1604743708
2020-11-07 11:11:33+00:00,55.44955,8.471178,0.0,112.0,303.0,5,1604747493
2020-11-07 12:14:32+00:00,55.44955,8.471249,0.0,112.0,340.0,5,1604751272
2020-11-07 13:17:37+00:00,55.44956,8.471182,0.0,112.0,15.0,5,1604755057
2020-11-07 14:20:37+00:00,55.44955,8.47119,0.0,112.0,108.0,5,1604758837
2020-11-07 15:02:38+00:00,55.44958,8.471169,0.0,111.0,328.0,5,1604761358
2020-11-07 16:05:41+00:00,55.44955,8.471209,0.0,112.0,55.0,5,1604765141
2020-11-07 17:08:43+00:00,55.44956,8.471135,0.0,111.0,232.0,5,1604768923
2020-11-07 18:11:45+00:00,55.44952,8.471243,0.0,111.0,238.0,5,1604772705
2020-11-07 19:14:46+00:00,55.44959,8.471137,0.0,111.0,222.0,5,1604776486
2020-11-07 20:17:49+00:00,55.44957,8.47117,0.0,111.0,64.0,5,1604780269
2020-11-07 21:20:51+00:00,55.44956,8.47117,0.0,111.0,195.0,5,1604784051
2020-11-07 22:02:52+00:00,55.44958,8.471165,0.0,112.0,326.0,5,1604786572
2020-11-07 23:05:54+00:00,55.44956,8.471151,0.0,111.0,55.0,5,1604790354
2020-11-08 00:08:56+00:00,55.44953,8.471243,0.0,111.0,177.0,5,1604794136
2020-11-08 01:11:58+00:00,55.44957,8.471164,0.0,112.0,223.0,5,1604797918
2020-11-08 02:15:00+00:00,55.44958,8.471131,0.0,111.0,214.0,5,1604801700
2020-11-08 03:18:02+00:00,55.44951,8.471209,0.0,112.0,68.0,5,1604805482
2020-11-08 04:03:03+00:00,55.44957,8.471185,0.0,112.0,283.0,5,1604808183
2020-11-08 05:06:06+00:00,55.44953,8.471307,0.0,111.0,191.0,5,1604811966
2020-11-08 06:09:07+00:00,55.44956,8.471189,0.0,111.0,225.0,5,1604815747
2020-11-08 07:15:09+00:00,55.44957,8.471138,0.0,111.0,324.0,5,1604819709
2020-11-08 08:18:11+00:00,55.44955,8.47115,0.0,111.0,228.0,5,1604823491
2020-11-08 09:00:14+00:00,55.44956,8.471157,0.0,111.0,19.0,5,1604826014
2020-11-08 10:09:15+00:00,55.44959,8.471157,0.0,111.0,78.0,5,1604830155
2020-11-08 11:12:19+00:00,55.44956,8.471185,0.0,111.0,20.0,5,1604833939
2020-11-08 12:15:19+00:00,55.44956,8.47121,0.0,111.0,60.0,5,1604837719
2020-11-08 13:18:21+00:00,55.44956,8.471164,0.0,111.0,199.0,5,1604841501
2020-11-08 14:00:22+00:00,55.44955,8.47121,0.0,111.0,205.0,5,1604844022
2020-11-08 15:03:23+00:00,55.44957,8.471175,0.0,112.0,74.0,5,1604847803
2020-11-08 16:06:27+00:00,55.44956,8.471195,0.0,111.0,217.0,5,1604851587
2020-11-08 17:09:27+00:00,55.44955,8.471215,0.0,112.0,184.0,5,1604855367
2020-11-08 18:12:30+00:00,55.44955,8.47119,0.0,111.0,238.0,5,1604859150
2020-11-08 19:15:31+00:00,55.44956,8.47125,0.0,112.0,352.0,5,1604862931
2020-11-08 20:18:35+00:00,55.44956,8.471165,0.0,112.0,64.0,5,1604866715
2020-11-08 21:00:35+00:00,55.44951,8.471249,0.0,112.0,214.0,5,1604869235
2020-11-08 22:03:35+00:00,55.4496,8.471175,0.0,112.0,322.0,5,1604873015
2020-11-08 23:06:39+00:00,55.44957,8.471157,0.0,112.0,90.0,5,1604876799
2020-11-09 00:09:40+00:00,55.44957,8.471222,0.0,112.0,74.0,5,1604880580
2020-11-09 01:12:44+00:00,55.4496,8.471165,0.0,112.0,74.0,5,1604884364
2020-11-09 02:21:44+00:00,55.44958,8.471165,0.0,111.0,116.0,5,1604888504
2020-11-09 03:03:46+00:00,55.44955,8.471171,0.0,112.0,54.0,5,1604891026
2020-11-09 04:06:50+00:00,55.44957,8.471195,0.0,111.0,102.0,5,1604894810
2020-11-09 05:12:52+00:00,55.44955,8.471222,0.0,111.0,172.0,5,1604898772
2020-11-09 06:15:51+00:00,55.44955,8.471255,0.0,111.0,224.0,5,1604902551
2020-11-09 07:18:56+00:00,55.44957,8.471122,0.0,112.0,133.0,5,1604906336
2020-11-09 08:00:57+00:00,55.44958,8.471084,0.0,112.0,268.0,5,1604908857
2020-11-09 09:03:58+00:00,55.44957,8.471162,0.0,111.0,69.0,5,1604912638
2020-11-09 10:07:01+00:00,55.44959,8.471177,0.0,112.0,75.0,5,1604916421
2020-11-09 11:10:02+00:00,55.44955,8.471197,0.0,112.0,54.0,5,1604920202
2020-11-09 12:13:05+00:00,55.44959,8.47117,0.0,111.0,158.0,5,1604923985
2020-11-09 13:16:06+00:00,55.44955,8.471184,0.0,111.0,356.0,5,1604927766
2020-11-09 14:19:10+00:00,55.44957,8.471162,0.0,111.0,70.0,5,1604931550
2020-11-09 15:01:11+00:00,55.44957,8.471184,0.0,112.0,251.0,5,1604934071
2020-11-09 16:04:10+00:00,55.44955,8.471184,0.0,112.0,242.0,5,1604937850
2020-11-09 17:07:15+00:00,55.44953,8.47126,0.0,112.0,178.0,5,1604941635
2020-11-09 18:13:17+00:00,55.44953,8.471202,0.0,112.0,63.0,5,1604945597
2020-11-09 19:01:19+00:00,55.44959,8.47113,0.0,112.0,105.0,5,1604948479
2020-11-09 20:04:18+00:00,55.44956,8.471178,0.0,112.0,42.0,5,1604952258
2020-11-09 21:16:20+00:00,55.44955,8.471171,0.0,112.0,5.0,5,1604956580
2020-11-09 22:01:26+00:00,55.44959,8.471202,0.0,111.0,13.0,5,1604959286
2020-11-09 23:16:23+00:00,55.44958,8.471144,0.0,111.0,76.0,5,1604963783
2020-11-10 00:01:30+00:00,55.44955,8.471215,0.0,111.0,80.0,5,1604966490
2020-11-10 01:16:27+00:00,55.44962,8.471137,0.0,111.0,80.0,5,1604970987
2020-11-10 02:01:34+00:00,55.44957,8.471138,0.0,111.0,174.0,5,1604973694
2020-11-10 03:13:36+00:00,55.44953,8.471178,0.0,111.0,27.0,5,1604978016
2020-11-10 04:01:37+00:00,55.44958,8.471213,0.0,112.0,92.0,5,1604980897
2020-11-10 05:10:34+00:00,55.44957,8.471198,0.0,112.0,185.0,5,1604985034
2020-11-10 06:19:42+00:00,55.44955,8.471177,0.0,112.0,15.0,5,1604989182
2020-11-10 07:07:43+00:00,55.44956,8.471135,0.0,112.0,319.0,5,1604992063
2020-11-10 08:19:45+00:00,55.44955,8.471137,0.0,112.0,259.0,5,1604996385
2020-11-10 09:04:43+00:00,55.44954,8.471175,0.0,112.0,249.0,5,1604999083
2020-11-10 10:07:48+00:00,55.44956,8.471145,0.0,112.0,92.0,5,1605002868
2020-11-10 11:19:51+00:00,55.44956,8.471144,0.0,112.0,324.0,5,1605007191
2020-11-10 12:07:53+00:00,55.44956,8.471169,0.0,112.0,336.0,5,1605010073
2020-11-10 13:19:56+00:00,55.44956,8.471164,0.0,112.0,328.0,5,1605014396
2020-11-10 14:07:58+00:00,55.44953,8.471195,0.0,112.0,130.0,5,1605017278
2020-11-10 15:20:00+00:00,55.44956,8.47115,0.0,112.0,48.0,5,1605021600
2020-11-10 16:16:57+00:00,55.44953,8.471247,0.0,111.0,214.0,5,1605025017
2020-11-10 17:02:02+00:00,55.44953,8.471185,0.0,112.0,188.0,5,1605027722
2020-11-10 18:17:01+00:00,55.44953,8.471171,0.0,112.0,72.0,5,1605032221
2020-11-10 19:02:06+00:00,55.4496,8.471131,0.0,112.0,86.0,5,1605034926
2020-11-10 20:08:08+00:00,55.44954,8.471165,0.0,112.0,73.0,5,1605038888
2020-11-10 21:20:10+00:00,55.44945,8.47109,0.0,112.0,87.0,5,1605043210
2020-11-10 22:08:12+00:00,55.44964,8.471158,0.0,112.0,67.0,5,1605046092
2020-11-10 23:20:14+00:00,55.44958,8.47111,0.0,112.0,34.0,5,1605050414
2020-11-11 00:08:16+00:00,55.44956,8.471215,0.0,112.0,200.0,5,1605053296
2020-11-11 01:20:17+00:00,55.44962,8.471144,0.0,112.0,290.0,5,1605057617
2020-11-11 02:08:19+00:00,55.44957,8.47113,0.0,111.0,286.0,5,1605060499
2020-11-11 03:11:17+00:00,55.44953,8.47115,0.0,112.0,44.0,5,1605064277
2020-11-11 04:02:24+00:00,55.44958,8.471197,0.0,112.0,171.0,5,1605067344
2020-11-11 05:14:26+00:00,55.44958,8.47115,0.0,112.0,253.0,5,1605071666
2020-11-11 06:02:28+00:00,55.44958,8.471171,0.0,112.0,201.0,5,1605074548
2020-11-11 07:08:30+00:00,55.44957,8.471144,0.0,111.0,350.0,5,1605078510
2020-11-11 08:20:32+00:00,55.44955,8.471148,0.0,112.0,218.0,5,1605082832
2020-11-11 09:08:35+00:00,55.44956,8.471164,0.0,112.0,238.0,5,1605085715
2020-11-11 10:20:36+00:00,55.44958,8.471135,0.0,111.0,272.0,5,1605090036
2020-11-11 11:02:37+00:00,55.44953,8.47121,0.0,112.0,34.0,5,1605092557
2020-11-11 12:14:40+00:00,55.44957,8.471164,0.0,111.0,55.0,5,1605096880
2020-11-11 13:08:42+00:00,55.44966,8.471057,0.0,112.0,233.0,5,1605100122
2020-11-11 14:18:51+00:00,55.44957,8.471164,0.0,111.0,55.0,5,1605104331
2020-11-11 15:02:45+00:00,55.44959,8.471189,0.0,111.0,268.0,5,1605106965
2020-11-11 16:11:42+00:00,55.44958,8.47121,0.0,112.0,232.0,5,1605111102
2020-11-11 17:17:43+00:00,55.44956,8.471191,0.0,112.0,203.0,5,1605115063
2020-11-11 18:02:50+00:00,55.44955,8.471171,0.0,112.0,217.0,5,1605117770
2020-11-11 19:08:51+00:00,55.44958,8.471215,0.0,112.0,317.0,5,1605121731
2020-11-11 20:20:54+00:00,55.44954,8.471184,0.0,112.0,43.0,5,1605126054
2020-11-11 21:08:55+00:00,55.44956,8.471171,0.0,112.0,47.0,5,1605128935
2020-11-11 22:20:58+00:00,55.44963,8.47113,0.0,112.0,174.0,5,1605133258
2020-11-11 23:08:59+00:00,55.44957,8.47115,0.0,112.0,300.0,5,1605136139
2020-11-12 00:21:03+00:00,55.44956,8.471164,0.0,112.0,249.0,5,1605140463
2020-11-12 01:09:05+00:00,55.44958,8.471157,0.0,112.0,262.0,5,1605143345
2020-11-12 02:18:03+00:00,55.44958,8.471184,0.0,112.0,145.0,5,1605147483
2020-11-12 03:03:08+00:00,55.4495,8.471215,0.0,112.0,25.0,5,1605150188
2020-11-12 04:15:10+00:00,55.44957,8.471169,0.0,111.0,301.0,5,1605154510
2020-11-12 05:03:12+00:00,55.44954,8.471202,0.0,112.0,5.0,5,1605157392
2020-11-12 06:15:13+00:00,55.44957,8.471164,0.0,112.0,213.0,5,1605161713
2020-11-12 07:03:14+00:00,55.44957,8.471135,0.0,112.0,77.0,5,1605164594
2020-11-12 08:15:17+00:00,55.44955,8.471151,0.0,112.0,344.0,5,1605168917
2020-11-12 09:03:18+00:00,55.44957,8.471157,0.0,112.0,89.0,5,1605171798
2020-11-12 10:15:21+00:00,55.44954,8.471157,0.0,112.0,277.0,5,1605176121
2020-11-12 11:03:22+00:00,55.44957,8.471189,0.0,112.0,326.0,5,1605179002
2020-11-12 12:15:24+00:00,55.44957,8.471175,0.0,112.0,200.0,5,1605183324
2020-11-12 13:03:25+00:00,55.44956,8.471197,0.0,112.0,32.0,5,1605186205
2020-11-12 14:15:27+00:00,55.44954,8.471197,0.0,112.0,28.0,5,1605190527
2020-11-12 15:00:25+00:00,55.44958,8.47119,0.0,111.0,74.0,5,1605193225
2020-11-12 16:06:27+00:00,55.44956,8.471227,0.0,112.0,12.0,5,1605197187
2020-11-12 17:09:32+00:00,55.44957,8.47119,0.0,111.0,161.0,5,1605200972
2020-11-12 18:18:31+00:00,55.44953,8.471204,0.0,112.0,244.0,5,1605205111
2020-11-12 19:00:32+00:00,55.44958,8.471216,0.0,112.0,333.0,5,1605207632
2020-11-12 20:06:35+00:00,55.44955,8.471165,0.0,112.0,337.0,5,1605211595
2020-11-12 21:12:37+00:00,55.4496,8.471151,0.0,112.0,30.0,5,1605215557
2020-11-12 22:15:41+00:00,55.44967,8.47127,0.0,112.0,286.0,5,1605219341
2020-11-12 23:18:40+00:00,55.44955,8.471177,0.0,111.0,88.0,5,1605223120
2020-11-13 00:00:41+00:00,55.44954,8.47125,0.0,112.0,43.0,5,1605225641
2020-11-13 01:03:46+00:00,55.44959,8.471164,0.0,112.0,100.0,5,1605229426
2020-11-13 02:06:45+00:00,55.44957,8.471202,0.0,112.0,149.0,5,1605233205
2020-11-13 03:09:50+00:00,55.44953,8.471138,0.0,112.0,264.0,5,1605236990
2020-11-13 04:12:49+00:00,55.44957,8.471137,0.0,111.0,34.0,5,1605240769
2020-11-13 05:15:54+00:00,55.44958,8.471162,0.0,112.0,191.0,5,1605244554
2020-11-13 06:18:54+00:00,55.44958,8.471169,0.0,112.0,146.0,5,1605248334
2020-11-13 07:00:55+00:00,55.44957,8.471138,0.0,112.0,330.0,5,1605250855
2020-11-13 08:03:59+00:00,55.44955,8.471157,0.0,112.0,142.0,5,1605254639
2020-11-13 09:07:00+00:00,55.44953,8.471222,0.0,112.0,80.0,5,1605258420
2020-11-13 10:10:02+00:00,55.44955,8.471205,0.0,111.0,32.0,5,1605262202
2020-11-13 11:13:04+00:00,55.44957,8.47117,0.0,112.0,56.0,5,1605265984
2020-11-13 12:16:07+00:00,55.44955,8.471229,0.0,111.0,22.0,5,1605269767
2020-11-13 13:19:08+00:00,55.44957,8.471171,0.0,112.0,296.0,5,1605273548
2020-11-13 14:01:09+00:00,55.44956,8.471177,0.0,111.0,238.0,5,1605276069
2020-11-13 15:07:11+00:00,55.44955,8.471182,0.0,111.0,223.0,5,1605280031
2020-11-13 16:10:13+00:00,55.44956,8.471182,0.0,112.0,215.0,5,1605283813
2020-11-13 17:13:15+00:00,55.44957,8.471165,0.0,112.0,200.0,5,1605287595
2020-11-13 18:16:18+00:00,55.44954,8.471197,0.0,112.0,37.0,5,1605291378
2020-11-13 19:19:19+00:00,55.44957,8.47122,0.0,112.0,324.0,5,1605295159
2020-11-13 20:04:22+00:00,55.44955,8.47117,0.0,111.0,68.0,5,1605297862
2020-11-13 21:07:23+00:00,55.44963,8.471177,0.0,112.0,79.0,5,1605301643
2020-11-13 22:13:24+00:00,55.44962,8.471197,0.0,111.0,148.0,5,1605305604
2020-11-13 23:16:27+00:00,55.44954,8.471216,0.0,112.0,69.0,5,1605309387
2020-11-14 00:22:30+00:00,55.44958,8.471171,0.0,111.0,69.0,5,1605313350
2020-11-14 01:04:31+00:00,55.44964,8.471097,0.0,111.0,63.0,5,1605315871
2020-11-14 02:07:32+00:00,55.44957,8.47117,0.0,112.0,116.0,5,1605319652
2020-11-14 03:10:34+00:00,55.44955,8.471164,0.0,111.0,90.0,5,1605323434
2020-11-14 04:13:36+00:00,55.44958,8.471078,0.0,111.0,248.0,5,1605327216
2020-11-14 05:16:39+00:00,55.44957,8.471175,0.0,111.0,207.0,5,1605330999
2020-11-14 06:19:39+00:00,55.44962,8.471155,0.0,112.0,270.0,5,1605334779
2020-11-14 07:01:41+00:00,55.44957,8.47115,0.0,112.0,261.0,5,1605337301
2020-11-14 08:04:44+00:00,55.44955,8.471157,0.0,112.0,262.0,5,1605341084
2020-11-14 09:07:44+00:00,55.44955,8.471171,0.0,112.0,187.0,5,1605344864
2020-11-14 10:10:48+00:00,55.44957,8.47119,0.0,112.0,217.0,5,1605348648
2020-11-14 11:13:49+00:00,55.44957,8.471164,0.0,111.0,199.0,5,1605352429
2020-11-14 12:16:53+00:00,55.44975,8.471062,0.0,112.0,14.0,5,1605356213
2020-11-14 13:19:54+00:00,55.44957,8.471145,0.0,112.0,225.0,5,1605359994
2020-11-14 14:01:55+00:00,55.44955,8.471205,0.0,112.0,351.0,5,1605362515
2020-11-14 15:07:56+00:00,55.44958,8.471164,0.0,111.0,252.0,5,1605366476
2020-11-14 16:11:00+00:00,55.44956,8.47119,0.0,112.0,3.0,5,1605370260
2020-11-14 17:17:02+00:00,55.44957,8.471171,0.0,111.0,204.0,5,1605374222
2020-11-14 18:20:02+00:00,55.44956,8.471177,0.0,111.0,65.0,5,1605378002
2020-11-14 19:02:04+00:00,55.44958,8.471202,0.0,112.0,334.0,5,1605380524
2020-11-14 20:05:10+00:00,55.44955,8.471165,0.0,111.0,207.0,5,1605384310
2020-11-14 21:08:09+00:00,55.44956,8.471162,0.0,112.0,188.0,5,1605388089
2020-11-14 22:11:14+00:00,55.44958,8.471202,0.0,111.0,132.0,5,1605391874
2020-11-14 23:17:17+00:00,55.44956,8.471157,0.0,112.0,66.0,5,1605395837
2020-11-15 00:20:15+00:00,55.44958,8.471215,0.0,111.0,277.0,5,1605399615
2020-11-15 01:05:20+00:00,55.44962,8.471102,0.0,112.0,268.0,5,1605402320
2020-11-15 02:08:19+00:00,55.44958,8.471157,0.0,111.0,117.0,5,1605406099
2020-11-15 03:11:23+00:00,55.44954,8.471197,0.0,111.0,284.0,5,1605409883
2020-11-15 04:14:24+00:00,55.44958,8.471091,0.0,111.0,217.0,5,1605413664
2020-11-15 05:17:28+00:00,55.44956,8.471204,0.0,111.0,107.0,5,1605417448
2020-11-15 06:20:28+00:00,55.44958,8.471124,0.0,111.0,232.0,5,1605421228
2020-11-15 07:02:30+00:00,55.44957,8.471128,0.0,111.0,140.0,5,1605423750
2020-11-15 08:05:32+00:00,55.44954,8.471177,0.0,112.0,29.0,5,1605427532
2020-11-15 09:08:34+00:00,55.44956,8.471157,0.0,112.0,222.0,5,1605431314
2020-11-15 10:11:37+00:00,55.44956,8.471122,0.0,112.0,187.0,5,1605435097
2020-11-15 11:14:38+00:00,55.44952,8.471247,0.0,112.0,18.0,5,1605438878
2020-11-15 12:17:40+00:00,55.44967,8.471177,0.0,111.0,202.0,5,1605442660
2020-11-15 13:20:41+00:00,55.44956,8.47115,0.0,111.0,299.0,5,1605446441
2020-11-15 14:02:43+00:00,55.44956,8.471177,0.0,111.0,61.0,5,1605448963
2020-11-15 15:05:45+00:00,55.44958,8.471164,0.0,112.0,29.0,5,1605452745
2020-11-15 16:08:47+00:00,55.44956,8.471198,0.0,112.0,264.0,5,1605456527
2020-11-15 17:11:49+00:00,55.44957,8.471177,0.0,112.0,3.0,5,1605460309
2020-11-15 18:14:52+00:00,55.44955,8.471195,0.0,111.0,71.0,5,1605464092
2020-11-15 19:17:53+00:00,55.44957,8.471249,0.0,111.0,15.0,5,1605467873
2020-11-15 20:20:55+00:00,55.44954,8.471195,0.0,111.0,48.0,5,1605471655
2020-11-15 21:02:57+00:00,55.44957,8.471155,0.0,111.0,166.0,5,1605474177
2020-11-15 22:05:58+00:00,55.4496,8.471302,0.0,111.0,155.0,5,1605477958
2020-11-15 23:09:01+00:00,55.44956,8.471162,0.0,112.0,35.0,5,1605481741
2020-11-16 00:12:02+00:00,55.44955,8.471197,0.0,111.0,260.0,5,1605485522
2020-11-16 01:18:05+00:00,55.44959,8.471142,0.0,111.0,287.0,5,1605489485
2020-11-16 02:00:06+00:00,55.44957,8.471165,0.0,111.0,292.0,5,1605492006
2020-11-16 03:03:08+00:00,55.44955,8.471177,0.0,111.0,195.0,5,1605495788
2020-11-16 04:06:09+00:00,55.44958,8.471098,0.0,111.0,263.0,5,1605499569
2020-11-16 05:09:12+00:00,55.44957,8.471195,0.0,111.0,177.0,5,1605503352
2020-11-16 06:12:13+00:00,55.4496,8.471137,0.0,111.0,83.0,5,1605507133
2020-11-16 07:18:15+00:00,55.44958,8.471137,0.0,111.0,268.0,5,1605511095
2020-11-16 08:00:17+00:00,55.44956,8.471131,0.0,111.0,332.0,5,1605513617
2020-11-16 09:03:21+00:00,55.44953,8.471216,0.0,112.0,124.0,5,1605517401
2020-11-16 10:06:20+00:00,55.44955,8.471215,0.0,111.0,249.0,5,1605521180
2020-11-16 11:09:24+00:00,55.44947,8.471487,0.0,111.0,134.0,5,1605524964
2020-11-16 12:15:27+00:00,55.44961,8.47123,0.0,111.0,186.0,5,1605528927
2020-11-16 13:18:25+00:00,55.44959,8.471097,0.0,111.0,177.0,5,1605532705
2020-11-16 14:00:27+00:00,55.44957,8.471175,0.0,112.0,325.0,5,1605535227
2020-11-16 15:03:32+00:00,55.44957,8.471157,0.0,111.0,269.0,5,1605539012
2020-11-16 16:09:34+00:00,55.44956,8.471215,0.0,111.0,148.0,5,1605542974
2020-11-16 17:15:36+00:00,55.44956,8.471189,0.0,112.0,65.0,5,1605546936
2020-11-16 18:03:38+00:00,55.44954,8.471209,0.0,112.0,210.0,5,1605549818
2020-11-16 19:15:40+00:00,55.44958,8.47121,0.0,112.0,300.0,5,1605554140
2020-11-16 20:00:38+00:00,55.44955,8.471195,0.0,112.0,26.0,5,1605556838
2020-11-16 21:03:43+00:00,55.44955,8.471158,0.0,111.0,73.0,5,1605560623
2020-11-16 22:09:46+00:00,55.44958,8.471191,0.0,111.0,319.0,5,1605564586
2020-11-16 23:21:49+00:00,55.44957,8.471202,0.0,111.0,64.0,5,1605568909
2020-11-17 00:09:50+00:00,55.44957,8.471162,0.0,112.0,99.0,5,1605571790
2020-11-17 01:15:52+00:00,55.44958,8.471151,0.0,112.0,319.0,5,1605575752
2020-11-17 02:06:49+00:00,55.44958,8.471157,0.0,112.0,107.0,5,1605578809
2020-11-17 03:12:52+00:00,55.44957,8.47121,0.0,112.0,276.0,5,1605582772
2020-11-17 04:15:57+00:00,55.44958,8.471117,0.0,112.0,348.0,5,1605586557
2020-11-17 05:18:57+00:00,55.44957,8.471202,0.0,111.0,14.0,5,1605590337
2020-11-17 06:00:58+00:00,55.44957,8.471182,0.0,112.0,322.0,5,1605592858
2020-11-17 07:10:04+00:00,55.44963,8.471137,0.0,112.0,313.0,5,1605597004
2020-11-17 08:22:06+00:00,55.44955,8.471182,0.0,112.0,78.0,5,1605601326
2020-11-17 09:10:07+00:00,55.44956,8.471169,0.0,112.0,85.0,5,1605604207
2020-11-17 10:22:10+00:00,55.44957,8.471184,0.0,112.0,49.0,5,1605608530
2020-11-17 11:04:11+00:00,55.44957,8.471191,0.0,112.0,245.0,5,1605611051
2020-11-17 12:07:10+00:00,55.44963,8.47115,0.0,112.0,34.0,5,1605614830
2020-11-17 13:10:14+00:00,55.44957,8.471164,0.0,112.0,284.0,5,1605618614
2020-11-17 14:13:14+00:00,55.44958,8.471158,0.0,112.0,272.0,5,1605622394
2020-11-17 15:16:18+00:00,55.44957,8.471164,0.0,112.0,242.0,5,1605626178
2020-11-17 16:19:18+00:00,55.44955,8.471236,0.0,111.0,33.0,5,1605629958
2020-11-17 17:01:19+00:00,55.44956,8.471197,0.0,111.0,37.0,5,1605632479
2020-11-17 18:04:24+00:00,55.44956,8.471184,0.0,112.0,58.0,5,1605636264
2020-11-17 19:07:23+00:00,55.44956,8.471235,0.0,112.0,323.0,5,1605640043
2020-11-17 20:10:27+00:00,55.44957,8.471157,0.0,112.0,73.0,5,1605643827
2020-11-17 21:13:29+00:00,55.44956,8.471155,0.0,112.0,87.0,5,1605647609
2020-11-17 22:16:31+00:00,55.44957,8.47115,0.0,112.0,129.0,5,1605651391
2020-11-17 23:19:32+00:00,55.44956,8.471164,0.0,112.0,86.0,5,1605655172
2020-11-18 00:01:33+00:00,55.44957,8.47117,0.0,112.0,74.0,5,1605657693
2020-11-18 01:04:36+00:00,55.44959,8.471137,0.0,112.0,67.0,5,1605661476
2020-11-18 02:07:37+00:00,55.44957,8.471184,0.0,112.0,100.0,5,1605665257
2020-11-18 03:10:40+00:00,55.44956,8.471204,0.0,112.0,282.0,5,1605669040
2020-11-18 04:13:41+00:00,55.4496,8.471078,0.0,111.0,46.0,5,1605672821
2020-11-18 05:16:44+00:00,55.44958,8.471197,0.0,112.0,302.0,5,1605676604
2020-11-18 06:19:45+00:00,55.44959,8.471137,0.0,112.0,273.0,5,1605680385
2020-11-18 07:01:46+00:00,55.44957,8.471157,0.0,112.0,309.0,5,1605682906
2020-11-18 08:04:49+00:00,55.44956,8.471151,0.0,111.0,239.0,5,1605686689
2020-11-18 09:07:51+00:00,55.4496,8.47115,0.0,111.0,246.0,5,1605690471
2020-11-18 10:10:54+00:00,55.44957,8.471175,0.0,111.0,268.0,5,1605694254
2020-11-18 11:13:56+00:00,55.44951,8.471287,0.0,112.0,225.0,5,1605698036
2020-11-18 12:16:58+00:00,55.44959,8.471182,0.0,112.0,325.0,5,1605701818
2020-11-18 13:20:00+00:00,55.44956,8.471175,0.0,112.0,244.0,5,1605705600
2020-11-18 14:02:02+00:00,55.44957,8.471184,0.0,111.0,292.0,5,1605708122
2020-11-18 15:05:03+00:00,55.44953,8.471164,0.0,112.0,267.0,5,1605711903
2020-11-18 16:11:06+00:00,55.44955,8.47124,0.0,112.0,208.0,5,1605715866
2020-11-18 17:20:07+00:00,55.44954,8.471223,0.0,112.0,75.0,5,1605720007
2020-11-18 18:02:08+00:00,55.44956,8.471178,0.0,112.0,47.0,5,1605722528
2020-11-18 19:11:11+00:00,55.44958,8.471213,0.0,112.0,26.0,5,1605726671
2020-11-18 20:17:13+00:00,55.44957,8.471124,0.0,112.0,75.0,5,1605730633
2020-11-18 21:20:13+00:00,55.4496,8.471157,0.0,112.0,289.0,5,1605734413
2020-11-18 22:02:15+00:00,55.44958,8.471197,0.0,112.0,312.0,5,1605736935
2020-11-18 23:05:18+00:00,55.44951,8.471276,0.0,112.0,95.0,5,1605740718
2020-11-19 00:08:19+00:00,55.44957,8.471175,0.0,111.0,223.0,5,1605744499
2020-11-19 01:11:22+00:00,55.44957,8.471209,0.0,112.0,295.0,5,1605748282
2020-11-19 02:14:24+00:00,55.44954,8.471195,0.0,111.0,281.0,5,1605752064
2020-11-19 03:17:26+00:00,55.44958,8.471182,0.0,112.0,283.0,5,1605755846
2020-11-19 04:20:27+00:00,55.44955,8.471293,0.0,112.0,34.0,5,1605759627
2020-11-19 05:02:28+00:00,55.44957,8.471233,0.0,111.0,24.0,5,1605762148
2020-11-19 06:05:30+00:00,55.44959,8.471151,0.0,112.0,173.0,5,1605765930
2020-11-19 07:11:32+00:00,55.44959,8.471104,0.0,112.0,251.0,5,1605769892
2020-11-19 08:14:34+00:00,55.44955,8.471185,0.0,112.0,255.0,5,1605773674
2020-11-19 09:17:37+00:00,55.44956,8.471233,0.0,112.0,314.0,5,1605777457
2020-11-19 10:20:37+00:00,55.44955,8.471155,0.0,112.0,307.0,5,1605781237
2020-11-19 11:02:39+00:00,55.4495,8.471335,0.0,112.0,127.0,5,1605783759
2020-11-19 12:05:43+00:00,55.44957,8.471202,0.0,112.0,226.0,5,1605787543
2020-11-19 13:08:43+00:00,55.4496,8.47125,0.0,112.0,310.0,5,1605791323
2020-11-19 14:11:48+00:00,55.44957,8.471164,0.0,112.0,252.0,5,1605795108
2020-11-19 15:17:49+00:00,55.44958,8.471204,0.0,112.0,269.0,5,1605799069
2020-11-19 16:20:49+00:00,55.44955,8.471215,0.0,112.0,230.0,5,1605802849
2020-11-19 17:02:50+00:00,55.44956,8.471191,0.0,112.0,75.0,5,1605805370
2020-11-19 18:05:53+00:00,55.44963,8.471198,0.0,112.0,90.0,5,1605809153
2020-11-19 19:08:54+00:00,55.44957,8.471215,0.0,112.0,274.0,5,1605812934
2020-11-19 20:11:58+00:00,55.44956,8.471177,0.0,112.0,6.0,5,1605816718
2020-11-19 21:14:58+00:00,55.4496,8.471155,0.0,112.0,134.0,5,1605820498
2020-11-19 22:18:02+00:00,55.44957,8.471157,0.0,112.0,285.0,5,1605824282
2020-11-19 23:00:03+00:00,55.44951,8.471263,0.0,112.0,36.0,5,1605826803
2020-11-20 00:03:05+00:00,55.44957,8.471164,0.0,112.0,264.0,5,1605830585
2020-11-20 01:06:09+00:00,55.44957,8.471222,0.0,112.0,268.0,5,1605834369
2020-11-20 02:09:09+00:00,55.44956,8.47119,0.0,111.0,257.0,5,1605838149
2020-11-20 03:12:12+00:00,55.44957,8.471175,0.0,112.0,114.0,5,1605841932
2020-11-20 04:15:13+00:00,55.44956,8.471233,0.0,112.0,88.0,5,1605845713
2020-11-20 05:18:16+00:00,55.44957,8.471182,0.0,112.0,203.0,5,1605849496
2020-11-20 06:00:18+00:00,55.4496,8.471128,0.0,112.0,222.0,5,1605852018
2020-11-20 07:03:18+00:00,55.44957,8.471177,0.0,112.0,258.0,5,1605855798
2020-11-20 08:06:22+00:00,55.44954,8.471202,0.0,111.0,252.0,5,1605859582
2020-11-20 09:09:22+00:00,55.44961,8.471055,0.0,112.0,232.0,5,1605863362
2020-11-20 10:12:26+00:00,55.44956,8.471182,0.0,112.0,265.0,5,1605867146
2020-11-20 11:15:25+00:00,55.44953,8.471262,0.0,112.0,40.0,5,1605870925
2020-11-20 12:18:31+00:00,55.44964,8.471191,0.0,111.0,278.0,5,1605874711
2020-11-20 13:06:32+00:00,55.44955,8.471213,0.0,112.0,61.0,5,1605877592
2020-11-20 14:12:35+00:00,55.44957,8.471162,0.0,112.0,71.0,5,1605881555
2020-11-20 15:00:36+00:00,55.44956,8.47117,0.0,111.0,84.0,5,1605884436
2020-11-20 16:12:38+00:00,55.44956,8.47117,0.0,112.0,17.0,5,1605888758
2020-11-20 17:00:40+00:00,55.44955,8.471204,0.0,111.0,52.0,5,1605891640
2020-11-20 18:12:43+00:00,55.44956,8.471184,0.0,112.0,91.0,5,1605895963
2020-11-20 19:00:44+00:00,55.44957,8.471222,0.0,112.0,138.0,5,1605898844
2020-11-20 20:12:46+00:00,55.44953,8.47121,0.0,111.0,53.0,5,1605903166
2020-11-20 21:00:47+00:00,55.44958,8.471155,0.0,112.0,73.0,5,1605906047
2020-11-20 22:12:50+00:00,55.44956,8.471175,0.0,111.0,53.0,5,1605910370
2020-11-20 23:00:51+00:00,55.44955,8.471184,0.0,112.0,17.0,5,1605913251
2020-11-21 00:12:54+00:00,55.44958,8.471175,0.0,112.0,285.0,5,1605917574
2020-11-21 01:00:56+00:00,55.44957,8.471185,0.0,112.0,308.0,5,1605920456
2020-11-21 02:12:59+00:00,55.44955,8.471158,0.0,112.0,94.0,5,1605924779
2020-11-21 03:01:00+00:00,55.44956,8.471184,0.0,111.0,97.0,5,1605927660
2020-11-21 04:13:02+00:00,55.44956,8.47119,0.0,111.0,29.0,5,1605931982
2020-11-21 05:01:04+00:00,55.44957,8.471177,0.0,112.0,351.0,5,1605934864
2020-11-21 06:13:06+00:00,55.44957,8.471175,0.0,111.0,296.0,5,1605939186
2020-11-21 07:01:08+00:00,55.44958,8.471131,0.0,112.0,264.0,5,1605942068
2020-11-21 08:10:03+00:00,55.44956,8.47117,0.0,112.0,95.0,5,1605946203
2020-11-21 09:19:12+00:00,55.44955,8.471236,0.0,111.0,248.0,5,1605950352
2020-11-21 10:07:14+00:00,55.44956,8.471162,0.0,111.0,202.0,5,1605953234
2020-11-21 11:19:16+00:00,55.44954,8.471253,0.0,111.0,196.0,5,1605957556
2020-11-21 12:07:17+00:00,55.44956,8.471184,0.0,111.0,36.0,5,1605960437
2020-11-21 13:19:20+00:00,55.44956,8.47117,0.0,111.0,259.0,5,1605964760
2020-11-21 14:07:21+00:00,55.44958,8.471151,0.0,112.0,287.0,5,1605967641
2020-11-21 15:19:24+00:00,55.44962,8.471202,0.0,112.0,234.0,5,1605971964
2020-11-21 16:07:25+00:00,55.44952,8.471315,0.0,111.0,217.0,5,1605974845
2020-11-21 17:19:28+00:00,55.44956,8.471185,0.0,112.0,44.0,5,1605979168
2020-11-21 18:07:29+00:00,55.44961,8.471191,0.0,112.0,260.0,5,1605982049
2020-11-21 19:16:27+00:00,55.44957,8.471171,0.0,112.0,59.0,5,1605986187
2020-11-21 20:19:32+00:00,55.44955,8.471204,0.0,112.0,268.0,5,1605989972
2020-11-21 21:01:33+00:00,55.44956,8.471198,0.0,112.0,343.0,5,1605992493
2020-11-21 22:04:32+00:00,55.44957,8.471169,0.0,112.0,86.0,5,1605996272
2020-11-21 23:07:37+00:00,55.44956,8.471169,0.0,111.0,88.0,5,1606000057
2020-11-22 00:10:36+00:00,55.44958,8.471158,0.0,111.0,275.0,5,1606003836
2020-11-22 01:13:41+00:00,55.44958,8.471144,0.0,111.0,130.0,5,1606007621
2020-11-22 02:01:43+00:00,55.44955,8.47119,0.0,111.0,210.0,5,1606010503
2020-11-22 03:13:45+00:00,55.44956,8.47119,0.0,112.0,120.0,5,1606014825
2020-11-22 04:01:47+00:00,55.44956,8.471229,0.0,111.0,237.0,5,1606017707
2020-11-22 05:10:44+00:00,55.44956,8.471177,0.0,111.0,228.0,5,1606021844
2020-11-22 06:19:52+00:00,55.44957,8.471175,0.0,112.0,136.0,5,1606025992
2020-11-22 07:07:54+00:00,55.44959,8.471064,0.0,111.0,242.0,5,1606028874
2020-11-22 08:19:57+00:00,55.4495,8.471185,0.0,111.0,41.0,5,1606033197
2020-11-22 09:07:58+00:00,55.44956,8.471191,0.0,112.0,287.0,5,1606036078
2020-11-22 10:20:00+00:00,55.44956,8.471184,0.0,111.0,298.0,5,1606040400
2020-11-22 11:08:02+00:00,55.44955,8.471249,0.0,111.0,33.0,5,1606043282
2020-11-22 12:20:05+00:00,55.44955,8.471215,0.0,111.0,211.0,5,1606047605
2020-11-22 13:08:06+00:00,55.44959,8.471097,0.0,111.0,223.0,5,1606050486
2020-11-22 14:20:08+00:00,55.44957,8.47117,0.0,111.0,232.0,5,1606054808
2020-11-22 15:08:09+00:00,55.4496,8.471242,0.0,111.0,250.0,5,1606057689
2020-11-22 16:20:12+00:00,55.44957,8.471165,0.0,111.0,197.0,5,1606062012
2020-11-22 17:08:13+00:00,55.44957,8.471158,0.0,112.0,219.0,5,1606064893
2020-11-22 18:20:15+00:00,55.44958,8.471255,0.0,111.0,331.0,5,1606069215
2020-11-22 19:08:18+00:00,55.44957,8.47117,0.0,112.0,260.0,5,1606072098
2020-11-22 20:20:21+00:00,55.44956,8.47117,0.0,111.0,209.0,5,1606076421
2020-11-22 21:08:23+00:00,55.44958,8.47119,0.0,112.0,279.0,5,1606079303
2020-11-22 22:20:25+00:00,55.44959,8.471137,0.0,112.0,302.0,5,1606083625
2020-11-22 23:08:26+00:00,55.44956,8.471195,0.0,111.0,355.0,5,1606086506
2020-11-23 00:20:28+00:00,55.44964,8.471111,0.0,112.0,40.0,5,1606090828
2020-11-23 01:08:30+00:00,55.44958,8.471142,0.0,112.0,138.0,5,1606093710
2020-11-23 02:20:33+00:00,55.44953,8.471209,0.0,112.0,223.0,5,1606098033
2020-11-23 03:08:35+00:00,55.44956,8.471197,0.0,112.0,315.0,5,1606100915
2020-11-23 04:20:37+00:00,55.44958,8.471135,0.0,112.0,173.0,5,1606105237
2020-11-23 05:08:39+00:00,55.44959,8.471145,0.0,112.0,26.0,5,1606108119
2020-11-23 06:20:42+00:00,55.44957,8.471124,0.0,111.0,15.0,5,1606112442
2020-11-23 07:08:44+00:00,55.44955,8.471164,0.0,111.0,236.0,5,1606115324
2020-11-23 08:20:46+00:00,55.44956,8.47117,0.0,112.0,206.0,5,1606119646
2020-11-23 09:08:48+00:00,55.44958,8.471198,0.0,112.0,240.0,5,1606122528
2020-11-23 10:20:51+00:00,55.44957,8.47117,0.0,112.0,147.0,5,1606126851
2020-11-23 11:08:53+00:00,55.44955,8.471229,0.0,111.0,160.0,5,1606129733
2020-11-23 12:20:56+00:00,55.44957,8.471177,0.0,112.0,209.0,5,1606134056
2020-11-23 13:08:57+00:00,55.44955,8.471202,0.0,112.0,204.0,5,1606136937
2020-11-23 14:21:00+00:00,55.44957,8.471157,0.0,111.0,239.0,5,1606141260
2020-11-23 15:09:02+00:00,55.44956,8.471215,0.0,111.0,67.0,5,1606144142
2020-11-23 16:21:05+00:00,55.44957,8.47121,0.0,111.0,301.0,5,1606148465
2020-11-23 17:09:06+00:00,55.44955,8.471185,0.0,111.0,60.0,5,1606151346
2020-11-23 18:21:08+00:00,55.44958,8.471184,0.0,111.0,313.0,5,1606155668
2020-11-23 19:09:10+00:00,55.44956,8.471177,0.0,112.0,66.0,5,1606158550
2020-11-23 20:21:11+00:00,55.44956,8.47117,0.0,111.0,27.0,5,1606162871
2020-11-23 21:09:13+00:00,55.44959,8.471177,0.0,112.0,97.0,5,1606165753
2020-11-23 22:00:06+00:00,55.44957,8.471164,0.0,111.0,18.0,5,1606168806
2020-11-23 23:09:17+00:00,55.44957,8.471204,0.0,111.0,35.0,5,1606172957
2020-11-24 00:21:19+00:00,55.44959,8.471128,0.0,111.0,279.0,5,1606177279
2020-11-24 01:09:19+00:00,55.44956,8.47121,0.0,112.0,70.0,5,1606180159
2020-11-24 02:21:22+00:00,55.44951,8.471157,0.0,111.0,69.0,5,1606184482
2020-11-24 03:09:23+00:00,55.44959,8.471185,0.0,112.0,146.0,5,1606187363
2020-11-24 04:21:25+00:00,55.4496,8.471182,0.0,111.0,140.0,5,1606191685
2020-11-24 05:09:26+00:00,55.44957,8.471189,0.0,111.0,4.0,5,1606194566
2020-11-24 06:21:29+00:00,55.44956,8.471144,0.0,111.0,314.0,5,1606198889
2020-11-24 07:09:30+00:00,55.44955,8.471158,0.0,112.0,247.0,5,1606201770
2020-11-24 08:21:33+00:00,55.44956,8.471198,0.0,111.0,200.0,5,1606206093
2020-11-24 09:09:34+00:00,55.44958,8.471182,0.0,111.0,62.0,5,1606208974
2020-11-24 10:21:37+00:00,55.44956,8.471191,0.0,112.0,182.0,5,1606213297
2020-11-24 11:09:38+00:00,55.44957,8.471184,0.0,111.0,318.0,5,1606216178
2020-11-24 12:21:41+00:00,55.44955,8.47119,0.0,112.0,251.0,5,1606220501
2020-11-24 13:09:42+00:00,55.44954,8.47119,0.0,112.0,112.0,5,1606223382
2020-11-24 14:21:44+00:00,55.44956,8.471178,0.0,112.0,242.0,5,1606227704
2020-11-24 15:09:45+00:00,55.44952,8.47127,0.0,112.0,224.0,5,1606230585
2020-11-24 16:15:47+00:00,55.44957,8.471189,0.0,112.0,356.0,5,1606234547
2020-11-24 17:21:49+00:00,55.44955,8.47117,0.0,112.0,260.0,5,1606238509
2020-11-24 18:09:51+00:00,55.44957,8.471275,0.0,112.0,308.0,5,1606241391
2020-11-24 19:21:54+00:00,55.44955,8.471178,0.0,111.0,88.0,5,1606245714
2020-11-24 20:09:55+00:00,55.44955,8.471151,0.0,112.0,127.0,5,1606248595
2020-11-24 21:21:57+00:00,55.44967,8.471137,0.0,111.0,148.0,5,1606252917
2020-11-24 22:09:58+00:00,55.44955,8.47117,0.0,112.0,309.0,5,1606255798
2020-11-24 23:18:58+00:00,55.44955,8.471157,0.0,111.0,253.0,5,1606259938
2020-11-25 00:00:59+00:00,55.44957,8.471171,0.0,112.0,269.0,5,1606262459
2020-11-25 01:04:04+00:00,55.44956,8.471182,0.0,112.0,39.0,5,1606266244
2020-11-25 02:10:07+00:00,55.44952,8.471195,0.0,111.0,247.0,5,1606270207
2020-11-25 03:22:09+00:00,55.44957,8.471169,0.0,111.0,106.0,5,1606274529
2020-11-25 04:10:10+00:00,55.44957,8.471184,0.0,112.0,65.0,5,1606277410
2020-11-25 05:22:12+00:00,55.44958,8.471137,0.0,111.0,218.0,5,1606281732
2020-11-25 06:10:15+00:00,55.44957,8.471144,0.0,112.0,149.0,5,1606284615
2020-11-25 07:22:17+00:00,55.44955,8.471157,0.0,112.0,206.0,5,1606288937
2020-11-25 08:10:19+00:00,55.44956,8.471189,0.0,112.0,35.0,5,1606291819
2020-11-25 09:22:21+00:00,55.44957,8.471155,0.0,111.0,39.0,5,1606296141
2020-11-25 10:10:23+00:00,55.44957,8.471223,0.0,112.0,92.0,5,1606299023
2020-11-25 11:19:21+00:00,55.44956,8.471175,0.0,112.0,147.0,5,1606303161
2020-11-25 12:04:26+00:00,55.44957,8.471157,0.0,112.0,208.0,5,1606305866
2020-11-25 13:07:24+00:00,55.44957,8.471157,0.0,112.0,207.0,5,1606309644
2020-11-25 14:10:29+00:00,55.44956,8.471184,0.0,112.0,241.0,5,1606313429
2020-11-25 15:13:28+00:00,55.44956,8.471197,0.0,112.0,336.0,5,1606317208
2020-11-25 16:22:34+00:00,55.44957,8.471177,0.0,111.0,203.0,5,1606321354
2020-11-25 17:04:36+00:00,55.44955,8.47119,0.0,111.0,247.0,5,1606323876
2020-11-25 18:16:38+00:00,55.44958,8.471185,0.0,111.0,330.0,5,1606328198
2020-11-25 19:04:39+00:00,55.44956,8.471177,0.0,112.0,72.0,5,1606331079
2020-11-25 20:16:41+00:00,55.44957,8.471169,0.0,111.0,181.0,5,1606335401
2020-11-25 21:01:39+00:00,55.44958,8.471202,0.0,112.0,297.0,5,1606338099
2020-11-25 22:07:41+00:00,55.44958,8.471102,0.0,111.0,133.0,5,1606342061
2020-11-25 23:16:47+00:00,55.44956,8.471178,0.0,112.0,29.0,5,1606346207
2020-11-26 00:04:49+00:00,55.44958,8.471215,0.0,111.0,268.0,5,1606349089
2020-11-26 01:16:51+00:00,55.44956,8.471195,0.0,111.0,98.0,5,1606353411
2020-11-26 02:04:52+00:00,55.44953,8.47121,0.0,111.0,237.0,5,1606356292
2020-11-26 03:16:55+00:00,55.44958,8.471184,0.0,112.0,318.0,5,1606360615
2020-11-26 04:04:57+00:00,55.44956,8.471222,0.0,112.0,166.0,5,1606363497
2020-11-26 05:16:59+00:00,55.44958,8.471137,0.0,112.0,5.0,5,1606367819
2020-11-26 06:05:00+00:00,55.44956,8.471177,0.0,111.0,315.0,5,1606370700
2020-11-26 07:17:02+00:00,55.44954,8.471191,0.0,111.0,204.0,5,1606375022
2020-11-26 08:05:03+00:00,55.44955,8.471164,0.0,111.0,197.0,5,1606377903
2020-11-26 09:17:05+00:00,55.44957,8.471155,0.0,111.0,265.0,5,1606382225
2020-11-26 10:05:07+00:00,55.44956,8.47119,0.0,111.0,226.0,5,1606385107
2020-11-26 11:17:08+00:00,55.44956,8.471197,0.0,111.0,230.0,5,1606389428
2020-11-26 12:05:10+00:00,55.44956,8.471157,0.0,111.0,204.0,5,1606392310
2020-11-26 13:14:09+00:00,55.44954,8.471202,0.0,111.0,187.0,5,1606396449
2020-11-26 14:23:14+00:00,55.44957,8.471162,0.0,111.0,263.0,5,1606400594
2020-11-26 15:08:12+00:00,55.44957,8.471185,0.0,112.0,198.0,5,1606403292
2020-11-26 16:11:17+00:00,55.44956,8.47121,0.0,111.0,177.0,5,1606407077
2020-11-26 17:23:20+00:00,55.44951,8.47121,0.0,111.0,288.0,5,1606411400
2020-11-26 18:11:22+00:00,55.44959,8.471242,0.0,111.0,315.0,5,1606414282
2020-11-26 19:23:24+00:00,55.44958,8.471115,0.0,111.0,37.0,5,1606418604
2020-11-26 20:11:26+00:00,55.44955,8.471195,0.0,111.0,351.0,5,1606421486
2020-11-26 21:23:28+00:00,55.44959,8.471178,0.0,111.0,104.0,5,1606425808
2020-11-26 22:14:25+00:00,55.44959,8.471084,0.0,111.0,41.0,5,1606428865
2020-11-26 23:23:32+00:00,55.44954,8.471229,0.0,111.0,55.0,5,1606433012
2020-11-27 00:11:33+00:00,55.44959,8.47113,0.0,111.0,263.0,5,1606435893
2020-11-27 01:23:36+00:00,55.44957,8.471171,0.0,111.0,103.0,5,1606440216
2020-11-27 02:11:38+00:00,55.44953,8.47115,0.0,112.0,47.0,5,1606443098
2020-11-27 03:23:40+00:00,55.44955,8.471137,0.0,112.0,233.0,5,1606447420
2020-11-27 04:11:41+00:00,55.44958,8.47117,0.0,111.0,18.0,5,1606450301
2020-11-27 05:23:44+00:00,55.44959,8.471135,0.0,111.0,316.0,5,1606454624
2020-11-27 06:11:46+00:00,55.44957,8.471108,0.0,112.0,357.0,5,1606457506
2020-11-27 07:23:48+00:00,55.44956,8.471169,0.0,111.0,76.0,5,1606461828
2020-11-27 08:11:50+00:00,55.44956,8.471157,0.0,111.0,208.0,5,1606464710
2020-11-27 09:23:53+00:00,55.44951,8.471269,0.0,112.0,159.0,5,1606469033
2020-11-27 10:11:54+00:00,55.44957,8.471164,0.0,111.0,77.0,5,1606471914
2020-11-27 11:23:56+00:00,55.44956,8.471209,0.0,112.0,60.0,5,1606476236
2020-11-27 12:11:58+00:00,55.44956,8.471171,0.0,111.0,148.0,5,1606479118
2020-11-27 13:00:00+00:00,55.44957,8.47115,0.0,111.0,176.0,5,1606482000
2020-11-27 14:12:02+00:00,55.44958,8.471155,0.0,111.0,216.0,5,1606486322
2020-11-27 15:00:03+00:00,55.44957,8.471215,0.0,111.0,243.0,5,1606489203
2020-11-27 16:12:05+00:00,55.44953,8.471247,0.0,111.0,217.0,5,1606493525
2020-11-27 17:00:07+00:00,55.44956,8.47117,0.0,112.0,232.0,5,1606496407
2020-11-27 18:09:02+00:00,55.44958,8.47119,0.0,111.0,321.0,5,1606500542
2020-11-27 19:18:10+00:00,55.44957,8.47115,0.0,112.0,18.0,5,1606504690
2020-11-27 20:00:27+00:00,55.44956,8.471164,0.0,112.0,196.0,5,1606507227
2020-11-27 21:06:28+00:00,55.4495,8.471198,0.0,112.0,284.0,5,1606511188
2020-11-27 22:09:32+00:00,55.44957,8.471131,0.0,112.0,53.0,5,1606514972
2020-11-27 23:12:32+00:00,55.44957,8.471157,0.0,112.0,53.0,5,1606518752
2020-11-28 00:15:35+00:00,55.4496,8.471104,0.0,111.0,89.0,5,1606522535
2020-11-28 01:18:36+00:00,55.44957,8.471158,0.0,112.0,171.0,5,1606526316
2020-11-28 02:00:37+00:00,55.44953,8.471197,0.0,111.0,233.0,5,1606528837
2020-11-28 03:03:41+00:00,55.44956,8.471204,0.0,112.0,359.0,5,1606532621
2020-11-28 04:06:41+00:00,55.44958,8.471151,0.0,112.0,189.0,5,1606536401
2020-11-28 05:09:45+00:00,55.44957,8.471165,0.0,112.0,193.0,5,1606540185
2020-11-28 06:12:45+00:00,55.44955,8.471158,0.0,112.0,11.0,5,1606543965
2020-11-28 07:15:49+00:00,55.44957,8.47114,0.0,112.0,248.0,5,1606547749
2020-11-28 08:21:52+00:00,55.44956,8.471169,0.0,112.0,271.0,5,1606551712
2020-11-28 09:03:53+00:00,55.44955,8.471204,0.0,112.0,202.0,5,1606554233
2020-11-28 10:15:56+00:00,55.44956,8.471187,0.0,112.0,26.0,5,1606558556
2020-11-28 11:03:58+00:00,55.44955,8.471178,0.0,112.0,32.0,5,1606561438
2020-11-28 12:16:01+00:00,55.44958,8.471178,0.0,112.0,272.0,5,1606565761
2020-11-28 13:04:02+00:00,55.44955,8.471204,0.0,112.0,210.0,5,1606568642
2020-11-28 14:16:05+00:00,55.44957,8.471153,0.0,112.0,266.0,5,1606572965
2020-11-28 15:04:06+00:00,55.44956,8.471165,0.0,111.0,0.0,5,1606575846
2020-11-28 16:16:08+00:00,55.44956,8.471191,0.0,111.0,249.0,5,1606580168
2020-11-28 17:04:10+00:00,55.44955,8.471191,0.0,111.0,248.0,5,1606583050
2020-11-28 18:16:11+00:00,55.44958,8.471178,0.0,111.0,315.0,5,1606587371
2020-11-28 19:22:14+00:00,55.44958,8.471148,0.0,111.0,88.0,5,1606591334
2020-11-28 20:10:15+00:00,55.44956,8.471155,0.0,111.0,156.0,5,1606594215
2020-11-28 21:22:18+00:00,55.44956,8.47119,0.0,111.0,284.0,5,1606598538
2020-11-28 22:10:19+00:00,55.44956,8.471142,0.0,112.0,123.0,5,1606601419
2020-11-28 23:22:21+00:00,55.44957,8.471202,0.0,111.0,330.0,5,1606605741
2020-11-29 00:10:22+00:00,55.44958,8.47113,0.0,111.0,254.0,5,1606608622
2020-11-29 01:16:24+00:00,55.44956,8.471185,0.0,111.0,161.0,5,1606612584
2020-11-29 02:19:23+00:00,55.44953,8.471182,0.0,111.0,308.0,5,1606616363
2020-11-29 03:01:24+00:00,55.44957,8.471127,0.0,111.0,327.0,5,1606618884
2020-11-29 04:07:26+00:00,55.44957,8.471171,0.0,112.0,166.0,5,1606622846
2020-11-29 05:10:31+00:00,55.44957,8.471185,0.0,112.0,193.0,5,1606626631
2020-11-29 06:13:30+00:00,55.44956,8.47116,0.0,112.0,140.0,5,1606630410
2020-11-29 07:16:36+00:00,55.44955,8.471165,0.0,112.0,239.0,5,1606634196
2020-11-29 08:01:35+00:00,55.44957,8.471164,0.0,112.0,221.0,5,1606636895
2020-11-29 09:04:40+00:00,55.44957,8.471162,0.0,111.0,42.0,5,1606640680
2020-11-29 10:07:40+00:00,55.44956,8.471169,0.0,111.0,112.0,5,1606644460
2020-11-29 11:10:43+00:00,55.44956,8.471197,0.0,112.0,37.0,5,1606648243
2020-11-29 12:13:43+00:00,55.44958,8.471165,0.0,111.0,275.0,5,1606652023
2020-11-29 13:16:48+00:00,55.44956,8.471167,0.0,111.0,95.0,5,1606655808
2020-11-29 14:19:47+00:00,55.44956,8.471158,0.0,111.0,125.0,5,1606659587
2020-11-29 15:01:48+00:00,55.44955,8.471191,0.0,111.0,267.0,5,1606662108
2020-11-29 16:04:53+00:00,55.44955,8.471213,0.0,112.0,242.0,5,1606665893
2020-11-29 17:10:57+00:00,55.44951,8.471204,0.0,112.0,260.0,5,1606669857
2020-11-29 18:16:59+00:00,55.44956,8.471249,0.0,111.0,339.0,5,1606673819
2020-11-29 19:19:58+00:00,55.44957,8.471157,0.0,111.0,7.0,5,1606677598
2020-11-29 20:05:01+00:00,55.44955,8.471164,0.0,111.0,106.0,5,1606680301
2020-11-29 21:08:00+00:00,55.44956,8.471303,0.0,111.0,335.0,5,1606684080
2020-11-29 22:14:02+00:00,55.44953,8.471191,0.0,111.0,67.0,5,1606688042
2020-11-29 23:17:06+00:00,55.44957,8.471167,0.0,111.0,245.0,5,1606691826
2020-11-30 00:20:06+00:00,55.44958,8.471167,0.0,111.0,268.0,5,1606695606
2020-11-30 01:02:07+00:00,55.44957,8.471169,0.0,111.0,94.0,5,1606698127
2020-11-30 02:05:11+00:00,55.44955,8.471125,0.0,111.0,301.0,5,1606701911
2020-11-30 03:08:11+00:00,55.44958,8.471038,0.0,111.0,192.0,5,1606705691
2020-11-30 04:11:16+00:00,55.44957,8.471162,0.0,111.0,234.0,5,1606709476
2020-11-30 05:17:18+00:00,55.44958,8.471169,0.0,111.0,104.0,5,1606713438
2020-11-30 06:20:18+00:00,55.4496,8.471085,0.0,111.0,46.0,5,1606717218
2020-11-30 07:02:19+00:00,55.44957,8.47114,0.0,112.0,247.0,5,1606719739
2020-11-30 08:07:23+00:00,55.44955,8.471195,0.0,111.0,208.0,5,1606723643
2020-11-30 09:10:23+00:00,55.44957,8.471135,0.0,111.0,200.0,5,1606727423
2020-11-30 10:13:27+00:00,55.44973,8.471258,0.0,112.0,239.0,5,1606731207
2020-11-30 11:16:26+00:00,55.44957,8.471215,0.0,111.0,186.0,5,1606734986
2020-11-30 12:19:31+00:00,55.44956,8.471184,0.0,111.0,288.0,5,1606738771
2020-11-30 13:01:31+00:00,55.44956,8.471177,0.0,111.0,308.0,5,1606741291
2020-11-30 14:04:31+00:00,55.44957,8.471157,0.0,111.0,258.0,5,1606745071
2020-11-30 15:07:36+00:00,55.44955,8.471195,0.0,111.0,237.0,5,1606748856
2020-11-30 16:10:35+00:00,55.44957,8.47117,0.0,111.0,84.0,5,1606752635
2020-11-30 17:13:40+00:00,55.44954,8.471197,0.0,111.0,51.0,5,1606756420
2020-11-30 18:16:39+00:00,55.44957,8.471236,0.0,111.0,71.0,5,1606760199
2020-11-30 19:19:44+00:00,55.44957,8.471177,0.0,111.0,53.0,5,1606763984
2020-11-30 20:01:45+00:00,55.44957,8.47115,0.0,111.0,121.0,5,1606766505
2020-11-30 21:04:45+00:00,55.44961,8.471236,0.0,111.0,272.0,5,1606770285
2020-11-30 22:07:49+00:00,55.44957,8.47122,0.0,112.0,63.0,5,1606774069
2020-11-30 23:10:49+00:00,55.44956,8.471184,0.0,112.0,270.0,5,1606777849
2020-12-01 00:19:54+00:00,55.44957,8.471213,0.0,111.0,319.0,5,1606781994
2020-12-01 01:01:56+00:00,55.44959,8.471191,0.0,111.0,123.0,5,1606784516
2020-12-01 02:04:55+00:00,55.44951,8.471189,0.0,111.0,260.0,5,1606788295
2020-12-01 03:08:00+00:00,55.44956,8.47114,0.0,111.0,244.0,5,1606792080
2020-12-01 04:14:02+00:00,55.44958,8.471182,0.0,111.0,203.0,5,1606796042
2020-12-01 05:17:00+00:00,55.44957,8.471068,0.0,111.0,177.0,5,1606799820
2020-12-01 06:02:05+00:00,55.44955,8.471137,0.0,111.0,171.0,5,1606802525
2020-12-01 07:05:04+00:00,55.4496,8.471117,0.0,111.0,49.0,5,1606806304
2020-12-01 08:08:09+00:00,55.44953,8.471191,0.0,112.0,188.0,5,1606810089
2020-12-01 09:11:07+00:00,55.44951,8.471204,0.0,111.0,94.0,5,1606813867
2020-12-01 10:14:12+00:00,55.44951,8.47127,0.0,111.0,1.0,5,1606817652
2020-12-01 11:20:14+00:00,55.44958,8.471207,0.0,111.0,42.0,5,1606821614
2020-12-01 12:02:15+00:00,55.44957,8.471157,0.0,111.0,239.0,5,1606824135
2020-12-01 13:05:14+00:00,55.44957,8.47117,0.0,111.0,58.0,5,1606827914
2020-12-01 14:08:19+00:00,55.44956,8.471162,0.0,111.0,79.0,5,1606831699
2020-12-01 15:11:19+00:00,55.44955,8.471195,0.0,111.0,225.0,5,1606835479
2020-12-01 16:14:23+00:00,55.44955,8.471177,0.0,112.0,69.0,5,1606839263
2020-12-01 17:17:24+00:00,55.44962,8.471205,0.0,111.0,265.0,5,1606843044
2020-12-01 18:20:27+00:00,55.44955,8.471216,0.0,112.0,224.0,5,1606846827
2020-12-01 19:02:28+00:00,55.44957,8.471175,0.0,111.0,227.0,5,1606849348
2020-12-01 20:05:29+00:00,55.44954,8.47116,0.0,111.0,93.0,5,1606853129
2020-12-01 21:08:32+00:00,55.44955,8.471209,0.0,111.0,11.0,5,1606856912
2020-12-01 22:11:33+00:00,55.44954,8.471169,0.0,111.0,49.0,5,1606860693
2020-12-01 23:14:35+00:00,55.44956,8.471128,0.0,111.0,240.0,5,1606864475
2020-12-02 00:17:37+00:00,55.44955,8.471171,0.0,112.0,115.0,5,1606868257
2020-12-02 01:20:40+00:00,55.44953,8.471185,0.0,112.0,71.0,5,1606872040
2020-12-02 02:02:41+00:00,55.4495,8.471191,0.0,111.0,264.0,5,1606874561
2020-12-02 03:05:42+00:00,55.44957,8.471122,0.0,111.0,80.0,5,1606878342
2020-12-02 04:08:46+00:00,55.44958,8.471091,0.0,111.0,8.0,5,1606882126
2020-12-02 05:11:46+00:00,55.44956,8.471124,0.0,111.0,325.0,5,1606885906
2020-12-02 06:14:49+00:00,55.44958,8.471167,0.0,111.0,211.0,5,1606889689
2020-12-02 07:17:50+00:00,55.44956,8.471182,0.0,111.0,248.0,5,1606893470
2020-12-02 08:20:53+00:00,55.44974,8.47111,0.0,111.0,304.0,5,1606897253
2020-12-02 09:02:55+00:00,55.44956,8.471157,0.0,111.0,219.0,5,1606899775
2020-12-02 10:05:55+00:00,55.44955,8.471245,0.0,111.0,71.0,5,1606903555
2020-12-02 11:08:59+00:00,55.44959,8.471164,0.0,111.0,44.0,5,1606907339
2020-12-02 12:12:00+00:00,55.44956,8.47121,0.0,111.0,189.0,5,1606911120
2020-12-02 13:15:03+00:00,55.44957,8.471155,0.0,111.0,206.0,5,1606914903
2020-12-02 14:00:03+00:00,55.44957,8.471162,0.0,111.0,263.0,5,1606917603
2020-12-02 15:03:06+00:00,55.44955,8.471213,0.0,111.0,32.0,5,1606921386
2020-12-02 16:06:06+00:00,55.44953,8.471197,0.0,111.0,44.0,5,1606925166
2020-12-02 17:09:11+00:00,55.44955,8.47117,0.0,111.0,95.0,5,1606928951
2020-12-02 18:12:11+00:00,55.44957,8.471184,0.0,111.0,132.0,5,1606932731
2020-12-02 19:15:14+00:00,55.44955,8.471177,0.0,111.0,50.0,5,1606936514
2020-12-02 20:18:16+00:00,55.44959,8.471155,0.0,111.0,39.0,5,1606940296
2020-12-02 21:00:16+00:00,55.44956,8.471243,0.0,111.0,307.0,5,1606942816
2020-12-02 22:03:19+00:00,55.44956,8.471148,0.0,111.0,258.0,5,1606946599
2020-12-02 23:06:21+00:00,55.44956,8.471185,0.0,111.0,337.0,5,1606950381
2020-12-03 00:09:23+00:00,55.44957,8.47124,0.0,111.0,291.0,5,1606954163
2020-12-03 01:12:25+00:00,55.44956,8.471164,0.0,111.0,302.0,5,1606957945
2020-12-03 02:15:27+00:00,55.44957,8.471182,0.0,111.0,92.0,5,1606961727
2020-12-03 03:18:28+00:00,55.44957,8.47119,0.0,111.0,23.0,5,1606965508
2020-12-03 04:00:30+00:00,55.44957,8.471157,0.0,111.0,353.0,5,1606968030
2020-12-03 05:03:31+00:00,55.44958,8.471107,0.0,111.0,318.0,5,1606971811
2020-12-03 06:06:34+00:00,55.44959,8.471144,0.0,111.0,311.0,5,1606975594
2020-12-03 07:09:36+00:00,55.44955,8.471195,0.0,111.0,34.0,5,1606979376
2020-12-03 08:12:38+00:00,55.44957,8.471167,0.0,111.0,267.0,5,1606983158
2020-12-03 09:15:39+00:00,55.44957,8.471191,0.0,111.0,98.0,5,1606986939
2020-12-03 10:18:42+00:00,55.44951,8.471327,0.0,111.0,147.0,5,1606990722
2020-12-03 11:00:43+00:00,55.44962,8.471151,0.0,111.0,127.0,5,1606993243
2020-12-03 12:03:43+00:00,55.44961,8.471197,0.0,111.0,122.0,5,1606997023
2020-12-03 13:06:47+00:00,55.44957,8.471182,0.0,111.0,88.0,5,1607000807
2020-12-03 14:09:48+00:00,55.44956,8.471157,0.0,111.0,56.0,5,1607004588
2020-12-03 15:12:52+00:00,55.44954,8.471193,0.0,111.0,50.0,5,1607008372
2020-12-03 16:15:52+00:00,55.44956,8.47119,0.0,111.0,211.0,5,1607012152
2020-12-03 17:18:57+00:00,55.44959,8.471155,0.0,111.0,126.0,5,1607015937
2020-12-03 18:00:58+00:00,55.44956,8.471282,0.0,111.0,130.0,5,1607018458
2020-12-03 19:03:58+00:00,55.44961,8.471115,0.0,111.0,251.0,5,1607022238
2020-12-03 20:07:02+00:00,55.44958,8.471158,0.0,111.0,104.0,5,1607026022
2020-12-03 21:13:04+00:00,55.44957,8.471165,0.0,111.0,206.0,5,1607029984
2020-12-03 22:16:05+00:00,55.44954,8.471215,0.0,111.0,41.0,5,1607033765
2020-12-03 23:19:08+00:00,55.44955,8.471185,0.0,111.0,86.0,5,1607037548
2020-12-04 00:01:09+00:00,55.44958,8.471165,0.0,111.0,74.0,5,1607040069
2020-12-04 01:04:11+00:00,55.44957,8.471158,0.0,111.0,313.0,5,1607043851
2020-12-04 02:07:13+00:00,55.44962,8.471189,0.0,111.0,297.0,5,1607047633
2020-12-04 03:10:14+00:00,55.44956,8.471263,0.0,111.0,168.0,5,1607051414
2020-12-04 04:13:18+00:00,55.44956,8.471184,0.0,111.0,220.0,5,1607055198
2020-12-04 05:16:17+00:00,55.44958,8.471125,0.0,111.0,117.0,5,1607058977
2020-12-04 06:19:22+00:00,55.44956,8.471151,0.0,111.0,246.0,5,1607062762
2020-12-04 07:01:23+00:00,55.44953,8.471213,0.0,111.0,45.0,5,1607065283
2020-12-04 08:07:26+00:00,55.44955,8.471191,0.0,111.0,84.0,5,1607069246
2020-12-04 09:10:25+00:00,55.44953,8.47126,0.0,111.0,307.0,5,1607073025
2020-12-04 10:13:31+00:00,55.44953,8.471282,0.0,111.0,210.0,5,1607076811
2020-12-04 11:19:33+00:00,55.44958,8.471108,0.0,111.0,82.0,5,1607080773
2020-12-04 12:07:35+00:00,55.44961,8.471104,0.0,111.0,138.0,5,1607083655
2020-12-04 13:19:37+00:00,55.44957,8.471165,0.0,111.0,77.0,5,1607087977
2020-12-04 14:07:39+00:00,55.44953,8.47118,0.0,111.0,121.0,5,1607090859
2020-12-04 15:19:41+00:00,55.44956,8.471182,0.0,111.0,209.0,5,1607095181
2020-12-04 16:04:39+00:00,55.44955,8.471185,0.0,111.0,241.0,5,1607097879
2020-12-04 17:13:44+00:00,55.44958,8.471169,0.0,111.0,101.0,5,1607102024
2020-12-04 18:01:46+00:00,55.44958,8.471215,0.0,111.0,120.0,5,1607104906
2020-12-04 19:13:48+00:00,55.44953,8.471236,0.0,111.0,207.0,5,1607109228
2020-12-04 20:01:50+00:00,55.44958,8.471165,0.0,111.0,99.0,5,1607112110
2020-12-04 21:07:52+00:00,55.44958,8.471158,0.0,111.0,37.0,5,1607116072
2020-12-04 22:16:50+00:00,55.44955,8.471209,0.0,111.0,80.0,5,1607120210
2020-12-04 23:19:55+00:00,55.44969,8.47108,0.0,111.0,79.0,5,1607123995
2020-12-05 00:01:56+00:00,55.44956,8.47121,0.0,111.0,333.0,5,1607126516
2020-12-05 01:04:57+00:00,55.44955,8.471177,0.0,111.0,337.0,5,1607130297
2020-12-05 02:08:01+00:00,55.44957,8.471175,0.0,111.0,143.0,5,1607134081
2020-12-05 03:11:01+00:00,55.44953,8.471258,0.0,111.0,42.0,5,1607137861
2020-12-05 04:14:05+00:00,55.44958,8.471197,0.0,111.0,233.0,5,1607141645
2020-12-05 05:17:05+00:00,55.44956,8.471162,0.0,111.0,25.0,5,1607145425
2020-12-05 06:20:09+00:00,55.44956,8.471135,0.0,111.0,29.0,5,1607149209
2020-12-05 07:02:10+00:00,55.44956,8.471165,0.0,111.0,220.0,5,1607151730
2020-12-05 08:05:10+00:00,55.44961,8.471155,0.0,111.0,279.0,5,1607155510
2020-12-05 09:08:13+00:00,55.44957,8.471185,0.0,111.0,276.0,5,1607159293
2020-12-05 10:11:14+00:00,55.4495,8.471323,0.0,111.0,103.0,5,1607163074
2020-12-05 11:14:17+00:00,55.44959,8.471231,0.0,111.0,260.0,5,1607166857
2020-12-05 12:17:17+00:00,55.44955,8.471177,0.0,111.0,246.0,5,1607170637
2020-12-05 13:20:22+00:00,55.44956,8.471169,0.0,111.0,250.0,5,1607174422
2020-12-05 14:02:23+00:00,55.44953,8.471167,0.0,111.0,264.0,5,1607176943
2020-12-05 15:05:23+00:00,55.44952,8.471222,0.0,111.0,213.0,5,1607180723
2020-12-05 16:08:26+00:00,55.44956,8.471184,0.0,111.0,202.0,5,1607184506
2020-12-05 17:11:28+00:00,55.44957,8.471184,0.0,111.0,255.0,5,1607188288
2020-12-05 18:14:30+00:00,55.44957,8.471189,0.0,111.0,10.0,5,1607192070
2020-12-05 19:17:32+00:00,55.44949,8.471262,0.0,111.0,93.0,5,1607195852
2020-12-05 20:20:35+00:00,55.44958,8.471218,0.0,111.0,115.0,5,1607199635
2020-12-05 21:02:36+00:00,55.44956,8.471153,0.0,111.0,54.0,5,1607202156
2020-12-05 22:05:37+00:00,55.44958,8.471097,0.0,111.0,32.0,5,1607205937
2020-12-05 23:08:41+00:00,55.44957,8.47115,0.0,111.0,291.0,5,1607209721
2020-12-06 00:11:41+00:00,55.44957,8.471135,0.0,111.0,303.0,5,1607213501
2020-12-06 01:14:44+00:00,55.44955,8.471187,0.0,111.0,296.0,5,1607217284
2020-12-06 02:17:45+00:00,55.44958,8.471178,0.0,111.0,117.0,5,1607221065
2020-12-06 03:20:49+00:00,55.44956,8.47119,0.0,111.0,58.0,5,1607224849
2020-12-06 04:02:50+00:00,55.44953,8.4713,0.0,111.0,205.0,5,1607227370
2020-12-06 05:05:50+00:00,55.44957,8.471117,0.0,111.0,199.0,5,1607231150
2020-12-06 06:08:53+00:00,55.44955,8.47116,0.0,111.0,253.0,5,1607234933
2020-12-06 07:11:52+00:00,55.44955,8.471175,0.0,111.0,61.0,5,1607238712
2020-12-06 08:14:57+00:00,55.44957,8.471184,0.0,111.0,65.0,5,1607242497
2020-12-06 09:17:57+00:00,55.44955,8.471167,0.0,111.0,331.0,5,1607246277
2020-12-06 10:21:01+00:00,55.44957,8.471197,0.0,111.0,130.0,5,1607250061
2020-12-06 11:03:02+00:00,55.44958,8.471162,0.0,111.0,266.0,5,1607252582
2020-12-06 12:06:02+00:00,55.44956,8.471165,0.0,111.0,242.0,5,1607256362
2020-12-06 13:09:07+00:00,55.44956,8.471158,0.0,111.0,226.0,5,1607260147
2020-12-06 14:12:06+00:00,55.44955,8.471205,0.0,111.0,212.0,5,1607263926
2020-12-06 15:15:11+00:00,55.44957,8.471151,0.0,111.0,238.0,5,1607267711
2020-12-06 16:18:11+00:00,55.44956,8.471164,0.0,111.0,207.0,5,1607271491
2020-12-06 17:00:11+00:00,55.44958,8.471138,0.0,111.0,263.0,5,1607274011
2020-12-06 18:03:16+00:00,55.44957,8.471185,0.0,111.0,13.0,5,1607277796
2020-12-06 19:06:14+00:00,55.44953,8.471227,0.0,111.0,217.0,5,1607281574
2020-12-06 20:09:19+00:00,55.44958,8.47117,0.0,112.0,110.0,5,1607285359
2020-12-06 21:12:18+00:00,55.44957,8.471158,0.0,111.0,88.0,5,1607289138
2020-12-06 22:18:20+00:00,55.44957,8.471175,0.0,111.0,357.0,5,1607293100
2020-12-06 23:00:21+00:00,55.44957,8.47117,0.0,111.0,244.0,5,1607295621
2020-12-07 00:03:25+00:00,55.44956,8.471165,0.0,111.0,220.0,5,1607299405
2020-12-07 01:06:26+00:00,55.44956,8.471164,0.0,111.0,39.0,5,1607303186
2020-12-07 02:09:29+00:00,55.44957,8.471185,0.0,111.0,355.0,5,1607306969
2020-12-07 03:12:29+00:00,55.44957,8.471178,0.0,111.0,355.0,5,1607310749
2020-12-07 04:15:32+00:00,55.44958,8.471157,0.0,112.0,36.0,5,1607314532
2020-12-07 05:18:34+00:00,55.44956,8.47115,0.0,111.0,301.0,5,1607318314
2020-12-07 06:03:36+00:00,55.44958,8.471091,0.0,111.0,91.0,5,1607321016
2020-12-07 07:06:37+00:00,55.44955,8.471182,0.0,111.0,216.0,5,1607324797
2020-12-07 08:09:40+00:00,55.44958,8.471173,0.0,111.0,261.0,5,1607328580
2020-12-07 09:12:41+00:00,55.44951,8.471169,0.0,111.0,223.0,5,1607332361
2020-12-07 10:15:43+00:00,55.44956,8.471231,0.0,111.0,161.0,5,1607336143
2020-12-07 11:18:45+00:00,55.44961,8.471015,0.0,111.0,192.0,5,1607339925
2020-12-07 12:00:46+00:00,55.44956,8.471158,0.0,111.0,37.0,5,1607342446
2020-12-07 13:03:47+00:00,55.44958,8.471175,0.0,111.0,59.0,5,1607346227
2020-12-07 14:06:49+00:00,55.44956,8.471197,0.0,111.0,11.0,5,1607350009
2020-12-07 15:09:51+00:00,55.44957,8.471162,0.0,111.0,6.0,5,1607353791
2020-12-07 16:12:54+00:00,55.44954,8.471202,0.0,112.0,42.0,5,1607357574
2020-12-07 17:15:55+00:00,55.44958,8.471202,0.0,111.0,302.0,5,1607361355
2020-12-07 18:18:58+00:00,55.44956,8.471164,0.0,111.0,252.0,5,1607365138
2020-12-07 19:00:59+00:00,55.44954,8.471197,0.0,111.0,39.0,5,1607367659
2020-12-07 20:04:00+00:00,55.44958,8.47117,0.0,111.0,93.0,5,1607371440
2020-12-07 21:07:04+00:00,55.44957,8.471157,0.0,111.0,261.0,5,1607375224
2020-12-07 22:10:04+00:00,55.44954,8.471263,0.0,111.0,18.0,5,1607379004
2020-12-07 23:13:09+00:00,55.44961,8.47111,0.0,112.0,271.0,5,1607382789
2020-12-08 00:16:09+00:00,55.44957,8.471125,0.0,111.0,108.0,5,1607386569
2020-12-08 01:19:12+00:00,55.44951,8.47122,0.0,111.0,191.0,5,1607390352
2020-12-08 02:01:13+00:00,55.44958,8.471253,0.0,111.0,114.0,5,1607392873
2020-12-08 03:04:14+00:00,55.44956,8.471216,0.0,111.0,26.0,5,1607396654
2020-12-08 04:07:17+00:00,55.44957,8.471189,0.0,111.0,43.0,5,1607400437
2020-12-08 05:10:17+00:00,55.44955,8.471162,0.0,111.0,315.0,5,1607404217
2020-12-08 06:13:20+00:00,55.44955,8.471157,0.0,112.0,243.0,5,1607408000
2020-12-08 07:16:22+00:00,55.44957,8.47117,0.0,111.0,224.0,5,1607411782
2020-12-08 08:19:24+00:00,55.44954,8.4712,0.0,111.0,239.0,5,1607415564
2020-12-08 09:01:26+00:00,55.44954,8.471223,0.0,111.0,133.0,5,1607418086
2020-12-08 10:04:28+00:00,55.44955,8.471233,0.0,111.0,165.0,5,1607421868
2020-12-08 11:07:30+00:00,55.44955,8.471177,0.0,111.0,35.0,5,1607425650
2020-12-08 12:10:32+00:00,55.44956,8.471157,0.0,111.0,213.0,5,1607429432
2020-12-08 13:13:33+00:00,55.44955,8.47118,0.0,111.0,264.0,5,1607433213
2020-12-08 14:16:36+00:00,55.4496,8.471227,0.0,111.0,220.0,5,1607436996
2020-12-08 15:19:37+00:00,55.44956,8.471215,0.0,111.0,175.0,5,1607440777
2020-12-08 16:01:38+00:00,55.44955,8.47119,0.0,111.0,241.0,5,1607443298
2020-12-08 17:04:41+00:00,55.44958,8.471144,0.0,111.0,261.0,5,1607447081
2020-12-08 18:07:42+00:00,55.44956,8.471187,0.0,111.0,319.0,5,1607450862
2020-12-08 19:10:46+00:00,55.44951,8.47129,0.0,111.0,58.0,5,1607454646
2020-12-08 20:13:47+00:00,55.44959,8.471225,0.0,111.0,100.0,5,1607458427
2020-12-08 21:16:50+00:00,55.44957,8.47115,0.0,111.0,278.0,5,1607462210
2020-12-08 22:19:51+00:00,55.44955,8.471173,0.0,111.0,45.0,5,1607465991
2020-12-08 23:01:52+00:00,55.44959,8.471151,0.0,111.0,62.0,5,1607468512
2020-12-09 00:04:55+00:00,55.44957,8.471164,0.0,111.0,70.0,5,1607472295
2020-12-09 01:07:56+00:00,55.44949,8.471249,0.0,111.0,56.0,5,1607476076
2020-12-09 02:10:59+00:00,55.44958,8.471204,0.0,111.0,143.0,5,1607479859
2020-12-09 03:14:01+00:00,55.44957,8.471173,0.0,111.0,84.0,5,1607483641
2020-12-09 04:17:03+00:00,55.44957,8.471213,0.0,111.0,254.0,5,1607487423
2020-12-09 05:20:05+00:00,55.44957,8.471078,0.0,111.0,338.0,5,1607491205
2020-12-09 06:02:06+00:00,55.44955,8.47115,0.0,111.0,218.0,5,1607493726
2020-12-09 07:05:08+00:00,55.44955,8.471182,0.0,111.0,233.0,5,1607497508
2020-12-09 08:08:11+00:00,55.44958,8.471171,0.0,111.0,61.0,5,1607501291
2020-12-09 09:11:14+00:00,55.44955,8.47119,0.0,111.0,183.0,5,1607505074
2020-12-09 10:14:15+00:00,55.44957,8.471193,0.0,111.0,149.0,5,1607508855
2020-12-09 11:17:19+00:00,55.44958,8.471195,0.0,111.0,346.0,5,1607512639
2020-12-09 12:20:20+00:00,55.44955,8.471191,0.0,111.0,41.0,5,1607516420
2020-12-09 13:02:21+00:00,55.44957,8.471157,0.0,112.0,42.0,5,1607518941
2020-12-09 14:05:24+00:00,55.44954,8.471213,0.0,111.0,342.0,5,1607522724
2020-12-09 15:08:25+00:00,55.44955,8.471191,0.0,111.0,195.0,5,1607526505
2020-12-09 16:11:29+00:00,55.44951,8.47123,0.0,111.0,227.0,5,1607530289
2020-12-09 17:14:30+00:00,55.44959,8.471169,0.0,111.0,115.0,5,1607534070
2020-12-09 18:17:33+00:00,55.44955,8.47117,0.0,111.0,213.0,5,1607537853
2020-12-09 19:20:34+00:00,55.44956,8.471164,0.0,111.0,74.0,5,1607541634
2020-12-09 20:02:35+00:00,55.44958,8.471197,0.0,111.0,109.0,5,1607544155
2020-12-09 21:05:38+00:00,55.44957,8.471142,0.0,111.0,77.0,5,1607547938
2020-12-09 22:08:40+00:00,55.44955,8.471213,0.0,112.0,61.0,5,1607551720
2020-12-09 23:11:41+00:00,55.44961,8.47114,0.0,111.0,84.0,5,1607555501
2020-12-10 00:14:44+00:00,55.44957,8.471131,0.0,111.0,100.0,5,1607559284
2020-12-10 01:17:45+00:00,55.44954,8.471098,0.0,111.0,224.0,5,1607563065
2020-12-10 02:20:48+00:00,55.44958,8.471193,0.0,111.0,71.0,5,1607566848
2020-12-10 03:02:50+00:00,55.44955,8.471202,0.0,111.0,250.0,5,1607569370
2020-12-10 04:05:49+00:00,55.44956,8.471191,0.0,111.0,18.0,5,1607573149
2020-12-10 05:14:54+00:00,55.44957,8.471127,0.0,111.0,142.0,5,1607577294
2020-12-10 06:17:52+00:00,55.44955,8.471135,0.0,111.0,38.0,5,1607581072
2020-12-10 07:02:57+00:00,55.44954,8.471204,0.0,111.0,43.0,5,1607583777
2020-12-10 08:15:00+00:00,55.44955,8.471195,0.0,111.0,234.0,5,1607588100
2020-12-10 09:03:01+00:00,55.44955,8.471204,0.0,111.0,78.0,5,1607590981
2020-12-10 10:09:03+00:00,55.44956,8.471205,0.0,111.0,20.0,5,1607594943
2020-12-10 11:12:02+00:00,55.44958,8.47122,0.0,111.0,218.0,5,1607598722
2020-12-10 12:21:08+00:00,55.44955,8.471169,0.0,111.0,218.0,5,1607602868
2020-12-10 13:03:09+00:00,55.44956,8.471162,0.0,111.0,245.0,5,1607605389
2020-12-10 14:15:11+00:00,55.44955,8.471187,0.0,111.0,185.0,5,1607609711
2020-12-10 15:03:15+00:00,55.44956,8.471169,0.0,111.0,179.0,5,1607612595
2020-12-10 16:12:11+00:00,55.44954,8.471195,0.0,111.0,210.0,5,1607616731
2020-12-10 17:21:17+00:00,55.44958,8.471202,0.0,112.0,304.0,5,1607620877
2020-12-10 18:09:19+00:00,55.44956,8.471162,0.0,111.0,236.0,5,1607623759
2020-12-10 19:21:22+00:00,55.44956,8.471155,0.0,111.0,81.0,5,1607628082
2020-12-10 20:09:23+00:00,55.4496,8.471198,0.0,112.0,129.0,5,1607630963
2020-12-10 21:21:26+00:00,55.44954,8.471167,0.0,111.0,93.0,5,1607635286
2020-12-10 22:09:28+00:00,55.44956,8.471151,0.0,111.0,66.0,5,1607638168
2020-12-10 23:18:24+00:00,55.44958,8.471195,0.0,111.0,85.0,5,1607642304
2020-12-11 00:03:32+00:00,55.44957,8.471128,0.0,111.0,253.0,5,1607645012
2020-12-11 01:15:34+00:00,55.44953,8.471104,0.0,112.0,239.0,5,1607649334
2020-12-11 02:03:36+00:00,55.44958,8.471195,0.0,111.0,338.0,5,1607652216
2020-12-11 03:06:30+00:00,55.44957,8.471167,0.0,112.0,126.0,5,1607655990
2020-12-11 04:15:39+00:00,55.44958,8.471151,0.0,111.0,170.0,5,1607660139
2020-12-11 05:03:40+00:00,55.44956,8.471151,0.0,111.0,331.0,5,1607663020
2020-12-11 06:15:43+00:00,55.44954,8.471167,0.0,112.0,198.0,5,1607667343
2020-12-11 07:03:44+00:00,55.44959,8.471131,0.0,112.0,266.0,5,1607670224
2020-12-11 08:15:46+00:00,55.44958,8.471142,0.0,111.0,256.0,5,1607674546
2020-12-11 09:03:48+00:00,55.44955,8.471173,0.0,112.0,312.0,5,1607677428
2020-12-11 10:15:50+00:00,55.44957,8.471177,0.0,111.0,7.0,5,1607681750
2020-12-11 11:03:52+00:00,55.44957,8.47122,0.0,112.0,242.0,5,1607684632
2020-12-11 12:15:55+00:00,55.44956,8.471169,0.0,111.0,90.0,5,1607688955
2020-12-11 13:03:57+00:00,55.44955,8.47118,0.0,111.0,56.0,5,1607691837
2020-12-11 14:15:59+00:00,55.44956,8.471187,0.0,111.0,312.0,5,1607696159
2020-12-11 15:04:01+00:00,55.44956,8.47117,0.0,111.0,171.0,5,1607699041
2020-12-11 16:16:03+00:00,55.44953,8.471182,0.0,111.0,252.0,5,1607703363
2020-12-11 17:04:04+00:00,55.44957,8.471245,0.0,111.0,341.0,5,1607706244
2020-12-11 18:16:07+00:00,55.44955,8.471178,0.0,111.0,114.0,5,1607710567
2020-12-11 19:04:08+00:00,55.44956,8.471177,0.0,111.0,64.0,5,1607713448
2020-12-11 20:16:11+00:00,55.44963,8.471142,0.0,112.0,94.0,5,1607717771
2020-12-11 21:04:13+00:00,55.4496,8.471115,0.0,111.0,84.0,5,1607720653
2020-12-11 22:16:15+00:00,55.44955,8.471205,0.0,112.0,91.0,5,1607724975
2020-12-11 23:04:17+00:00,55.44958,8.47124,0.0,111.0,269.0,5,1607727857
2020-12-12 00:16:19+00:00,55.44958,8.471164,0.0,111.0,91.0,5,1607732179
2020-12-12 01:04:21+00:00,55.4495,8.471153,0.0,111.0,229.0,5,1607735061
2020-12-12 02:16:22+00:00,55.4496,8.470925,0.0,111.0,229.0,5,1607739382
2020-12-12 03:04:24+00:00,55.44957,8.471142,0.0,111.0,296.0,5,1607742264
2020-12-12 04:16:26+00:00,55.44957,8.471189,0.0,111.0,178.0,5,1607746586
2020-12-12 05:04:28+00:00,55.44956,8.471155,0.0,111.0,333.0,5,1607749468
2020-12-12 06:16:31+00:00,55.44954,8.471169,0.0,111.0,207.0,5,1607753791
2020-12-12 07:04:32+00:00,55.44957,8.471157,0.0,111.0,63.0,5,1607756672
2020-12-12 08:16:34+00:00,55.44957,8.471145,0.0,111.0,242.0,5,1607760994
2020-12-12 09:04:36+00:00,55.44955,8.47117,0.0,111.0,132.0,5,1607763876
2020-12-12 10:16:37+00:00,55.44957,8.47115,0.0,111.0,97.0,5,1607768197
2020-12-12 11:04:38+00:00,55.4496,8.471229,0.0,111.0,86.0,5,1607771078
2020-12-12 12:16:41+00:00,55.44957,8.47117,0.0,111.0,76.0,5,1607775401
2020-12-12 13:04:42+00:00,55.44956,8.471158,0.0,111.0,67.0,5,1607778282
2020-12-12 14:16:44+00:00,55.44955,8.471189,0.0,111.0,254.0,5,1607782604
2020-12-12 15:04:45+00:00,55.44955,8.47122,0.0,111.0,309.0,5,1607785485
2020-12-12 16:16:48+00:00,55.44953,8.471177,0.0,111.0,276.0,5,1607789808
2020-12-12 17:04:50+00:00,55.44957,8.471273,0.0,111.0,313.0,5,1607792690
2020-12-12 18:16:52+00:00,55.44955,8.471202,0.0,111.0,280.0,5,1607797012
2020-12-12 19:04:53+00:00,55.44957,8.471175,0.0,111.0,206.0,5,1607799893
2020-12-12 20:16:55+00:00,55.44959,8.471115,0.0,112.0,277.0,5,1607804215
2020-12-12 21:04:57+00:00,55.44957,8.471158,0.0,111.0,225.0,5,1607807097
2020-12-12 22:16:59+00:00,55.44955,8.471173,0.0,112.0,102.0,5,1607811419
2020-12-12 23:05:01+00:00,55.44959,8.471131,0.0,111.0,74.0,5,1607814301
2020-12-13 00:17:04+00:00,55.44957,8.471164,0.0,111.0,56.0,5,1607818624
2020-12-13 01:23:07+00:00,55.44954,8.471184,0.0,112.0,264.0,5,1607822587
2020-12-13 02:11:08+00:00,55.44958,8.471108,0.0,111.0,60.0,5,1607825468
2020-12-13 03:23:10+00:00,55.44957,8.471153,0.0,111.0,40.0,5,1607829790
2020-12-13 04:11:11+00:00,55.44957,8.471173,0.0,111.0,108.0,5,1607832671
2020-12-13 05:23:14+00:00,55.44957,8.471165,0.0,111.0,340.0,5,1607836994
2020-12-13 06:11:16+00:00,55.44955,8.471171,0.0,111.0,284.0,5,1607839876
2020-12-13 07:23:18+00:00,55.44957,8.471165,0.0,111.0,231.0,5,1607844198
2020-12-13 08:11:20+00:00,55.44957,8.47115,0.0,111.0,198.0,5,1607847080
2020-12-13 09:23:22+00:00,55.4495,8.471334,0.0,111.0,73.0,5,1607851402
2020-12-13 10:11:23+00:00,55.44956,8.471198,0.0,111.0,117.0,5,1607854283
2020-12-13 11:23:25+00:00,55.44957,8.471173,0.0,111.0,178.0,5,1607858605
2020-12-13 12:11:27+00:00,55.44957,8.471173,0.0,111.0,201.0,5,1607861487
2020-12-13 13:23:29+00:00,55.44955,8.471169,0.0,111.0,233.0,5,1607865809
2020-12-13 14:11:31+00:00,55.44956,8.471177,0.0,111.0,238.0,5,1607868691
2020-12-13 15:23:33+00:00,55.44955,8.471191,0.0,111.0,48.0,5,1607873013
2020-12-13 16:11:34+00:00,55.44954,8.471158,0.0,111.0,74.0,5,1607875894
2020-12-13 17:23:37+00:00,55.44955,8.47126,0.0,111.0,46.0,5,1607880217
2020-12-13 18:11:38+00:00,55.44958,8.471198,0.0,111.0,93.0,5,1607883098
2020-12-13 19:23:40+00:00,55.44958,8.471151,0.0,111.0,82.0,5,1607887420
2020-12-13 20:11:42+00:00,55.44958,8.471223,0.0,111.0,97.0,5,1607890302
2020-12-13 21:23:44+00:00,55.44953,8.471207,0.0,112.0,327.0,5,1607894624
2020-12-13 22:11:46+00:00,55.44955,8.471165,0.0,112.0,22.0,5,1607897506
2020-12-13 23:23:48+00:00,55.44958,8.47116,0.0,112.0,269.0,5,1607901828
2020-12-14 00:11:50+00:00,55.44957,8.471137,0.0,111.0,88.0,5,1607904710
2020-12-14 01:17:51+00:00,55.44953,8.471175,0.0,111.0,92.0,5,1607908671
2020-12-14 02:05:53+00:00,55.44957,8.471144,0.0,111.0,74.0,5,1607911553
2020-12-14 03:17:56+00:00,55.44957,8.471148,0.0,112.0,201.0,5,1607915876
2020-12-14 04:05:58+00:00,55.44957,8.471171,0.0,112.0,75.0,5,1607918758
2020-12-14 05:18:00+00:00,55.44958,8.471157,0.0,112.0,145.0,5,1607923080
2020-12-14 06:06:01+00:00,55.44956,8.471145,0.0,112.0,221.0,5,1607925961
2020-12-14 07:18:02+00:00,55.44956,8.471164,0.0,111.0,330.0,5,1607930282
2020-12-14 08:06:03+00:00,55.44957,8.471137,0.0,111.0,196.0,5,1607933163
2020-12-14 09:15:20+00:00,55.44966,8.4713,0.0,112.0,61.0,5,1607937320
2020-12-14 10:00:06+00:00,55.44956,8.471233,0.0,112.0,45.0,5,1607940006
2020-12-14 11:12:09+00:00,55.44957,8.47117,0.0,112.0,353.0,5,1607944329
2020-12-14 12:00:11+00:00,55.44957,8.471177,0.0,111.0,103.0,5,1607947211
2020-12-14 13:12:13+00:00,55.44958,8.47117,0.0,111.0,68.0,5,1607951533
2020-12-14 14:00:14+00:00,55.44955,8.471211,0.0,112.0,275.0,5,1607954414
2020-12-14 15:12:16+00:00,55.44957,8.471184,0.0,112.0,100.0,5,1607958736
2020-12-14 16:00:17+00:00,55.44953,8.47117,0.0,112.0,34.0,5,1607961617
2020-12-14 17:12:20+00:00,55.44958,8.471184,0.0,112.0,129.0,5,1607965940
2020-12-14 18:18:22+00:00,55.44955,8.471198,0.0,111.0,274.0,5,1607969902
2020-12-14 19:06:23+00:00,55.44956,8.471155,0.0,112.0,245.0,5,1607972783
2020-12-14 20:18:26+00:00,55.44956,8.471195,0.0,111.0,78.0,5,1607977106
2020-12-14 21:06:27+00:00,55.44954,8.471175,0.0,112.0,94.0,5,1607979987
2020-12-14 22:18:29+00:00,55.44958,8.471158,0.0,111.0,48.0,5,1607984309
2020-12-14 23:06:31+00:00,55.44958,8.471195,0.0,112.0,265.0,5,1607987191
2020-12-15 00:18:33+00:00,55.44957,8.471153,0.0,111.0,301.0,5,1607991513
2020-12-15 01:06:35+00:00,55.44951,8.47117,0.0,111.0,220.0,5,1607994395
2020-12-15 02:18:38+00:00,55.44952,8.471255,0.0,111.0,65.0,5,1607998718
2020-12-15 03:06:40+00:00,55.44956,8.471169,0.0,111.0,255.0,5,1608001600
2020-12-15 04:18:42+00:00,55.44957,8.471095,0.0,111.0,221.0,5,1608005922
2020-12-15 05:06:43+00:00,55.44955,8.471165,0.0,111.0,306.0,5,1608008803
2020-12-15 06:18:45+00:00,55.44955,8.471178,0.0,112.0,234.0,5,1608013125
2020-12-15 07:06:46+00:00,55.44956,8.471155,0.0,111.0,213.0,5,1608016006
2020-12-15 08:18:49+00:00,55.44956,8.471195,0.0,112.0,288.0,5,1608020329
2020-12-15 09:06:50+00:00,55.44953,8.471262,0.0,111.0,62.0,5,1608023210
2020-12-15 10:18:53+00:00,55.44957,8.471169,0.0,111.0,143.0,5,1608027533
2020-12-15 11:06:54+00:00,55.44958,8.471175,0.0,111.0,293.0,5,1608030414
2020-12-15 12:18:56+00:00,55.44958,8.471189,0.0,111.0,102.0,5,1608034736
2020-12-15 13:06:57+00:00,55.44957,8.471158,0.0,111.0,84.0,5,1608037617
2020-12-15 14:18:59+00:00,55.44952,8.47129,0.0,111.0,219.0,5,1608041939
2020-12-15 15:07:01+00:00,55.44955,8.471193,0.0,111.0,307.0,5,1608044821
2020-12-15 16:19:04+00:00,55.44955,8.471138,0.0,111.0,270.0,5,1608049144
2020-12-15 17:07:06+00:00,55.44957,8.471169,0.0,111.0,324.0,5,1608052026
2020-12-15 18:22:00+00:00,55.44956,8.47115,0.0,111.0,224.0,5,1608056520
2020-12-15 19:07:10+00:00,55.44955,8.471157,0.0,111.0,34.0,5,1608059230
2020-12-15 20:19:13+00:00,55.44958,8.471205,0.0,111.0,95.0,5,1608063553
2020-12-15 21:07:14+00:00,55.44955,8.471247,0.0,111.0,93.0,5,1608066434
2020-12-15 22:19:16+00:00,55.44957,8.471182,0.0,111.0,38.0,5,1608070756
2020-12-15 23:07:18+00:00,55.44958,8.471128,0.0,111.0,242.0,5,1608073638
2020-12-16 00:19:21+00:00,55.44955,8.471177,0.0,111.0,38.0,5,1608077961
2020-12-16 01:07:22+00:00,55.44951,8.471187,0.0,112.0,251.0,5,1608080842
2020-12-16 02:19:24+00:00,55.44955,8.471165,0.0,111.0,309.0,5,1608085164
2020-12-16 03:07:25+00:00,55.44957,8.471155,0.0,111.0,179.0,5,1608088045
2020-12-16 04:19:27+00:00,55.44958,8.47113,0.0,111.0,196.0,5,1608092367
2020-12-16 05:07:29+00:00,55.44957,8.471147,0.0,111.0,170.0,5,1608095249
2020-12-16 06:19:31+00:00,55.44953,8.471222,0.0,111.0,230.0,5,1608099571
2020-12-16 07:07:32+00:00,55.44951,8.471193,0.0,112.0,260.0,5,1608102452
2020-12-16 08:19:35+00:00,55.44956,8.471197,0.0,111.0,288.0,5,1608106775
2020-12-16 09:07:36+00:00,55.44957,8.471187,0.0,111.0,87.0,5,1608109656
2020-12-16 10:19:38+00:00,55.44956,8.471204,0.0,111.0,88.0,5,1608113978
2020-12-16 11:07:39+00:00,55.44958,8.471138,0.0,111.0,192.0,5,1608116859
2020-12-16 12:19:41+00:00,55.44959,8.471165,0.0,112.0,248.0,5,1608121181
2020-12-16 13:07:43+00:00,55.44956,8.471169,0.0,111.0,267.0,5,1608124063
2020-12-16 14:19:46+00:00,55.44953,8.471222,0.0,111.0,213.0,5,1608128386
2020-12-16 15:07:47+00:00,55.44957,8.471177,0.0,111.0,136.0,5,1608131267
2020-12-16 16:19:50+00:00,55.45001,8.471202,0.0,111.0,287.0,5,1608135590
2020-12-16 17:07:52+00:00,55.44957,8.47123,0.0,111.0,309.0,5,1608138472
2020-12-16 18:19:54+00:00,55.44955,8.471175,0.0,111.0,222.0,5,1608142794
2020-12-16 19:07:55+00:00,55.44957,8.47115,0.0,111.0,67.0,5,1608145675
2020-12-16 20:19:57+00:00,55.44955,8.471169,0.0,111.0,87.0,5,1608149997
2020-12-16 21:07:59+00:00,55.44951,8.47127,0.0,111.0,209.0,5,1608152879
2020-12-16 22:20:01+00:00,55.44957,8.471185,0.0,111.0,60.0,5,1608157201
2020-12-16 23:08:03+00:00,55.44958,8.47119,0.0,111.0,92.0,5,1608160083
2020-12-17 00:20:05+00:00,55.44955,8.47119,0.0,111.0,63.0,5,1608164405
2020-12-17 01:08:06+00:00,55.44958,8.471184,0.0,111.0,98.0,5,1608167286
2020-12-17 02:20:09+00:00,55.44956,8.471167,0.0,111.0,247.0,5,1608171609
2020-12-17 03:08:11+00:00,55.44955,8.47124,0.0,111.0,165.0,5,1608174491
2020-12-17 04:20:12+00:00,55.44957,8.471105,0.0,111.0,270.0,5,1608178812
2020-12-17 05:08:13+00:00,55.44955,8.471178,0.0,111.0,171.0,5,1608181693
2020-12-17 06:20:16+00:00,55.44956,8.471182,0.0,111.0,244.0,5,1608186016
2020-12-17 07:08:18+00:00,55.44957,8.471162,0.0,111.0,248.0,5,1608188898
2020-12-17 08:20:20+00:00,55.44951,8.471233,0.0,111.0,121.0,5,1608193220
2020-12-17 09:08:21+00:00,55.44952,8.471289,0.0,111.0,91.0,5,1608196101
2020-12-17 10:20:23+00:00,55.44958,8.471127,0.0,111.0,312.0,5,1608200423
2020-12-17 11:08:25+00:00,55.44956,8.471177,0.0,111.0,137.0,5,1608203305
2020-12-17 12:20:27+00:00,55.44959,8.471171,0.0,111.0,252.0,5,1608207627
2020-12-17 13:08:29+00:00,55.44958,8.471164,0.0,112.0,279.0,5,1608210509
2020-12-17 14:20:31+00:00,55.44954,8.47123,0.0,111.0,215.0,5,1608214831
2020-12-17 15:08:33+00:00,55.44955,8.471182,0.0,111.0,262.0,5,1608217713
2020-12-17 16:23:28+00:00,55.44957,8.471158,0.0,111.0,60.0,5,1608222208
2020-12-17 17:08:36+00:00,55.44955,8.471233,0.0,111.0,356.0,5,1608224916
2020-12-17 18:20:39+00:00,55.44952,8.471213,0.0,111.0,302.0,5,1608229239
2020-12-17 19:08:40+00:00,55.44957,8.471145,0.0,111.0,294.0,5,1608232120
2020-12-17 20:20:42+00:00,55.44955,8.471151,0.0,111.0,237.0,5,1608236442
2020-12-17 21:08:45+00:00,55.4495,8.471332,0.0,111.0,246.0,5,1608239325
2020-12-17 22:20:47+00:00,55.44956,8.471157,0.0,111.0,72.0,5,1608243647
2020-12-17 23:08:49+00:00,55.44956,8.471251,0.0,111.0,289.0,5,1608246529
2020-12-18 00:20:51+00:00,55.44952,8.471184,0.0,111.0,249.0,5,1608250851
2020-12-18 01:08:53+00:00,55.44957,8.471167,0.0,111.0,246.0,5,1608253733
2020-12-18 02:20:55+00:00,55.44954,8.471262,0.0,111.0,56.0,5,1608258055
2020-12-18 03:08:56+00:00,55.44955,8.471197,0.0,111.0,25.0,5,1608260936
2020-12-18 04:20:59+00:00,55.44955,8.471155,0.0,111.0,292.0,5,1608265259
2020-12-18 05:09:01+00:00,55.44956,8.471197,0.0,111.0,56.0,5,1608268141
2020-12-18 06:21:03+00:00,55.44957,8.471191,0.0,111.0,197.0,5,1608272463
2020-12-18 07:09:04+00:00,55.44956,8.471177,0.0,111.0,260.0,5,1608275344
2020-12-18 08:21:07+00:00,55.44954,8.47122,0.0,111.0,120.0,5,1608279667
2020-12-18 09:09:09+00:00,55.44952,8.471269,0.0,112.0,116.0,5,1608282549
2020-12-18 10:21:11+00:00,55.4496,8.47121,0.0,111.0,251.0,5,1608286871
2020-12-18 11:09:13+00:00,55.44956,8.471182,0.0,111.0,337.0,5,1608289753
2020-12-18 12:21:15+00:00,55.44957,8.471202,0.0,112.0,94.0,5,1608294075
2020-12-18 13:09:16+00:00,55.44956,8.471167,0.0,111.0,100.0,5,1608296956
2020-12-18 14:21:20+00:00,55.44955,8.471198,0.0,111.0,347.0,5,1608301280
2020-12-18 15:09:21+00:00,55.44957,8.471182,0.0,111.0,91.0,5,1608304161
2020-12-18 16:21:23+00:00,55.44958,8.471165,0.0,111.0,134.0,5,1608308483
2020-12-18 17:09:25+00:00,55.44957,8.471202,0.0,111.0,2.0,5,1608311365
2020-12-18 18:21:28+00:00,55.44959,8.471127,0.0,112.0,139.0,5,1608315688
2020-12-18 19:09:29+00:00,55.44957,8.471177,0.0,111.0,89.0,5,1608318569
2020-12-18 20:21:32+00:00,55.44957,8.47116,0.0,111.0,294.0,5,1608322892
2020-12-18 21:09:33+00:00,55.44956,8.471185,0.0,111.0,240.0,5,1608325773
2020-12-18 22:21:35+00:00,55.44958,8.471175,0.0,111.0,271.0,5,1608330095
2020-12-18 23:09:37+00:00,55.44956,8.471171,0.0,111.0,304.0,5,1608332977
2020-12-19 00:21:39+00:00,55.44956,8.471191,0.0,111.0,231.0,5,1608337299
2020-12-19 01:09:40+00:00,55.4496,8.471195,0.0,111.0,268.0,5,1608340180
2020-12-19 02:21:43+00:00,55.44956,8.47128,0.0,111.0,320.0,5,1608344503
2020-12-19 03:09:44+00:00,55.44951,8.471313,0.0,111.0,188.0,5,1608347384
2020-12-19 04:21:45+00:00,55.44958,8.47111,0.0,111.0,313.0,5,1608351705
2020-12-19 05:09:47+00:00,55.44957,8.471117,0.0,111.0,91.0,5,1608354587
2020-12-19 06:21:49+00:00,55.44955,8.471205,0.0,111.0,227.0,5,1608358909
2020-12-19 07:09:50+00:00,55.44964,8.471122,0.0,111.0,85.0,5,1608361790
2020-12-19 08:21:54+00:00,55.44955,8.471184,0.0,111.0,309.0,5,1608366114
2020-12-19 09:09:55+00:00,55.44954,8.471236,0.0,111.0,236.0,5,1608368995
2020-12-19 10:21:57+00:00,55.44958,8.47113,0.0,111.0,208.0,5,1608373317
2020-12-19 11:09:58+00:00,55.44957,8.471153,0.0,112.0,217.0,5,1608376198
2020-12-19 12:22:01+00:00,55.44962,8.471178,0.0,111.0,257.0,5,1608380521
2020-12-19 13:10:03+00:00,55.44959,8.471242,0.0,111.0,346.0,5,1608383403
2020-12-19 14:22:05+00:00,55.44957,8.47119,0.0,111.0,199.0,5,1608387725
2020-12-19 15:10:07+00:00,55.4495,8.471249,0.0,112.0,79.0,5,1608390607
2020-12-19 16:22:09+00:00,55.44962,8.471147,0.0,111.0,71.0,5,1608394929
2020-12-19 17:10:10+00:00,55.44956,8.471222,0.0,111.0,355.0,5,1608397810
2020-12-19 18:22:12+00:00,55.44955,8.471207,0.0,111.0,284.0,5,1608402132
2020-12-19 19:10:14+00:00,55.4496,8.471182,0.0,111.0,94.0,5,1608405014
2020-12-19 20:19:08+00:00,55.44957,8.471162,0.0,111.0,85.0,5,1608409148
2020-12-19 21:04:18+00:00,55.44955,8.47119,0.0,111.0,91.0,5,1608411858
2020-12-19 22:16:21+00:00,55.44957,8.47117,0.0,111.0,88.0,5,1608416181
2020-12-19 23:04:21+00:00,55.44957,8.47113,0.0,111.0,105.0,5,1608419061
2020-12-20 00:16:24+00:00,55.44955,8.471189,0.0,111.0,219.0,5,1608423384
2020-12-20 01:04:26+00:00,55.44956,8.471177,0.0,111.0,138.0,5,1608426266
2020-12-20 02:16:29+00:00,55.44953,8.471298,0.0,111.0,31.0,5,1608430589
2020-12-20 03:04:31+00:00,55.44954,8.471235,0.0,111.0,333.0,5,1608433471
2020-12-20 04:16:34+00:00,55.44954,8.471167,0.0,111.0,334.0,5,1608437794
2020-12-20 05:04:35+00:00,55.44954,8.471111,0.0,111.0,36.0,5,1608440675
2020-12-20 06:16:37+00:00,55.44957,8.471117,0.0,111.0,231.0,5,1608444997
2020-12-20 07:04:39+00:00,55.44959,8.471171,0.0,111.0,270.0,5,1608447879
2020-12-20 08:16:41+00:00,55.44956,8.471169,0.0,112.0,109.0,5,1608452201
2020-12-20 09:04:42+00:00,55.44955,8.471157,0.0,111.0,57.0,5,1608455082
2020-12-20 10:16:44+00:00,55.44957,8.471184,0.0,111.0,217.0,5,1608459404
2020-12-20 11:04:45+00:00,55.44958,8.471209,0.0,111.0,230.0,5,1608462285
2020-12-20 12:16:47+00:00,55.44959,8.471211,0.0,111.0,228.0,5,1608466607
2020-12-20 13:04:48+00:00,55.44954,8.471158,0.0,111.0,110.0,5,1608469488
2020-12-20 14:16:50+00:00,55.44956,8.471213,0.0,111.0,196.0,5,1608473810
2020-12-20 15:04:52+00:00,55.44951,8.47126,0.0,111.0,70.0,5,1608476692
2020-12-20 16:16:54+00:00,55.44961,8.471178,0.0,111.0,329.0,5,1608481014
2020-12-20 17:04:56+00:00,55.44957,8.471182,0.0,111.0,64.0,5,1608483896
2020-12-20 18:16:58+00:00,55.44953,8.471256,0.0,111.0,285.0,5,1608488218
2020-12-20 19:04:59+00:00,55.44957,8.471165,0.0,112.0,47.0,5,1608491099
2020-12-20 20:17:02+00:00,55.44957,8.471157,0.0,111.0,252.0,5,1608495422
2020-12-20 21:05:03+00:00,55.44952,8.471265,0.0,111.0,100.0,5,1608498303
2020-12-20 22:17:05+00:00,55.44957,8.471169,0.0,112.0,265.0,5,1608502625
2020-12-20 23:05:06+00:00,55.44958,8.471113,0.0,111.0,27.0,5,1608505506
2020-12-21 00:17:09+00:00,55.44955,8.471195,0.0,111.0,224.0,5,1608509829
2020-12-21 01:05:10+00:00,55.44957,8.471189,0.0,111.0,274.0,5,1608512710
2020-12-21 02:17:12+00:00,55.44957,8.471255,0.0,111.0,66.0,5,1608517032
2020-12-21 03:05:14+00:00,55.44956,8.471197,0.0,111.0,236.0,5,1608519914
2020-12-21 04:17:16+00:00,55.44956,8.471151,0.0,111.0,138.0,5,1608524236
2020-12-21 05:05:18+00:00,55.44958,8.471095,0.0,111.0,21.0,5,1608527118
2020-12-21 06:17:20+00:00,55.44957,8.471169,0.0,111.0,73.0,5,1608531440
2020-12-21 07:05:22+00:00,55.44966,8.471127,0.0,111.0,86.0,5,1608534322
2020-12-21 08:17:24+00:00,55.44956,8.471162,0.0,111.0,130.0,5,1608538644
2020-12-21 09:05:25+00:00,55.44954,8.4713,0.0,111.0,99.0,5,1608541525
2020-12-21 10:17:27+00:00,55.44959,8.471125,0.0,111.0,226.0,5,1608545847
2020-12-21 11:05:29+00:00,55.44957,8.471171,0.0,111.0,107.0,5,1608548729
2020-12-21 12:17:32+00:00,55.4496,8.47119,0.0,111.0,253.0,5,1608553052
2020-12-21 13:05:33+00:00,55.44958,8.471205,0.0,111.0,242.0,5,1608555933
2020-12-21 14:17:35+00:00,55.44953,8.471263,0.0,111.0,177.0,5,1608560255
2020-12-21 15:05:37+00:00,55.44955,8.471177,0.0,111.0,71.0,5,1608563137
2020-12-21 16:17:40+00:00,55.4496,8.471158,0.0,111.0,87.0,5,1608567460
2020-12-21 17:05:41+00:00,55.44957,8.471185,0.0,111.0,348.0,5,1608570341
2020-12-21 18:17:43+00:00,55.44953,8.471242,0.0,111.0,188.0,5,1608574663
2020-12-21 19:05:45+00:00,55.44963,8.471177,0.0,111.0,300.0,5,1608577545
2020-12-21 20:17:48+00:00,55.44957,8.471155,0.0,111.0,41.0,5,1608581868
2020-12-21 21:05:49+00:00,55.44954,8.471195,0.0,111.0,4.0,5,1608584749
2020-12-21 22:17:52+00:00,55.44961,8.471189,0.0,111.0,93.0,5,1608589072
2020-12-21 23:05:55+00:00,55.44957,8.471151,0.0,111.0,112.0,5,1608591955
2020-12-22 00:17:57+00:00,55.44951,8.471185,0.0,111.0,21.0,5,1608596277
2020-12-22 01:05:58+00:00,55.44957,8.471236,0.0,111.0,110.0,5,1608599158
2020-12-22 02:18:01+00:00,55.44963,8.471071,0.0,111.0,61.0,5,1608603481
2020-12-22 03:06:01+00:00,55.44958,8.47119,0.0,111.0,98.0,5,1608606361
2020-12-22 04:18:04+00:00,55.44957,8.471157,0.0,111.0,114.0,5,1608610684
2020-12-22 05:06:06+00:00,55.44955,8.471147,0.0,111.0,198.0,5,1608613566
2020-12-22 06:18:08+00:00,55.44959,8.471137,0.0,111.0,243.0,5,1608617888
2020-12-22 07:06:09+00:00,55.44959,8.471158,0.0,111.0,298.0,5,1608620769
2020-12-22 08:18:12+00:00,55.44955,8.471178,0.0,111.0,115.0,5,1608625092
2020-12-22 09:06:13+00:00,55.44957,8.471213,0.0,111.0,118.0,5,1608627973
2020-12-22 10:18:15+00:00,55.44952,8.471158,0.0,111.0,277.0,5,1608632295
2020-12-22 11:06:17+00:00,55.44956,8.471157,0.0,111.0,240.0,5,1608635177
2020-12-22 12:18:19+00:00,55.44955,8.471178,0.0,112.0,79.0,5,1608639499
2020-12-22 13:06:20+00:00,55.44953,8.471222,0.0,111.0,97.0,5,1608642380
2020-12-22 14:18:23+00:00,55.44956,8.47118,0.0,111.0,208.0,5,1608646703
2020-12-22 15:06:25+00:00,55.44953,8.471227,0.0,111.0,246.0,5,1608649585
2020-12-22 16:18:27+00:00,55.44957,8.471213,0.0,111.0,341.0,5,1608653907
2020-12-22 17:06:29+00:00,55.44957,8.471182,0.0,111.0,77.0,5,1608656789
2020-12-22 18:18:31+00:00,55.44957,8.471155,0.0,111.0,32.0,5,1608661111
2020-12-22 19:06:32+00:00,55.44964,8.471202,0.0,112.0,298.0,5,1608663992
2020-12-22 20:18:35+00:00,55.44958,8.471173,0.0,111.0,244.0,5,1608668315
2020-12-22 21:06:36+00:00,55.44954,8.47126,0.0,111.0,256.0,5,1608671196
2020-12-22 22:18:39+00:00,55.44958,8.471148,0.0,111.0,258.0,5,1608675519
2020-12-22 23:06:40+00:00,55.44956,8.471178,0.0,111.0,81.0,5,1608678400
2020-12-23 00:18:43+00:00,55.44949,8.471144,0.0,111.0,201.0,5,1608682723
2020-12-23 01:06:44+00:00,55.44955,8.47117,0.0,111.0,351.0,5,1608685604
2020-12-23 02:18:47+00:00,55.44957,8.471165,0.0,111.0,22.0,5,1608689927
2020-12-23 03:00:48+00:00,55.44953,8.471207,0.0,111.0,222.0,5,1608692448
2020-12-23 04:12:50+00:00,55.44955,8.471167,0.0,111.0,146.0,5,1608696770
2020-12-23 05:00:52+00:00,55.44954,8.471138,0.0,111.0,276.0,5,1608699652
2020-12-23 06:12:53+00:00,55.44953,8.471204,0.0,111.0,221.0,5,1608703973
2020-12-23 07:00:55+00:00,55.44958,8.471155,0.0,111.0,272.0,5,1608706855
2020-12-23 08:12:57+00:00,55.44955,8.471164,0.0,111.0,75.0,5,1608711177
2020-12-23 09:00:58+00:00,55.44955,8.471205,0.0,111.0,30.0,5,1608714058
2020-12-23 10:13:00+00:00,55.44953,8.471222,0.0,111.0,54.0,5,1608718380
2020-12-23 11:01:02+00:00,55.44955,8.47113,0.0,111.0,60.0,5,1608721262
2020-12-23 12:13:04+00:00,55.44954,8.471171,0.0,111.0,285.0,5,1608725584
2020-12-23 13:01:05+00:00,55.44958,8.47121,0.0,111.0,270.0,5,1608728465
2020-12-23 14:13:07+00:00,55.44957,8.471165,0.0,111.0,177.0,5,1608732787
2020-12-23 15:01:08+00:00,55.44955,8.47119,0.0,112.0,27.0,5,1608735668
2020-12-23 16:13:11+00:00,55.44958,8.471211,0.0,111.0,317.0,5,1608739991
2020-12-23 17:01:13+00:00,55.44957,8.471193,0.0,111.0,29.0,5,1608742873
2020-12-23 18:13:14+00:00,55.44957,8.471153,0.0,111.0,54.0,5,1608747194
2020-12-23 19:01:16+00:00,55.4496,8.471169,0.0,111.0,5.0,5,1608750076
2020-12-23 20:13:19+00:00,55.44957,8.471165,0.0,111.0,65.0,5,1608754399
2020-12-23 21:01:20+00:00,55.44953,8.471289,0.0,111.0,29.0,5,1608757280
2020-12-23 22:13:22+00:00,55.44957,8.471167,0.0,111.0,47.0,5,1608761602
2020-12-23 23:01:24+00:00,55.44954,8.471162,0.0,112.0,184.0,5,1608764484
2020-12-24 00:13:26+00:00,55.4495,8.47117,0.0,111.0,226.0,5,1608768806
2020-12-24 01:01:27+00:00,55.44956,8.471182,0.0,112.0,281.0,5,1608771687
2020-12-24 02:13:30+00:00,55.44956,8.471191,0.0,112.0,170.0,5,1608776010
2020-12-24 03:01:32+00:00,55.44955,8.47126,0.0,111.0,204.0,5,1608778892
2020-12-24 04:13:34+00:00,55.44967,8.470903,0.0,112.0,209.0,5,1608783214
2020-12-24 05:01:36+00:00,55.44957,8.471117,0.0,111.0,147.0,5,1608786096
2020-12-24 06:13:39+00:00,55.44957,8.47116,0.0,112.0,84.0,5,1608790419
2020-12-24 07:01:41+00:00,55.44955,8.471202,0.0,111.0,299.0,5,1608793301
2020-12-24 08:13:43+00:00,55.44956,8.471175,0.0,111.0,265.0,5,1608797623
2020-12-24 09:01:44+00:00,55.44955,8.471223,0.0,112.0,76.0,5,1608800504
2020-12-24 10:13:46+00:00,55.44957,8.471178,0.0,112.0,212.0,5,1608804826
2020-12-24 11:01:47+00:00,55.44957,8.471148,0.0,112.0,244.0,5,1608807707
2020-12-24 12:13:49+00:00,55.44956,8.471165,0.0,111.0,273.0,5,1608812029
2020-12-24 13:01:50+00:00,55.44958,8.471205,0.0,112.0,260.0,5,1608814910
2020-12-24 14:13:52+00:00,55.44957,8.471184,0.0,112.0,265.0,5,1608819232
2020-12-24 15:01:55+00:00,55.44955,8.47119,0.0,112.0,220.0,5,1608822115
2020-12-24 16:13:58+00:00,55.44957,8.471191,0.0,112.0,124.0,5,1608826438
2020-12-24 17:02:00+00:00,55.44956,8.471175,0.0,111.0,180.0,5,1608829320
2020-12-24 18:14:02+00:00,55.44956,8.471193,0.0,112.0,43.0,5,1608833642
2020-12-24 19:02:04+00:00,55.4496,8.471205,0.0,112.0,337.0,5,1608836524
2020-12-24 20:14:06+00:00,55.44958,8.471135,0.0,111.0,63.0,5,1608840846
2020-12-24 21:02:08+00:00,55.44955,8.471236,0.0,112.0,63.0,5,1608843728
2020-12-24 22:14:09+00:00,55.4496,8.471148,0.0,112.0,45.0,5,1608848049
2020-12-24 23:02:11+00:00,55.44956,8.471198,0.0,112.0,25.0,5,1608850931
2020-12-25 00:14:13+00:00,55.44952,8.471148,0.0,112.0,41.0,5,1608855253
2020-12-25 01:02:14+00:00,55.44959,8.471142,0.0,111.0,87.0,5,1608858134
2020-12-25 02:14:16+00:00,55.44957,8.471162,0.0,111.0,122.0,5,1608862456
2020-12-25 03:02:18+00:00,55.44957,8.47118,0.0,111.0,25.0,5,1608865338
2020-12-25 04:14:20+00:00,55.44972,8.470815,0.0,111.0,250.0,5,1608869660
2020-12-25 05:02:22+00:00,55.44958,8.47111,0.0,111.0,246.0,5,1608872542
2020-12-25 06:14:24+00:00,55.44958,8.471151,0.0,111.0,42.0,5,1608876864
2020-12-25 07:02:26+00:00,55.4496,8.471169,0.0,111.0,239.0,5,1608879746
2020-12-25 08:14:28+00:00,55.44957,8.47119,0.0,111.0,105.0,5,1608884068
2020-12-25 09:02:30+00:00,55.44949,8.471242,0.0,111.0,64.0,5,1608886950
2020-12-25 10:14:33+00:00,55.44953,8.47123,0.0,111.0,215.0,5,1608891273
2020-12-25 11:02:34+00:00,55.44957,8.471157,0.0,111.0,227.0,5,1608894154
2020-12-25 12:14:36+00:00,55.44955,8.471177,0.0,111.0,252.0,5,1608898476
2020-12-25 13:02:38+00:00,55.44963,8.471247,0.0,111.0,268.0,5,1608901358
2020-12-25 14:14:40+00:00,55.44957,8.471173,0.0,111.0,176.0,5,1608905680
2020-12-25 15:02:42+00:00,55.44954,8.4712,0.0,111.0,52.0,5,1608908562
2020-12-25 16:14:46+00:00,55.44958,8.471171,0.0,111.0,334.0,5,1608912886
2020-12-25 17:05:38+00:00,55.44956,8.471175,0.0,111.0,181.0,5,1608915938
2020-12-25 18:14:49+00:00,55.44955,8.471182,0.0,111.0,56.0,5,1608920089
2020-12-25 19:05:42+00:00,55.44958,8.471231,0.0,111.0,305.0,5,1608923142
2020-12-25 20:14:53+00:00,55.44954,8.471182,0.0,111.0,79.0,5,1608927293
2020-12-25 21:02:54+00:00,55.44957,8.471185,0.0,111.0,48.0,5,1608930174
2020-12-25 22:14:57+00:00,55.44958,8.471165,0.0,111.0,78.0,5,1608934497
2020-12-25 23:02:58+00:00,55.44957,8.471131,0.0,111.0,137.0,5,1608937378
2020-12-26 00:15:01+00:00,55.44955,8.471169,0.0,111.0,261.0,5,1608941701
2020-12-26 01:03:02+00:00,55.44961,8.471189,0.0,111.0,115.0,5,1608944582
2020-12-26 02:15:06+00:00,55.44958,8.47117,0.0,111.0,168.0,5,1608948906
2020-12-26 03:03:07+00:00,55.44958,8.47114,0.0,111.0,209.0,5,1608951787
2020-12-26 04:15:09+00:00,55.44958,8.471102,0.0,111.0,327.0,5,1608956109
2020-12-26 05:03:11+00:00,55.44954,8.471178,0.0,111.0,249.0,5,1608958991
2020-12-26 06:15:13+00:00,55.44956,8.471164,0.0,111.0,74.0,5,1608963313
2020-12-26 07:03:14+00:00,55.44957,8.47117,0.0,111.0,44.0,5,1608966194
2020-12-26 08:15:17+00:00,55.44956,8.47116,0.0,111.0,270.0,5,1608970517
2020-12-26 09:03:19+00:00,55.44957,8.471205,0.0,111.0,265.0,5,1608973399
2020-12-26 10:15:21+00:00,55.44957,8.471144,0.0,111.0,248.0,5,1608977721
2020-12-26 11:03:24+00:00,55.44956,8.471164,0.0,111.0,194.0,5,1608980604
2020-12-26 12:15:26+00:00,55.44957,8.47116,0.0,111.0,246.0,5,1608984926
2020-12-26 13:03:27+00:00,55.44954,8.471223,0.0,111.0,227.0,5,1608987807
2020-12-26 14:15:29+00:00,55.44957,8.471177,0.0,111.0,40.0,5,1608992129
2020-12-26 15:03:30+00:00,55.44953,8.47121,0.0,111.0,66.0,5,1608995010
2020-12-26 16:15:34+00:00,55.44957,8.471223,0.0,111.0,313.0,5,1608999334
2020-12-26 17:03:36+00:00,55.44956,8.471162,0.0,111.0,277.0,5,1609002216
2020-12-26 18:15:39+00:00,55.44956,8.471153,0.0,111.0,70.0,5,1609006539
2020-12-26 19:03:41+00:00,55.44956,8.471209,0.0,111.0,307.0,5,1609009421
2020-12-26 20:15:44+00:00,55.44955,8.471185,0.0,111.0,224.0,5,1609013744
2020-12-26 21:03:46+00:00,55.44956,8.47118,0.0,111.0,196.0,5,1609016626
2020-12-26 22:18:39+00:00,55.44959,8.471131,0.0,111.0,67.0,5,1609021119
2020-12-26 23:03:50+00:00,55.44958,8.471145,0.0,111.0,119.0,5,1609023830
2020-12-27 00:15:53+00:00,55.44955,8.471115,0.0,111.0,126.0,5,1609028153
2020-12-27 01:03:55+00:00,55.44959,8.471211,0.0,111.0,114.0,5,1609031035
2020-12-27 02:15:57+00:00,55.44958,8.471155,0.0,111.0,103.0,5,1609035357
2020-12-27 03:03:59+00:00,55.44957,8.471173,0.0,111.0,317.0,5,1609038239
2020-12-27 04:16:02+00:00,55.44956,8.471118,0.0,111.0,151.0,5,1609042562
2020-12-27 05:04:03+00:00,55.44956,8.471137,0.0,111.0,313.0,5,1609045443
2020-12-27 06:16:06+00:00,55.44956,8.471173,0.0,111.0,33.0,5,1609049766
2020-12-27 07:04:08+00:00,55.44955,8.471202,0.0,111.0,40.0,5,1609052648
2020-12-27 08:16:10+00:00,55.44957,8.471184,0.0,111.0,113.0,5,1609056970
2020-12-27 09:04:11+00:00,55.44956,8.471162,0.0,111.0,88.0,5,1609059851
2020-12-27 10:16:13+00:00,55.44958,8.471182,0.0,111.0,112.0,5,1609064173
2020-12-27 11:04:14+00:00,55.44957,8.471158,0.0,111.0,306.0,5,1609067054
2020-12-27 12:16:16+00:00,55.44957,8.471177,0.0,112.0,263.0,5,1609071376
2020-12-27 13:04:18+00:00,55.44956,8.471157,0.0,111.0,225.0,5,1609074258
2020-12-27 14:16:21+00:00,55.44957,8.47118,0.0,111.0,223.0,5,1609078581
2020-12-27 15:04:22+00:00,55.44953,8.471202,0.0,112.0,261.0,5,1609081462
2020-12-27 16:16:24+00:00,55.44958,8.471191,0.0,111.0,315.0,5,1609085784
2020-12-27 17:04:26+00:00,55.44955,8.471164,0.0,112.0,67.0,5,1609088666
2020-12-27 18:16:28+00:00,55.44955,8.471155,0.0,112.0,5.0,5,1609092988
2020-12-27 19:04:30+00:00,55.44955,8.471165,0.0,112.0,318.0,5,1609095870
2020-12-27 20:16:33+00:00,55.44955,8.471164,0.0,111.0,270.0,5,1609100193
2020-12-27 21:04:35+00:00,55.44956,8.471164,0.0,111.0,357.0,5,1609103075
2020-12-27 22:16:37+00:00,55.44958,8.471105,0.0,111.0,256.0,5,1609107397
2020-12-27 23:04:38+00:00,55.44955,8.471175,0.0,111.0,108.0,5,1609110278
2020-12-28 00:16:40+00:00,55.4495,8.471215,0.0,111.0,61.0,5,1609114600
2020-12-28 01:04:42+00:00,55.44957,8.471182,0.0,111.0,92.0,5,1609117482
2020-12-28 02:16:44+00:00,55.44957,8.471175,0.0,111.0,149.0,5,1609121804
2020-12-28 03:04:45+00:00,55.44957,8.471153,0.0,111.0,2.0,5,1609124685
2020-12-28 04:16:47+00:00,55.44958,8.471124,0.0,111.0,120.0,5,1609129007
2020-12-28 05:04:48+00:00,55.44957,8.471128,0.0,111.0,174.0,5,1609131888
2020-12-28 06:16:51+00:00,55.44953,8.471162,0.0,111.0,269.0,5,1609136211
2020-12-28 07:04:52+00:00,55.44957,8.471153,0.0,111.0,45.0,5,1609139092
2020-12-28 08:16:54+00:00,55.44955,8.471198,0.0,111.0,218.0,5,1609143414
2020-12-28 09:04:56+00:00,55.44956,8.471185,0.0,111.0,358.0,5,1609146296
2020-12-28 10:16:58+00:00,55.44957,8.47115,0.0,111.0,176.0,5,1609150618
2020-12-28 11:05:00+00:00,55.44957,8.471147,0.0,111.0,64.0,5,1609153500
2020-12-28 12:17:03+00:00,55.44958,8.471162,0.0,111.0,233.0,5,1609157823
2020-12-28 13:05:04+00:00,55.44956,8.471157,0.0,111.0,205.0,5,1609160704
2020-12-28 14:17:07+00:00,55.44957,8.471155,0.0,111.0,221.0,5,1609165027
2020-12-28 15:05:08+00:00,55.44955,8.471178,0.0,111.0,73.0,5,1609167908
2020-12-28 16:17:10+00:00,55.44958,8.471287,0.0,111.0,324.0,5,1609172230
2020-12-28 17:05:12+00:00,55.44954,8.471171,0.0,111.0,219.0,5,1609175112
2020-12-28 18:17:14+00:00,55.44956,8.471153,0.0,111.0,130.0,5,1609179434
2020-12-28 19:05:15+00:00,55.44952,8.471202,0.0,111.0,96.0,5,1609182315
2020-12-28 20:17:17+00:00,55.44951,8.471216,0.0,111.0,98.0,5,1609186637
2020-12-28 21:05:19+00:00,55.44955,8.471205,0.0,111.0,344.0,5,1609189519
2020-12-28 22:17:21+00:00,55.44957,8.471157,0.0,111.0,67.0,5,1609193841
2020-12-28 23:05:23+00:00,55.44957,8.471169,0.0,111.0,72.0,5,1609196723
2020-12-29 00:17:25+00:00,55.44954,8.471202,0.0,111.0,299.0,5,1609201045
2020-12-29 01:05:27+00:00,55.44958,8.471071,0.0,112.0,48.0,5,1609203927
2020-12-29 02:17:29+00:00,55.44957,8.471164,0.0,111.0,68.0,5,1609208249
2020-12-29 03:05:30+00:00,55.44957,8.471173,0.0,112.0,31.0,5,1609211130
2020-12-29 04:17:33+00:00,55.44959,8.471137,0.0,111.0,265.0,5,1609215453
2020-12-29 05:05:34+00:00,55.44955,8.471175,0.0,112.0,290.0,5,1609218334
2020-12-29 06:17:36+00:00,55.44955,8.471169,0.0,111.0,251.0,5,1609222656
2020-12-29 07:05:37+00:00,55.44957,8.471155,0.0,111.0,235.0,5,1609225537
2020-12-29 08:17:40+00:00,55.44949,8.471327,0.0,111.0,84.0,5,1609229860
2020-12-29 09:05:41+00:00,55.44956,8.471216,0.0,111.0,28.0,5,1609232741
2020-12-29 10:17:44+00:00,55.44957,8.47115,0.0,112.0,154.0,5,1609237064
2020-12-29 11:05:46+00:00,55.44957,8.471169,0.0,111.0,247.0,5,1609239946
2020-12-29 12:17:49+00:00,55.44956,8.471167,0.0,112.0,134.0,5,1609244269
2020-12-29 13:05:50+00:00,55.44956,8.471173,0.0,111.0,258.0,5,1609247150
2020-12-29 14:17:53+00:00,55.44957,8.471165,0.0,111.0,237.0,5,1609251473
2020-12-29 15:05:55+00:00,55.44954,8.47116,0.0,111.0,292.0,5,1609254355
2020-12-29 16:17:56+00:00,55.44957,8.471216,0.0,111.0,38.0,5,1609258676
2020-12-29 17:05:58+00:00,55.44953,8.471178,0.0,112.0,246.0,5,1609261558
2020-12-29 18:18:00+00:00,55.44958,8.471162,0.0,112.0,81.0,5,1609265880
2020-12-29 19:06:01+00:00,55.44958,8.471222,0.0,112.0,307.0,5,1609268761
2020-12-29 20:18:04+00:00,55.44956,8.47116,0.0,112.0,52.0,5,1609273084
2020-12-29 21:06:05+00:00,55.44956,8.471182,0.0,112.0,57.0,5,1609275965
2020-12-29 22:18:07+00:00,55.44956,8.47115,0.0,112.0,82.0,5,1609280287
2020-12-29 23:02:57+00:00,55.44956,8.471182,0.0,112.0,214.0,5,1609282977
2020-12-30 00:12:12+00:00,55.44955,8.471182,0.0,111.0,78.0,5,1609287132
2020-12-30 01:00:13+00:00,55.44957,8.471157,0.0,112.0,79.0,5,1609290013
2020-12-30 02:12:15+00:00,55.44957,8.471155,0.0,112.0,204.0,5,1609294335
2020-12-30 03:00:16+00:00,55.44957,8.47117,0.0,112.0,190.0,5,1609297216
2020-12-30 04:12:19+00:00,55.44957,8.47117,0.0,112.0,344.0,5,1609301539
2020-12-30 05:18:21+00:00,55.44954,8.471189,0.0,112.0,43.0,5,1609305501
2020-12-30 06:03:10+00:00,55.44955,8.47118,0.0,112.0,41.0,5,1609308190
2020-12-30 07:12:25+00:00,55.44957,8.471147,0.0,112.0,216.0,5,1609312345
2020-12-30 08:00:26+00:00,55.44955,8.471173,0.0,112.0,133.0,5,1609315226
2020-12-30 09:12:28+00:00,55.44961,8.471177,0.0,112.0,43.0,5,1609319548
2020-12-30 10:00:30+00:00,55.44958,8.47111,0.0,112.0,31.0,5,1609322430
2020-12-30 11:12:32+00:00,55.44956,8.471175,0.0,112.0,59.0,5,1609326752
2020-12-30 12:00:33+00:00,55.44957,8.471162,0.0,112.0,100.0,5,1609329633
2020-12-30 13:12:35+00:00,55.44955,8.471204,0.0,112.0,231.0,5,1609333955
2020-12-30 14:00:36+00:00,55.44957,8.47117,0.0,112.0,210.0,5,1609336836
2020-12-30 15:12:40+00:00,55.44951,8.471177,0.0,112.0,207.0,5,1609341160
2020-12-30 16:00:41+00:00,55.44957,8.47119,0.0,112.0,161.0,5,1609344041
2020-12-30 17:12:43+00:00,55.44955,8.471211,0.0,112.0,85.0,5,1609348363
2020-12-30 18:00:45+00:00,55.44956,8.471165,0.0,112.0,83.0,5,1609351245
2020-12-30 19:12:47+00:00,55.44956,8.471202,0.0,111.0,49.0,5,1609355567
2020-12-30 20:00:48+00:00,55.44955,8.471164,0.0,111.0,41.0,5,1609358448
2020-12-30 21:12:52+00:00,55.44956,8.471185,0.0,112.0,39.0,5,1609362772
2020-12-30 22:00:53+00:00,55.44959,8.47113,0.0,112.0,58.0,5,1609365653
2020-12-30 23:12:55+00:00,55.44957,8.471157,0.0,112.0,259.0,5,1609369975
2020-12-31 00:00:57+00:00,55.44953,8.47118,0.0,111.0,237.0,5,1609372857
2020-12-31 01:13:00+00:00,55.44956,8.471204,0.0,111.0,39.0,5,1609377180
2020-12-31 02:01:01+00:00,55.44957,8.471165,0.0,112.0,48.0,5,1609380061
2020-12-31 03:13:04+00:00,55.44957,8.471125,0.0,112.0,43.0,5,1609384384
2020-12-31 04:01:05+00:00,55.44953,8.471177,0.0,112.0,5.0,5,1609387265
2020-12-31 05:13:07+00:00,55.44954,8.471193,0.0,112.0,38.0,5,1609391587
2020-12-31 06:01:08+00:00,55.44955,8.471193,0.0,112.0,48.0,5,1609394468
2020-12-31 07:13:10+00:00,55.44957,8.471164,0.0,112.0,139.0,5,1609398790
2020-12-31 08:01:12+00:00,55.44955,8.47124,0.0,111.0,66.0,5,1609401672
2020-12-31 09:13:14+00:00,55.44956,8.471175,0.0,112.0,63.0,5,1609405994
2020-12-31 10:01:16+00:00,55.44956,8.471175,0.0,111.0,238.0,5,1609408876
2020-12-31 11:13:19+00:00,55.44958,8.471177,0.0,111.0,81.0,5,1609413199
2020-12-31 12:01:20+00:00,55.44955,8.471162,0.0,112.0,78.0,5,1609416080
2020-12-31 13:13:22+00:00,55.44952,8.471293,0.0,112.0,234.0,5,1609420402
2020-12-31 14:01:24+00:00,55.44957,8.471185,0.0,112.0,250.0,5,1609423284
2020-12-31 15:13:26+00:00,55.44953,8.471171,0.0,111.0,251.0,5,1609427606
2020-12-31 16:01:27+00:00,55.44958,8.471178,0.0,112.0,4.0,5,1609430487
2020-12-31 17:10:20+00:00,55.44957,8.471158,0.0,112.0,257.0,5,1609434620
2020-12-31 18:19:31+00:00,55.44957,8.471167,0.0,111.0,54.0,5,1609438771
2020-12-31 19:07:33+00:00,55.44957,8.471184,0.0,112.0,96.0,5,1609441653
2020-12-31 20:19:35+00:00,55.44952,8.471275,0.0,112.0,55.0,5,1609445975
2020-12-31 21:07:36+00:00,55.44957,8.471175,0.0,112.0,33.0,5,1609448856
2020-12-31 22:19:38+00:00,55.44956,8.471158,0.0,112.0,31.0,5,1609453178
2020-12-31 23:07:39+00:00,55.44955,8.471171,0.0,112.0,220.0,5,1609456059
2021-01-01 00:19:42+00:00,55.44957,8.471187,0.0,112.0,77.0,5,1609460382
2021-01-01 01:10:34+00:00,55.44953,8.471283,0.0,111.0,27.0,5,1609463434
2021-01-01 02:19:47+00:00,55.44955,8.471185,0.0,112.0,220.0,5,1609467587
2021-01-01 03:07:48+00:00,55.44957,8.471131,0.0,112.0,153.0,5,1609470468
2021-01-01 04:19:50+00:00,55.44958,8.471078,0.0,112.0,221.0,5,1609474790
2021-01-01 05:07:52+00:00,55.4495,8.471243,0.0,112.0,243.0,5,1609477672
2021-01-01 06:19:55+00:00,55.44956,8.471169,0.0,112.0,310.0,5,1609481995
2021-01-01 07:07:56+00:00,55.44956,8.47122,0.0,112.0,49.0,5,1609484876
2021-01-01 08:19:58+00:00,55.44953,8.471272,0.0,112.0,82.0,5,1609489198
2021-01-01 09:08:00+00:00,55.4496,8.471187,0.0,112.0,59.0,5,1609492080
2021-01-01 10:20:02+00:00,55.44955,8.471165,0.0,112.0,73.0,5,1609496402
2021-01-01 11:08:03+00:00,55.44957,8.471197,0.0,112.0,261.0,5,1609499283
2021-01-01 12:20:05+00:00,55.44963,8.471229,0.0,112.0,264.0,5,1609503605
2021-01-01 13:08:07+00:00,55.44953,8.471249,0.0,112.0,217.0,5,1609506487
2021-01-01 14:20:10+00:00,55.44953,8.471197,0.0,112.0,241.0,5,1609510810
2021-01-01 15:08:11+00:00,55.44953,8.471177,0.0,112.0,233.0,5,1609513691
2021-01-01 16:20:13+00:00,55.44957,8.471216,0.0,112.0,24.0,5,1609518013
2021-01-01 17:08:15+00:00,55.44954,8.471205,0.0,112.0,217.0,5,1609520895
2021-01-01 18:20:17+00:00,55.44958,8.471164,0.0,112.0,112.0,5,1609525217
2021-01-01 19:08:19+00:00,55.44957,8.47122,0.0,111.0,46.0,5,1609528099
2021-01-01 20:20:21+00:00,55.44953,8.471205,0.0,112.0,215.0,5,1609532421
2021-01-01 21:08:23+00:00,55.44958,8.471182,0.0,112.0,221.0,5,1609535303
2021-01-01 22:20:25+00:00,55.44957,8.471155,0.0,112.0,144.0,5,1609539625
2021-01-01 23:08:26+00:00,55.44957,8.471165,0.0,112.0,56.0,5,1609542506
2021-01-02 00:20:28+00:00,55.44957,8.4712,0.0,112.0,85.0,5,1609546828
2021-01-02 01:08:30+00:00,55.44958,8.471117,0.0,112.0,26.0,5,1609549710
2021-01-02 02:20:32+00:00,55.44955,8.471191,0.0,112.0,235.0,5,1609554032
2021-01-02 03:08:34+00:00,55.44956,8.471144,0.0,112.0,307.0,5,1609556914
2021-01-02 04:20:36+00:00,55.44959,8.471073,0.0,112.0,231.0,5,1609561236
2021-01-02 05:08:37+00:00,55.44955,8.47117,0.0,112.0,224.0,5,1609564117
2021-01-02 06:20:40+00:00,55.44959,8.47117,0.0,112.0,266.0,5,1609568440
2021-01-02 07:08:42+00:00,55.44957,8.471209,0.0,112.0,79.0,5,1609571322
2021-01-02 08:20:44+00:00,55.44955,8.47123,0.0,112.0,249.0,5,1609575644
2021-01-02 09:08:46+00:00,55.44957,8.471184,0.0,112.0,37.0,5,1609578526
2021-01-02 10:20:48+00:00,55.44956,8.471151,0.0,111.0,218.0,5,1609582848
2021-01-02 11:08:50+00:00,55.44958,8.471173,0.0,112.0,252.0,5,1609585730
2021-01-02 12:20:53+00:00,55.44953,8.47119,0.0,112.0,28.0,5,1609590053
2021-01-02 13:08:54+00:00,55.44955,8.471243,0.0,112.0,32.0,5,1609592934
2021-01-02 14:20:56+00:00,55.44955,8.471173,0.0,112.0,228.0,5,1609597256
2021-01-02 15:08:57+00:00,55.44973,8.47118,0.0,112.0,279.0,5,1609600137
2021-01-02 16:21:01+00:00,55.44957,8.471191,0.0,112.0,66.0,5,1609604461
2021-01-02 17:09:02+00:00,55.44956,8.47117,0.0,111.0,52.0,5,1609607342
2021-01-02 18:21:05+00:00,55.44959,8.471195,0.0,112.0,82.0,5,1609611665
2021-01-02 19:09:06+00:00,55.44957,8.471157,0.0,111.0,77.0,5,1609614546
2021-01-02 20:21:10+00:00,55.44955,8.471218,0.0,112.0,63.0,5,1609618870
2021-01-02 21:03:11+00:00,55.44958,8.471173,0.0,111.0,61.0,5,1609621391
2021-01-02 22:15:14+00:00,55.44957,8.47115,0.0,112.0,86.0,5,1609625714
2021-01-02 23:03:15+00:00,55.44958,8.47116,0.0,111.0,73.0,5,1609628595
2021-01-03 00:15:18+00:00,55.44957,8.471195,0.0,112.0,283.0,5,1609632918
2021-01-03 01:03:25+00:00,55.44954,8.47123,0.0,111.0,30.0,5,1609635805
2021-01-03 02:15:23+00:00,55.44955,8.471178,0.0,111.0,223.0,5,1609640123
2021-01-03 03:03:24+00:00,55.44955,8.471171,0.0,111.0,84.0,5,1609643004
2021-01-03 04:15:26+00:00,55.44957,8.47111,0.0,111.0,214.0,5,1609647326
2021-01-03 05:03:28+00:00,55.44954,8.471197,0.0,112.0,242.0,5,1609650208
2021-01-03 06:15:30+00:00,55.44967,8.471204,0.0,111.0,111.0,5,1609654530
2021-01-03 07:03:31+00:00,55.44957,8.471178,0.0,112.0,350.0,5,1609657411
2021-01-03 08:15:32+00:00,55.44953,8.471255,0.0,112.0,283.0,5,1609661732
2021-01-03 09:03:34+00:00,55.44957,8.471173,0.0,112.0,29.0,5,1609664614
2021-01-03 10:15:36+00:00,55.44957,8.471148,0.0,112.0,236.0,5,1609668936
2021-01-03 11:03:38+00:00,55.44957,8.471162,0.0,112.0,254.0,5,1609671818
2021-01-03 12:15:40+00:00,55.44955,8.471233,0.0,112.0,352.0,5,1609676140
2021-01-03 13:03:42+00:00,55.44952,8.471289,0.0,112.0,209.0,5,1609679022
2021-01-03 14:15:44+00:00,55.44957,8.471155,0.0,112.0,212.0,5,1609683344
2021-01-03 15:03:46+00:00,55.44969,8.471204,0.0,112.0,329.0,5,1609686226
2021-01-03 16:15:47+00:00,55.44957,8.471197,0.0,112.0,71.0,5,1609690547
2021-01-03 17:03:49+00:00,55.44957,8.471153,0.0,112.0,77.0,5,1609693429
2021-01-03 18:15:51+00:00,55.44962,8.471213,0.0,112.0,293.0,5,1609697751
2021-01-03 19:03:52+00:00,55.44957,8.471153,0.0,112.0,56.0,5,1609700632
2021-01-03 20:15:56+00:00,55.44954,8.47121,0.0,112.0,226.0,5,1609704956
2021-01-03 21:03:57+00:00,55.44958,8.471171,0.0,112.0,54.0,5,1609707837
2021-01-03 22:15:59+00:00,55.44957,8.471175,0.0,112.0,103.0,5,1609712159
2021-01-03 23:04:00+00:00,55.44954,8.471198,0.0,112.0,68.0,5,1609715040
2021-01-04 00:18:52+00:00,55.44958,8.471171,0.0,112.0,303.0,5,1609719532
2021-01-04 01:04:05+00:00,55.44955,8.471223,0.0,112.0,59.0,5,1609722245
2021-01-04 02:16:08+00:00,55.44955,8.471207,0.0,112.0,219.0,5,1609726568
2021-01-04 03:04:09+00:00,55.44957,8.471138,0.0,112.0,197.0,5,1609729449
2021-01-04 04:16:11+00:00,55.44957,8.47111,0.0,112.0,219.0,5,1609733771
2021-01-04 05:04:13+00:00,55.44948,8.471275,0.0,112.0,79.0,5,1609736653
2021-01-04 06:16:16+00:00,55.44956,8.47118,0.0,112.0,57.0,5,1609740976
2021-01-04 07:04:17+00:00,55.44955,8.471193,0.0,112.0,69.0,5,1609743857
2021-01-04 08:16:21+00:00,55.44955,8.471209,0.0,112.0,206.0,5,1609748181
2021-01-04 09:04:23+00:00,55.44957,8.4712,0.0,112.0,245.0,5,1609751063
2021-01-04 10:10:25+00:00,55.44956,8.471144,0.0,112.0,197.0,5,1609755025
2021-01-04 11:22:27+00:00,55.44957,8.47117,0.0,112.0,227.0,5,1609759347
2021-01-04 12:10:29+00:00,55.44956,8.471209,0.0,112.0,213.0,5,1609762229
2021-01-04 13:22:32+00:00,55.44956,8.471162,0.0,112.0,193.0,5,1609766552
2021-01-04 14:10:33+00:00,55.44956,8.471167,0.0,111.0,225.0,5,1609769433
2021-01-04 15:22:36+00:00,55.44955,8.471153,0.0,112.0,273.0,5,1609773756
2021-01-04 16:10:37+00:00,55.44957,8.471204,0.0,112.0,27.0,5,1609776637
2021-01-04 17:25:26+00:00,55.44956,8.471164,0.0,112.0,40.0,5,1609781126
2021-01-04 18:10:41+00:00,55.44961,8.471195,0.0,112.0,80.0,5,1609783841
2021-01-04 19:22:43+00:00,55.44957,8.471145,0.0,112.0,288.0,5,1609788163
2021-01-04 20:04:44+00:00,55.44953,8.47119,0.0,112.0,275.0,5,1609790684
2021-01-04 21:16:46+00:00,55.44954,8.471169,0.0,112.0,204.0,5,1609795006
2021-01-04 22:04:48+00:00,55.44957,8.471202,0.0,111.0,219.0,5,1609797888
2021-01-04 23:16:50+00:00,55.44951,8.471185,0.0,112.0,233.0,5,1609802210
2021-01-05 00:04:51+00:00,55.44954,8.471195,0.0,112.0,292.0,5,1609805091
2021-01-05 01:16:54+00:00,55.44947,8.471171,0.0,112.0,72.0,5,1609809414
2021-01-05 02:04:55+00:00,55.44965,8.471108,0.0,112.0,24.0,5,1609812295
2021-01-05 03:16:57+00:00,55.44955,8.471148,0.0,112.0,160.0,5,1609816617
2021-01-05 04:04:58+00:00,55.44958,8.471064,0.0,112.0,206.0,5,1609819498
2021-01-05 05:17:00+00:00,55.44956,8.471165,0.0,112.0,78.0,5,1609823820
2021-01-05 06:05:02+00:00,55.44955,8.471155,0.0,112.0,75.0,5,1609826702
2021-01-05 07:19:53+00:00,55.44961,8.471189,0.0,112.0,44.0,5,1609831193
2021-01-05 08:05:07+00:00,55.44947,8.471213,0.0,112.0,45.0,5,1609833907
2021-01-05 09:17:09+00:00,55.44954,8.471223,0.0,112.0,209.0,5,1609838229
2021-01-05 10:05:11+00:00,55.44957,8.471151,0.0,112.0,221.0,5,1609841111
2021-01-05 11:17:13+00:00,55.44957,8.471169,0.0,112.0,248.0,5,1609845433
2021-01-05 12:05:15+00:00,55.44953,8.471216,0.0,112.0,13.0,5,1609848315
2021-01-05 13:17:18+00:00,55.44958,8.471175,0.0,112.0,326.0,5,1609852638
2021-01-05 14:05:19+00:00,55.44956,8.471153,0.0,112.0,31.0,5,1609855519
2021-01-05 15:08:08+00:00,55.44957,8.471153,0.0,112.0,83.0,5,1609859288
2021-01-05 16:17:24+00:00,55.44955,8.471175,0.0,112.0,232.0,5,1609863444
2021-01-05 17:05:26+00:00,55.4496,8.471071,0.0,112.0,229.0,5,1609866326
2021-01-05 18:20:15+00:00,55.44959,8.471245,0.0,112.0,281.0,5,1609870815
2021-01-05 19:02:17+00:00,55.44957,8.471153,0.0,112.0,278.0,5,1609873337
2021-01-05 20:14:20+00:00,55.44952,8.47129,0.0,112.0,269.0,5,1609877660
2021-01-05 21:23:33+00:00,55.44958,8.471133,0.0,112.0,228.0,5,1609881813
2021-01-05 22:11:35+00:00,55.44955,8.47119,0.0,112.0,108.0,5,1609884695
2021-01-05 23:23:37+00:00,55.4495,8.471191,0.0,112.0,247.0,5,1609889017
2021-01-06 00:11:38+00:00,55.44956,8.471138,0.0,111.0,306.0,5,1609891898
2021-01-06 01:23:42+00:00,55.44958,8.471191,0.0,111.0,194.0,5,1609896222
2021-01-06 02:14:32+00:00,55.44956,8.471218,0.0,111.0,228.0,5,1609899272
2021-01-06 03:23:45+00:00,55.44977,8.470654,0.0,112.0,170.0,5,1609903425
2021-01-06 04:11:46+00:00,55.44954,8.47114,0.0,111.0,227.0,5,1609906306
2021-01-06 05:23:49+00:00,55.44958,8.471142,0.0,112.0,256.0,5,1609910629
2021-01-06 06:11:51+00:00,55.44958,8.47128,0.0,112.0,257.0,5,1609913511
2021-01-06 07:23:53+00:00,55.44957,8.47115,0.0,112.0,202.0,5,1609917833
2021-01-06 08:11:55+00:00,55.44955,8.471222,0.0,112.0,248.0,5,1609920715
2021-01-06 09:23:57+00:00,55.44953,8.471191,0.0,112.0,199.0,5,1609925037
2021-01-06 10:11:58+00:00,55.44956,8.471155,0.0,112.0,215.0,5,1609927918
2021-01-06 11:00:00+00:00,55.4496,8.47116,0.0,112.0,261.0,5,1609930800
2021-01-06 12:06:02+00:00,55.44956,8.471191,0.0,112.0,260.0,5,1609934762
2021-01-06 13:18:04+00:00,55.44957,8.471184,0.0,112.0,212.0,5,1609939084
2021-01-06 14:06:06+00:00,55.44955,8.471178,0.0,112.0,55.0,5,1609941966
2021-01-06 15:18:09+00:00,55.44956,8.47122,0.0,112.0,115.0,5,1609946289
2021-01-06 16:06:10+00:00,55.44957,8.471175,0.0,112.0,59.0,5,1609949170
2021-01-06 17:18:12+00:00,55.44955,8.47118,0.0,112.0,55.0,5,1609953492
2021-01-06 18:06:13+00:00,55.44959,8.471187,0.0,111.0,87.0,5,1609956373
2021-01-06 19:12:16+00:00,55.44955,8.471191,0.0,112.0,227.0,5,1609960336
2021-01-06 20:00:17+00:00,55.44955,8.47119,0.0,112.0,222.0,5,1609963217
2021-01-06 21:12:20+00:00,55.44959,8.471155,0.0,112.0,262.0,5,1609967540
2021-01-06 22:18:22+00:00,55.44956,8.471145,0.0,112.0,103.0,5,1609971502
2021-01-06 23:06:24+00:00,55.44955,8.471184,0.0,112.0,231.0,5,1609974384
2021-01-07 00:21:13+00:00,55.44955,8.471205,0.0,112.0,62.0,5,1609978873
2021-01-07 01:09:15+00:00,55.44956,8.471229,0.0,111.0,244.0,5,1609981755
2021-01-07 02:18:29+00:00,55.44957,8.471151,0.0,112.0,239.0,5,1609985909
2021-01-07 03:06:30+00:00,55.44958,8.471184,0.0,112.0,163.0,5,1609988790
2021-01-07 04:15:20+00:00,55.44955,8.471175,0.0,112.0,212.0,5,1609992920
2021-01-07 05:21:22+00:00,55.44956,8.471151,0.0,112.0,208.0,5,1609996882
2021-01-07 06:06:36+00:00,55.44961,8.471182,0.0,112.0,259.0,5,1609999596
2021-01-07 07:18:38+00:00,55.44955,8.471184,0.0,112.0,184.0,5,1610003918
2021-01-07 08:06:40+00:00,55.44956,8.47122,0.0,112.0,69.0,5,1610006800
2021-01-07 09:12:42+00:00,55.44957,8.471157,0.0,112.0,189.0,5,1610010762
2021-01-07 10:00:44+00:00,55.44956,8.471153,0.0,112.0,261.0,5,1610013644
2021-01-07 11:06:45+00:00,55.44957,8.471178,0.0,112.0,81.0,5,1610017605
2021-01-07 12:12:48+00:00,55.44951,8.47124,0.0,112.0,47.0,5,1610021568
2021-01-07 13:00:50+00:00,55.44956,8.47121,0.0,112.0,353.0,5,1610024450
2021-01-07 14:12:52+00:00,55.44955,8.471175,0.0,111.0,232.0,5,1610028772
2021-01-07 15:00:54+00:00,55.44959,8.471229,0.0,112.0,129.0,5,1610031654
2021-01-07 16:12:57+00:00,55.44957,8.471175,0.0,111.0,68.0,5,1610035977
2021-01-07 17:00:59+00:00,55.44954,8.471193,0.0,112.0,246.0,5,1610038859
2021-01-07 18:13:02+00:00,55.4496,8.471243,0.0,112.0,251.0,5,1610043182
2021-01-07 19:01:03+00:00,55.44957,8.47118,0.0,112.0,223.0,5,1610046063
2021-01-07 20:13:05+00:00,55.44954,8.471287,0.0,112.0,229.0,5,1610050385
2021-01-07 21:19:07+00:00,55.44961,8.471133,0.0,112.0,244.0,5,1610054347
2021-01-07 22:07:09+00:00,55.44956,8.471165,0.0,112.0,73.0,5,1610057229
2021-01-07 23:19:11+00:00,55.44954,8.471177,0.0,112.0,59.0,5,1610061551
2021-01-08 00:04:00+00:00,55.4496,8.47117,0.0,112.0,314.0,5,1610064240
2021-01-08 01:13:15+00:00,55.44957,8.471171,0.0,112.0,231.0,5,1610068395
2021-01-08 02:01:16+00:00,55.44955,8.471195,0.0,112.0,229.0,5,1610071276
2021-01-08 03:13:18+00:00,55.44957,8.471097,0.0,112.0,310.0,5,1610075598
2021-01-08 04:01:20+00:00,55.44955,8.47113,0.0,112.0,191.0,5,1610078480
2021-01-08 05:13:21+00:00,55.44957,8.471158,0.0,111.0,238.0,5,1610082801
2021-01-08 06:01:23+00:00,55.44958,8.471151,0.0,112.0,72.0,5,1610085683
2021-01-08 07:13:25+00:00,55.44956,8.471171,0.0,112.0,172.0,5,1610090005
2021-01-08 08:01:27+00:00,55.44955,8.471202,0.0,112.0,212.0,5,1610092887
2021-01-08 09:13:28+00:00,55.44957,8.471148,0.0,111.0,69.0,5,1610097208
2021-01-08 10:04:17+00:00,55.44954,8.471191,0.0,112.0,241.0,5,1610100257
2021-01-08 11:13:32+00:00,55.44957,8.471165,0.0,112.0,257.0,5,1610104412
2021-01-08 12:01:34+00:00,55.44956,8.471171,0.0,112.0,357.0,5,1610107294
2021-01-08 13:13:36+00:00,55.44957,8.47118,0.0,112.0,357.0,5,1610111616
2021-01-08 14:19:38+00:00,55.44955,8.471185,0.0,112.0,260.0,5,1610115578
2021-01-08 15:04:26+00:00,55.44955,8.471198,0.0,112.0,180.0,5,1610118266
2021-01-08 16:13:42+00:00,55.44956,8.47118,0.0,111.0,223.0,5,1610122422
2021-01-08 17:01:43+00:00,55.44965,8.471091,0.0,112.0,257.0,5,1610125303
2021-01-08 18:13:46+00:00,55.44957,8.471213,0.0,112.0,82.0,5,1610129626
2021-01-08 19:01:47+00:00,55.44957,8.471171,0.0,111.0,278.0,5,1610132507
2021-01-08 20:13:49+00:00,55.44955,8.471185,0.0,112.0,85.0,5,1610136829
2021-01-08 21:01:53+00:00,55.44955,8.471195,0.0,112.0,57.0,5,1610139713
2021-01-08 22:10:40+00:00,55.44956,8.471144,0.0,112.0,106.0,5,1610143840
2021-01-08 23:19:56+00:00,55.44952,8.471164,0.0,112.0,276.0,5,1610147996
2021-01-09 00:04:43+00:00,55.44958,8.471193,0.0,112.0,70.0,5,1610150683
2021-01-09 01:14:00+00:00,55.44957,8.471158,0.0,111.0,264.0,5,1610154840
2021-01-09 02:02:02+00:00,55.44956,8.471222,0.0,112.0,204.0,5,1610157722
2021-01-09 03:16:48+00:00,55.44957,8.4711,0.0,112.0,247.0,5,1610162208
2021-01-09 04:02:06+00:00,55.44954,8.471155,0.0,112.0,198.0,5,1610164926
2021-01-09 05:14:07+00:00,55.44955,8.471157,0.0,112.0,188.0,5,1610169247
2021-01-09 06:22:55+00:00,55.44957,8.471151,0.0,112.0,74.0,5,1610173375
2021-01-09 07:08:12+00:00,55.44955,8.471185,0.0,111.0,116.0,5,1610176092
2021-01-09 08:20:14+00:00,55.44955,8.471235,0.0,111.0,43.0,5,1610180414
2021-01-09 09:08:15+00:00,55.44956,8.471124,0.0,112.0,62.0,5,1610183295
2021-01-09 10:20:18+00:00,55.44957,8.471158,0.0,112.0,263.0,5,1610187618
2021-01-09 11:08:20+00:00,55.44958,8.471184,0.0,111.0,265.0,5,1610190500
2021-01-09 12:20:22+00:00,55.44955,8.471182,0.0,111.0,260.0,5,1610194822
2021-01-09 13:08:23+00:00,55.44957,8.471184,0.0,111.0,250.0,5,1610197703
2021-01-09 14:20:26+00:00,55.44953,8.471151,0.0,111.0,0.0,5,1610202026
2021-01-09 15:08:27+00:00,55.44955,8.471202,0.0,111.0,318.0,5,1610204907
2021-01-09 16:20:30+00:00,55.44957,8.471155,0.0,111.0,339.0,5,1610209230
2021-01-09 17:11:16+00:00,55.44953,8.471162,0.0,111.0,230.0,5,1610212276
2021-01-09 18:20:33+00:00,55.44954,8.471273,0.0,112.0,327.0,5,1610216433
2021-01-09 19:02:34+00:00,55.44956,8.471142,0.0,111.0,306.0,5,1610218954
2021-01-09 20:14:37+00:00,55.44959,8.471137,0.0,112.0,46.0,5,1610223277
2021-01-09 21:02:39+00:00,55.44958,8.471165,0.0,111.0,118.0,5,1610226159
2021-01-09 22:14:42+00:00,55.44956,8.47119,0.0,111.0,120.0,5,1610230482
2021-01-09 23:02:43+00:00,55.44949,8.471205,0.0,111.0,226.0,5,1610233363
2021-01-10 00:14:45+00:00,55.44956,8.471215,0.0,112.0,48.0,5,1610237685
2021-01-10 01:02:46+00:00,55.44957,8.471184,0.0,112.0,44.0,5,1610240566
2021-01-10 02:14:49+00:00,55.44958,8.471155,0.0,111.0,343.0,5,1610244889
2021-01-10 03:02:50+00:00,55.44958,8.471104,0.0,111.0,38.0,5,1610247770
2021-01-10 04:11:38+00:00,55.44957,8.47115,0.0,111.0,8.0,5,1610251898
2021-01-10 05:20:54+00:00,55.44955,8.471175,0.0,111.0,199.0,5,1610256054
2021-01-10 06:05:41+00:00,55.44955,8.471197,0.0,112.0,237.0,5,1610258741
2021-01-10 07:14:58+00:00,55.44956,8.471197,0.0,111.0,311.0,5,1610262898
2021-01-10 08:03:00+00:00,55.44956,8.471187,0.0,112.0,309.0,5,1610265780
2021-01-10 09:09:02+00:00,55.44957,8.471223,0.0,111.0,233.0,5,1610269742
2021-01-10 10:15:03+00:00,55.44956,8.471178,0.0,112.0,12.0,5,1610273703
2021-01-10 11:27:05+00:00,55.44957,8.471162,0.0,112.0,249.0,5,1610278025
2021-01-10 12:15:07+00:00,55.44955,8.471189,0.0,111.0,11.0,5,1610280907
2021-01-10 13:03:08+00:00,55.44958,8.471204,0.0,112.0,306.0,5,1610283788
2021-01-10 14:11:57+00:00,55.44954,8.471216,0.0,111.0,236.0,5,1610287917
2021-01-10 15:21:12+00:00,55.44958,8.471202,0.0,112.0,322.0,5,1610292072
2021-01-10 16:09:14+00:00,55.44956,8.471185,0.0,112.0,49.0,5,1610294954
2021-01-10 17:21:16+00:00,55.44956,8.471169,0.0,111.0,51.0,5,1610299276
2021-01-10 18:09:17+00:00,55.44961,8.471144,0.0,112.0,93.0,5,1610302157
2021-01-10 19:18:07+00:00,55.44955,8.471138,0.0,112.0,77.0,5,1610306287
2021-01-10 20:03:22+00:00,55.44955,8.471157,0.0,111.0,119.0,5,1610309002
2021-01-10 21:15:25+00:00,55.44958,8.47113,0.0,112.0,239.0,5,1610313325
2021-01-10 22:21:27+00:00,55.44958,8.4712,0.0,111.0,91.0,5,1610317287
2021-01-10 23:09:28+00:00,55.44953,8.47119,0.0,112.0,26.0,5,1610320168
2021-01-11 00:21:30+00:00,55.44957,8.471148,0.0,112.0,11.0,5,1610324490
2021-01-11 01:09:32+00:00,55.44958,8.471169,0.0,112.0,161.0,5,1610327372
2021-01-11 02:21:35+00:00,55.44957,8.471145,0.0,112.0,286.0,5,1610331695
2021-01-11 03:09:36+00:00,55.44955,8.471117,0.0,111.0,232.0,5,1610334576
2021-01-11 04:24:23+00:00,55.44953,8.471171,0.0,111.0,250.0,5,1610339063
2021-01-11 05:12:25+00:00,55.44955,8.471167,0.0,111.0,231.0,5,1610341945
2021-01-11 06:15:42+00:00,55.44957,8.471164,0.0,111.0,258.0,5,1610345742
2021-01-11 07:03:43+00:00,55.44947,8.471158,0.0,112.0,327.0,5,1610348623
2021-01-11 08:15:46+00:00,55.44959,8.471151,0.0,111.0,215.0,5,1610352946
2021-01-11 09:03:48+00:00,55.44957,8.471182,0.0,111.0,186.0,5,1610355828
2021-01-11 10:15:50+00:00,55.44952,8.471182,0.0,111.0,331.0,5,1610360150
2021-01-11 11:03:51+00:00,55.44953,8.471164,0.0,112.0,239.0,5,1610363031
2021-01-11 12:15:54+00:00,55.44954,8.471184,0.0,112.0,318.0,5,1610367354
2021-01-11 13:03:55+00:00,55.44958,8.471189,0.0,111.0,282.0,5,1610370235
2021-01-11 13:27:56+00:00,55.44955,8.471191,0.0,112.0,37.0,5,1610371676
2021-01-11 14:06:42+00:00,55.4495,8.47121,0.0,111.0,265.0,5,1610374002
2021-01-11 15:15:59+00:00,55.44957,8.471147,0.0,112.0,304.0,5,1610378159
2021-01-11 16:04:01+00:00,55.44956,8.471164,0.0,111.0,252.0,5,1610381041
2021-01-11 17:16:03+00:00,55.44956,8.471162,0.0,112.0,83.0,5,1610385363
2021-01-11 18:00:51+00:00,55.44959,8.471195,0.0,112.0,102.0,5,1610388051
2021-01-11 19:10:07+00:00,55.44955,8.47117,0.0,111.0,266.0,5,1610392207
2021-01-11 20:16:08+00:00,55.44958,8.47117,0.0,111.0,68.0,5,1610396168
2021-01-11 21:04:10+00:00,55.44961,8.471155,0.0,112.0,273.0,5,1610399050
2021-01-11 22:16:12+00:00,55.44958,8.471169,0.0,111.0,99.0,5,1610403372
2021-01-11 23:04:13+00:00,55.44953,8.471173,0.0,111.0,239.0,5,1610406253
2021-01-12 00:16:15+00:00,55.44956,8.471182,0.0,111.0,208.0,5,1610410575
2021-01-12 01:07:03+00:00,55.44958,8.471167,0.0,111.0,75.0,5,1610413623
2021-01-12 02:16:18+00:00,55.44962,8.471151,0.0,111.0,288.0,5,1610417778
2021-01-12 03:04:20+00:00,55.44955,8.471122,0.0,111.0,308.0,5,1610420660
2021-01-12 04:16:23+00:00,55.44956,8.471177,0.0,112.0,191.0,5,1610424983
2021-01-12 05:04:24+00:00,55.44955,8.471169,0.0,111.0,240.0,5,1610427864
2021-01-12 06:16:26+00:00,55.44956,8.471169,0.0,111.0,262.0,5,1610432186
2021-01-12 07:07:13+00:00,55.44955,8.471184,0.0,112.0,107.0,5,1610435233
2021-01-12 08:10:30+00:00,55.44957,8.471165,0.0,111.0,105.0,5,1610439030
2021-01-12 09:01:16+00:00,55.44954,8.471302,0.0,111.0,48.0,5,1610442076
2021-01-12 10:10:33+00:00,55.44956,8.47118,0.0,111.0,296.0,5,1610446233
2021-01-12 11:25:22+00:00,55.44954,8.471175,0.0,111.0,302.0,5,1610450722
2021-01-12 12:10:37+00:00,55.44955,8.471205,0.0,111.0,235.0,5,1610453437
2021-01-12 13:25:25+00:00,55.44956,8.47119,0.0,111.0,225.0,5,1610457925
2021-01-12 14:10:41+00:00,55.44954,8.471197,0.0,111.0,238.0,5,1610460641
2021-01-12 15:16:43+00:00,55.44957,8.471287,0.0,111.0,330.0,5,1610464603
2021-01-12 16:04:45+00:00,55.44956,8.47115,0.0,111.0,43.0,5,1610467485
2021-01-12 17:16:48+00:00,55.44953,8.471178,0.0,111.0,126.0,5,1610471808
2021-01-12 18:04:49+00:00,55.4497,8.471345,0.0,111.0,77.0,5,1610474689
2021-01-12 19:16:51+00:00,55.4495,8.471245,0.0,111.0,269.0,5,1610479011
2021-01-12 20:04:52+00:00,55.44955,8.47119,0.0,111.0,28.0,5,1610481892
2021-01-12 21:10:54+00:00,55.44959,8.471122,0.0,111.0,226.0,5,1610485854
2021-01-12 22:01:41+00:00,55.44957,8.471185,0.0,111.0,99.0,5,1610488901
2021-01-12 23:10:57+00:00,55.44949,8.471202,0.0,111.0,282.0,5,1610493057
2021-01-13 00:23:00+00:00,55.44957,8.471213,0.0,111.0,9.0,5,1610497380
2021-01-13 01:11:01+00:00,55.44955,8.471255,0.0,111.0,159.0,5,1610500261
2021-01-13 02:01:49+00:00,55.44958,8.471162,0.0,111.0,18.0,5,1610503309
2021-01-13 03:05:06+00:00,55.44956,8.471115,0.0,111.0,44.0,5,1610507106
2021-01-13 04:13:55+00:00,55.44958,8.471117,0.0,111.0,22.0,5,1610511235
2021-01-13 05:23:10+00:00,55.44955,8.471158,0.0,111.0,254.0,5,1610515390
2021-01-13 06:11:12+00:00,55.44955,8.471209,0.0,111.0,65.0,5,1610518272
2021-01-13 07:23:13+00:00,55.44958,8.471145,0.0,111.0,254.0,5,1610522593
2021-01-13 08:11:15+00:00,55.44953,8.471164,0.0,111.0,256.0,5,1610525475
2021-01-13 09:23:17+00:00,55.44955,8.471142,0.0,112.0,344.0,5,1610529797
2021-01-13 10:11:19+00:00,55.44955,8.471164,0.0,111.0,220.0,5,1610532679
2021-01-13 11:17:20+00:00,55.44957,8.471169,0.0,112.0,78.0,5,1610536640
2021-01-13 12:05:22+00:00,55.44955,8.471202,0.0,111.0,50.0,5,1610539522
2021-01-13 13:17:24+00:00,55.44953,8.471218,0.0,111.0,221.0,5,1610543844
2021-01-13 14:02:14+00:00,55.44946,8.47102,0.0,111.0,196.0,5,1610546534
2021-01-13 15:08:16+00:00,55.44956,8.471164,0.0,112.0,302.0,5,1610550496
2021-01-13 16:17:30+00:00,55.44958,8.471157,0.0,111.0,270.0,5,1610554650
2021-01-13 17:05:31+00:00,55.44955,8.471142,0.0,111.0,230.0,5,1610557531
2021-01-13 18:17:34+00:00,55.44955,8.471242,0.0,111.0,43.0,5,1610561854
2021-01-13 19:23:36+00:00,55.44952,8.471182,0.0,112.0,76.0,5,1610565816
2021-01-13 20:08:26+00:00,55.44957,8.471187,0.0,112.0,60.0,5,1610568506
2021-01-13 21:17:40+00:00,55.44956,8.471184,0.0,111.0,251.0,5,1610572660
2021-01-13 22:02:30+00:00,55.44955,8.471198,0.0,111.0,76.0,5,1610575350
2021-01-13 23:11:43+00:00,55.44947,8.471236,0.0,111.0,109.0,5,1610579503
2021-01-14 00:23:45+00:00,55.44961,8.471175,0.0,111.0,210.0,5,1610583825
2021-01-14 01:05:46+00:00,55.44949,8.471195,0.0,111.0,147.0,5,1610586346
2021-01-14 02:17:48+00:00,55.44957,8.471158,0.0,111.0,345.0,5,1610590668
2021-01-14 03:05:49+00:00,55.44956,8.471153,0.0,111.0,72.0,5,1610593549
2021-01-14 04:17:51+00:00,55.44955,8.471171,0.0,111.0,220.0,5,1610597871
2021-01-14 05:05:53+00:00,55.44954,8.471218,0.0,111.0,214.0,5,1610600753
2021-01-14 06:17:55+00:00,55.44955,8.471249,0.0,111.0,139.0,5,1610605075
2021-01-14 07:05:56+00:00,55.44953,8.471243,0.0,111.0,139.0,5,1610607956
2021-01-14 08:17:59+00:00,55.44958,8.471145,0.0,112.0,351.0,5,1610612279
2021-01-14 09:06:00+00:00,55.44957,8.471189,0.0,112.0,193.0,5,1610615160
2021-01-14 10:18:01+00:00,55.44957,8.471165,0.0,112.0,260.0,5,1610619481
2021-01-14 11:06:03+00:00,55.44955,8.47117,0.0,112.0,287.0,5,1610622363
2021-01-14 12:18:05+00:00,55.44953,8.47132,0.0,112.0,258.0,5,1610626685
2021-01-14 13:06:07+00:00,55.44958,8.471158,0.0,111.0,296.0,5,1610629567
2021-01-14 14:18:10+00:00,55.44957,8.471223,0.0,112.0,287.0,5,1610633890
2021-01-14 15:09:04+00:00,55.44957,8.471242,0.0,112.0,357.0,5,1610636944
2021-01-14 16:15:06+00:00,55.44956,8.471191,0.0,111.0,226.0,5,1610640906
2021-01-14 17:00:18+00:00,55.44954,8.471171,0.0,111.0,66.0,5,1610643618
2021-01-14 18:12:21+00:00,55.44956,8.471231,0.0,111.0,85.0,5,1610647941
2021-01-14 19:00:40+00:00,55.44955,8.47116,0.0,112.0,117.0,5,1610650840
2021-01-14 20:12:24+00:00,55.44958,8.471265,0.0,112.0,45.0,5,1610655144
2021-01-14 21:18:26+00:00,55.44956,8.471193,0.0,111.0,181.0,5,1610659106
2021-01-14 22:06:28+00:00,55.44957,8.471177,0.0,112.0,201.0,5,1610661988
2021-01-14 23:12:30+00:00,55.44954,8.471205,0.0,112.0,129.0,5,1610665950
2021-01-15 00:00:32+00:00,55.44958,8.471084,0.0,111.0,31.0,5,1610668832
2021-01-15 01:12:33+00:00,55.44957,8.471278,0.0,111.0,215.0,5,1610673153
2021-01-15 02:00:35+00:00,55.44959,8.471187,0.0,112.0,282.0,5,1610676035
2021-01-15 03:12:36+00:00,55.44955,8.471198,0.0,112.0,313.0,5,1610680356
2021-01-15 04:00:38+00:00,55.44957,8.471167,0.0,112.0,247.0,5,1610683238
2021-01-15 05:12:41+00:00,55.44958,8.471165,0.0,111.0,294.0,5,1610687561
2021-01-15 06:00:42+00:00,55.44956,8.471195,0.0,112.0,287.0,5,1610690442
2021-01-15 07:12:44+00:00,55.4495,8.471305,0.0,112.0,13.0,5,1610694764
2021-01-15 08:00:46+00:00,55.44955,8.471184,0.0,111.0,22.0,5,1610697646
2021-01-15 09:06:49+00:00,55.44953,8.471258,0.0,111.0,168.0,5,1610701609
2021-01-15 10:18:51+00:00,55.4496,8.471209,0.0,112.0,249.0,5,1610705931
2021-01-15 11:06:53+00:00,55.44956,8.471175,0.0,112.0,241.0,5,1610708813
2021-01-15 12:18:55+00:00,55.44956,8.471253,0.0,111.0,278.0,5,1610713135
2021-01-15 13:06:56+00:00,55.44958,8.471153,0.0,112.0,262.0,5,1610716016
2021-01-15 14:18:58+00:00,55.44965,8.471182,0.0,112.0,286.0,5,1610720338
2021-01-15 15:07:00+00:00,55.44957,8.471233,0.0,112.0,352.0,5,1610723220
2021-01-15 16:19:02+00:00,55.44958,8.471158,0.0,112.0,350.0,5,1610727542
2021-01-15 17:01:04+00:00,55.44956,8.471162,0.0,111.0,79.0,5,1610730064
2021-01-15 18:13:06+00:00,55.44959,8.471169,0.0,112.0,204.0,5,1610734386
2021-01-15 19:01:09+00:00,55.44957,8.471147,0.0,112.0,226.0,5,1610737269
2021-01-15 20:13:11+00:00,55.44958,8.471177,0.0,112.0,263.0,5,1610741591
2021-01-15 21:16:00+00:00,55.44957,8.471151,0.0,111.0,109.0,5,1610745360
2021-01-15 22:01:14+00:00,55.44957,8.471151,0.0,111.0,82.0,5,1610748074
2021-01-15 23:07:16+00:00,55.44957,8.4712,0.0,111.0,96.0,5,1610752036
2021-01-16 00:19:19+00:00,55.44956,8.471202,0.0,111.0,9.0,5,1610756359
2021-01-16 01:07:20+00:00,55.44958,8.471162,0.0,111.0,215.0,5,1610759240
2021-01-16 02:19:22+00:00,55.44958,8.471091,0.0,112.0,176.0,5,1610763562
2021-01-16 03:10:10+00:00,55.44955,8.471202,0.0,112.0,91.0,5,1610766610
2021-01-16 04:19:27+00:00,55.44955,8.471184,0.0,112.0,55.0,5,1610770767
2021-01-16 05:07:27+00:00,55.44958,8.47115,0.0,111.0,65.0,5,1610773647
2021-01-16 06:19:29+00:00,55.44956,8.47117,0.0,111.0,259.0,5,1610777969
2021-01-16 07:07:31+00:00,55.4495,8.471334,0.0,111.0,23.0,5,1610780851
2021-01-16 08:19:33+00:00,55.44957,8.471151,0.0,111.0,78.0,5,1610785173
2021-01-16 09:07:35+00:00,55.44955,8.471195,0.0,111.0,258.0,5,1610788055
2021-01-16 10:19:38+00:00,55.44958,8.47121,0.0,111.0,243.0,5,1610792378
2021-01-16 11:07:39+00:00,55.44955,8.47117,0.0,111.0,264.0,5,1610795259
2021-01-16 12:19:42+00:00,55.44957,8.47119,0.0,111.0,224.0,5,1610799582
2021-01-16 13:07:43+00:00,55.44955,8.47117,0.0,111.0,236.0,5,1610802463
2021-01-16 14:19:45+00:00,55.44958,8.47116,0.0,111.0,323.0,5,1610806785
2021-01-16 15:07:47+00:00,55.44957,8.471164,0.0,111.0,301.0,5,1610809667
2021-01-16 16:19:50+00:00,55.44957,8.471157,0.0,112.0,240.0,5,1610813990
2021-01-16 17:07:51+00:00,55.44956,8.47117,0.0,111.0,77.0,5,1610816871
2021-01-16 18:19:53+00:00,55.44957,8.471165,0.0,111.0,73.0,5,1610821193
2021-01-16 19:07:55+00:00,55.44955,8.471229,0.0,112.0,60.0,5,1610824075
2021-01-16 20:19:57+00:00,55.44957,8.471177,0.0,112.0,64.0,5,1610828397
2021-01-16 21:07:59+00:00,55.44956,8.47121,0.0,111.0,51.0,5,1610831279
2021-01-16 22:20:02+00:00,55.44954,8.471195,0.0,111.0,210.0,5,1610835602
2021-01-16 23:02:03+00:00,55.44956,8.471185,0.0,111.0,326.0,5,1610838123
2021-01-17 00:14:05+00:00,55.44955,8.471235,0.0,112.0,17.0,5,1610842445
2021-01-17 01:02:07+00:00,55.44958,8.471151,0.0,112.0,223.0,5,1610845327
2021-01-17 02:14:10+00:00,55.44956,8.471153,0.0,111.0,286.0,5,1610849650
2021-01-17 03:04:55+00:00,55.44957,8.471155,0.0,112.0,89.0,5,1610852695
2021-01-17 04:14:14+00:00,55.44955,8.471173,0.0,111.0,214.0,5,1610856854
2021-01-17 05:02:16+00:00,55.44958,8.471148,0.0,112.0,275.0,5,1610859736
2021-01-17 06:14:18+00:00,55.44957,8.47116,0.0,111.0,96.0,5,1610864058
2021-01-17 07:02:19+00:00,55.44952,8.47126,0.0,112.0,76.0,5,1610866939
2021-01-17 08:11:06+00:00,55.44957,8.471157,0.0,112.0,265.0,5,1610871066
2021-01-17 09:20:24+00:00,55.44955,8.47118,0.0,112.0,66.0,5,1610875224
2021-01-17 10:08:26+00:00,55.44957,8.471169,0.0,111.0,241.0,5,1610878106
2021-01-17 11:20:27+00:00,55.44961,8.471227,0.0,112.0,256.0,5,1610882427
2021-01-17 12:08:29+00:00,55.44957,8.471184,0.0,112.0,355.0,5,1610885309
2021-01-17 13:23:14+00:00,55.44954,8.471191,0.0,112.0,27.0,5,1610889794
2021-01-17 14:08:32+00:00,55.4496,8.471193,0.0,112.0,60.0,5,1610892512
2021-01-17 15:14:34+00:00,55.44958,8.471197,0.0,111.0,338.0,5,1610896474
2021-01-17 16:02:35+00:00,55.44958,8.471162,0.0,112.0,200.0,5,1610899355
2021-01-17 17:14:37+00:00,55.44958,8.471157,0.0,111.0,85.0,5,1610903677
2021-01-17 18:02:39+00:00,55.44958,8.471189,0.0,112.0,228.0,5,1610906559
2021-01-17 19:14:41+00:00,55.44954,8.471197,0.0,111.0,58.0,5,1610910881
2021-01-17 20:02:42+00:00,55.44959,8.471164,0.0,112.0,67.0,5,1610913762
2021-01-17 21:14:44+00:00,55.44957,8.471169,0.0,111.0,14.0,5,1610918084
2021-01-17 22:02:46+00:00,55.44957,8.471158,0.0,111.0,152.0,5,1610920966
2021-01-17 23:14:48+00:00,55.44955,8.47119,0.0,112.0,67.0,5,1610925288
2021-01-18 00:02:49+00:00,55.44955,8.471287,0.0,112.0,215.0,5,1610928169
2021-01-18 01:14:51+00:00,55.44955,8.471197,0.0,112.0,246.0,5,1610932491
2021-01-18 02:02:53+00:00,55.44957,8.471144,0.0,111.0,324.0,5,1610935373
2021-01-18 03:11:41+00:00,55.44958,8.471113,0.0,111.0,182.0,5,1610939501
2021-01-18 04:20:58+00:00,55.44957,8.471162,0.0,111.0,229.0,5,1610943658
2021-01-18 05:09:00+00:00,55.44958,8.471155,0.0,111.0,79.0,5,1610946540
2021-01-18 06:21:02+00:00,55.44955,8.471175,0.0,111.0,172.0,5,1610950862
2021-01-18 07:09:03+00:00,55.44956,8.471227,0.0,111.0,221.0,5,1610953743
2021-01-18 08:21:05+00:00,55.44958,8.471162,0.0,111.0,239.0,5,1610958065
2021-01-18 09:09:06+00:00,55.44955,8.471191,0.0,111.0,225.0,5,1610960946
2021-01-18 10:21:09+00:00,55.44957,8.471195,0.0,111.0,16.0,5,1610965269
2021-01-18 11:09:10+00:00,55.44962,8.471209,0.0,111.0,133.0,5,1610968150
2021-01-18 12:15:12+00:00,55.44958,8.47115,0.0,111.0,348.0,5,1610972112
2021-01-18 13:03:16+00:00,55.44956,8.471197,0.0,111.0,193.0,5,1610974996
2021-01-18 14:15:16+00:00,55.44961,8.471162,0.0,111.0,328.0,5,1610979316
2021-01-18 15:03:18+00:00,55.44959,8.471236,0.0,111.0,328.0,5,1610982198
2021-01-18 16:15:21+00:00,55.44953,8.471223,0.0,111.0,351.0,5,1610986521
2021-01-18 17:03:22+00:00,55.44956,8.47118,0.0,111.0,97.0,5,1610989402
2021-01-18 18:15:25+00:00,55.44957,8.471182,0.0,111.0,289.0,5,1610993725
2021-01-18 19:03:26+00:00,55.44957,8.471169,0.0,111.0,55.0,5,1610996606
2021-01-18 20:15:29+00:00,55.44958,8.471164,0.0,111.0,25.0,5,1611000929
2021-01-18 21:03:31+00:00,55.44956,8.471169,0.0,111.0,84.0,5,1611003811
2021-01-18 22:15:34+00:00,55.44954,8.471189,0.0,111.0,220.0,5,1611008134
2021-01-18 23:03:38+00:00,55.44956,8.47117,0.0,111.0,154.0,5,1611011018
2021-01-19 00:09:40+00:00,55.44953,8.47128,0.0,111.0,19.0,5,1611014980
2021-01-19 01:00:24+00:00,55.44957,8.471233,0.0,111.0,188.0,5,1611018024
2021-01-19 02:09:45+00:00,55.44957,8.471178,0.0,111.0,33.0,5,1611022185
2021-01-19 03:15:46+00:00,55.44956,8.471131,0.0,111.0,194.0,5,1611026146
2021-01-19 04:03:48+00:00,55.44958,8.471144,0.0,111.0,211.0,5,1611029028
2021-01-19 05:09:50+00:00,55.44961,8.47116,0.0,111.0,264.0,5,1611032990
2021-01-19 06:21:52+00:00,55.44956,8.471204,0.0,111.0,53.0,5,1611037312
2021-01-19 07:09:54+00:00,55.44952,8.471256,0.0,111.0,51.0,5,1611040194
2021-01-19 08:21:56+00:00,55.44956,8.471158,0.0,111.0,13.0,5,1611044516
2021-01-19 09:09:57+00:00,55.44954,8.471178,0.0,111.0,291.0,5,1611047397
2021-01-19 10:21:59+00:00,55.44957,8.471184,0.0,111.0,243.0,5,1611051719
2021-01-19 11:06:42+00:00,55.44958,8.471211,0.0,111.0,253.0,5,1611054402
2021-01-19 12:16:04+00:00,55.44953,8.471267,0.0,112.0,177.0,5,1611058564
2021-01-19 13:04:05+00:00,55.44956,8.471178,0.0,111.0,98.0,5,1611061445
2021-01-19 14:16:07+00:00,55.44961,8.471182,0.0,111.0,278.0,5,1611065767
2021-01-19 15:04:09+00:00,55.44958,8.471209,0.0,111.0,101.0,5,1611068649
2021-01-19 16:16:12+00:00,55.44958,8.471155,0.0,111.0,29.0,5,1611072972
2021-01-19 17:06:52+00:00,55.44958,8.47117,0.0,112.0,107.0,5,1611076012
2021-01-19 18:16:15+00:00,55.44957,8.47116,0.0,111.0,77.0,5,1611080175
2021-01-19 19:04:17+00:00,55.44955,8.471175,0.0,111.0,64.0,5,1611083057
2021-01-19 20:16:18+00:00,55.44955,8.471205,0.0,111.0,73.0,5,1611087378
2021-01-19 21:04:20+00:00,55.44956,8.471164,0.0,111.0,89.0,5,1611090260
2021-01-19 22:16:22+00:00,55.44954,8.471184,0.0,111.0,55.0,5,1611094582
2021-01-19 23:04:24+00:00,55.44956,8.471207,0.0,111.0,341.0,5,1611097464
2021-01-20 00:16:26+00:00,55.44954,8.471247,0.0,111.0,179.0,5,1611101786
2021-01-20 01:04:28+00:00,55.44955,8.471191,0.0,111.0,29.0,5,1611104668
2021-01-20 02:16:30+00:00,55.44957,8.471153,0.0,111.0,351.0,5,1611108990
2021-01-20 03:04:32+00:00,55.44957,8.471104,0.0,111.0,211.0,5,1611111872
2021-01-20 04:10:34+00:00,55.44958,8.471155,0.0,111.0,65.0,5,1611115834
2021-01-20 05:22:37+00:00,55.44958,8.471164,0.0,112.0,42.0,5,1611120157
2021-01-20 06:10:39+00:00,55.44957,8.47115,0.0,112.0,341.0,5,1611123039
2021-01-20 07:22:40+00:00,55.44958,8.471178,0.0,112.0,59.0,5,1611127360
2021-01-20 08:10:43+00:00,55.44956,8.471178,0.0,111.0,29.0,5,1611130243
2021-01-20 09:22:45+00:00,55.44955,8.471169,0.0,111.0,327.0,5,1611134565
2021-01-20 10:10:46+00:00,55.44958,8.471189,0.0,112.0,215.0,5,1611137446
2021-01-20 11:22:49+00:00,55.44954,8.471238,0.0,112.0,213.0,5,1611141769
2021-01-20 12:04:50+00:00,55.44954,8.471255,0.0,111.0,210.0,5,1611144290
2021-01-20 13:16:52+00:00,55.44954,8.471197,0.0,112.0,40.0,5,1611148612
2021-01-20 14:22:55+00:00,55.44956,8.47123,0.0,111.0,149.0,5,1611152575
2021-01-20 15:10:55+00:00,55.44958,8.471202,0.0,112.0,34.0,5,1611155455
2021-01-20 16:22:58+00:00,55.44954,8.471205,0.0,112.0,151.0,5,1611159778
2021-01-20 17:10:59+00:00,55.44959,8.47117,0.0,112.0,317.0,5,1611162659
2021-01-20 18:19:43+00:00,55.44957,8.471151,0.0,111.0,267.0,5,1611166783
2021-01-20 19:05:03+00:00,55.44956,8.471167,0.0,111.0,253.0,5,1611169503
2021-01-20 20:23:06+00:00,55.44959,8.471173,0.0,111.0,58.0,5,1611174186
2021-01-20 21:11:07+00:00,55.44956,8.471185,0.0,111.0,238.0,5,1611177067
2021-01-20 22:23:10+00:00,55.44953,8.471142,0.0,111.0,192.0,5,1611181390
2021-01-20 23:11:12+00:00,55.44958,8.471184,0.0,111.0,167.0,5,1611184272
2021-01-21 00:01:53+00:00,55.44945,8.471505,0.0,111.0,224.0,5,1611187313
2021-01-21 01:11:15+00:00,55.44956,8.471222,0.0,111.0,194.0,5,1611191475
2021-01-21 02:23:18+00:00,55.44957,8.471068,0.0,111.0,10.0,5,1611195798
2021-01-21 03:11:19+00:00,55.44953,8.471155,0.0,111.0,268.0,5,1611198679
2021-01-21 04:23:21+00:00,55.44955,8.471164,0.0,111.0,224.0,5,1611203001
2021-01-21 05:11:23+00:00,55.44957,8.47119,0.0,111.0,358.0,5,1611205883
2021-01-21 06:23:25+00:00,55.44956,8.471177,0.0,112.0,314.0,5,1611210205
2021-01-21 07:11:27+00:00,55.44955,8.47123,0.0,111.0,88.0,5,1611213087
2021-01-21 08:23:28+00:00,55.44952,8.471202,0.0,111.0,223.0,5,1611217408
2021-01-21 09:11:30+00:00,55.44954,8.471184,0.0,111.0,99.0,5,1611220290
2021-01-21 10:23:32+00:00,55.44957,8.471182,0.0,112.0,54.0,5,1611224612
2021-01-21 11:11:34+00:00,55.44957,8.471177,0.0,112.0,330.0,5,1611227494
2021-01-21 12:23:36+00:00,55.44957,8.471197,0.0,112.0,325.0,5,1611231816
2021-01-21 13:11:38+00:00,55.44955,8.471205,0.0,112.0,224.0,5,1611234698
2021-01-21 14:23:40+00:00,55.44957,8.471233,0.0,112.0,320.0,5,1611239020
2021-01-21 15:11:42+00:00,55.44956,8.471164,0.0,112.0,307.0,5,1611241902
2021-01-21 16:26:24+00:00,55.44953,8.471213,0.0,111.0,185.0,5,1611246384
2021-01-21 17:11:46+00:00,55.4496,8.471238,0.0,111.0,105.0,5,1611249106
2021-01-21 18:20:29+00:00,55.44959,8.471173,0.0,112.0,84.0,5,1611253229
2021-01-21 19:02:30+00:00,55.44957,8.471177,0.0,112.0,81.0,5,1611255750
2021-01-21 20:11:53+00:00,55.44959,8.47115,0.0,112.0,335.0,5,1611259913
2021-01-21 21:23:56+00:00,55.44954,8.471202,0.0,111.0,293.0,5,1611264236
2021-01-21 22:08:36+00:00,55.44953,8.47119,0.0,112.0,224.0,5,1611266916
2021-01-21 23:17:59+00:00,55.44956,8.471158,0.0,112.0,296.0,5,1611271079
2021-01-22 00:06:00+00:00,55.44955,8.471256,0.0,112.0,224.0,5,1611273960
2021-01-22 01:18:02+00:00,55.44957,8.47117,0.0,112.0,67.0,5,1611278282
2021-01-22 02:06:04+00:00,55.44955,8.471164,0.0,112.0,329.0,5,1611281164
2021-01-22 03:18:06+00:00,55.44958,8.471097,0.0,112.0,34.0,5,1611285486
2021-01-22 04:06:07+00:00,55.44958,8.471167,0.0,112.0,77.0,5,1611288367
2021-01-22 05:12:10+00:00,55.44956,8.471211,0.0,112.0,246.0,5,1611292330
2021-01-22 06:00:11+00:00,55.44958,8.471144,0.0,112.0,142.0,5,1611295211
2021-01-22 07:12:13+00:00,55.44956,8.471185,0.0,112.0,297.0,5,1611299533
2021-01-22 08:00:15+00:00,55.44957,8.47115,0.0,112.0,57.0,5,1611302415
2021-01-22 09:12:17+00:00,55.44957,8.471125,0.0,112.0,178.0,5,1611306737
2021-01-22 10:00:18+00:00,55.44958,8.471215,0.0,112.0,307.0,5,1611309618
2021-01-22 11:12:20+00:00,55.44956,8.471198,0.0,112.0,255.0,5,1611313940
2021-01-22 12:00:22+00:00,55.44956,8.471223,0.0,112.0,182.0,5,1611316822
2021-01-22 13:12:24+00:00,55.44953,8.47121,0.0,112.0,51.0,5,1611321144
2021-01-22 14:00:25+00:00,55.44961,8.471164,0.0,112.0,82.0,5,1611324025
2021-01-22 15:06:27+00:00,55.44958,8.471197,0.0,112.0,259.0,5,1611327987
2021-01-22 16:18:29+00:00,55.44954,8.471225,0.0,112.0,235.0,5,1611332309
2021-01-22 17:09:13+00:00,55.4496,8.471253,0.0,112.0,294.0,5,1611335353
2021-01-22 18:18:33+00:00,55.44957,8.471165,0.0,112.0,240.0,5,1611339513
2021-01-22 19:06:35+00:00,55.44955,8.471247,0.0,112.0,63.0,5,1611342395
2021-01-22 20:18:37+00:00,55.44958,8.471137,0.0,112.0,277.0,5,1611346717
2021-01-22 21:06:38+00:00,55.44957,8.471158,0.0,111.0,72.0,5,1611349598
2021-01-22 22:18:41+00:00,55.44953,8.471182,0.0,111.0,245.0,5,1611353921
2021-01-22 23:06:42+00:00,55.44958,8.47122,0.0,111.0,303.0,5,1611356802
2021-01-23 00:18:45+00:00,55.44958,8.47119,0.0,111.0,119.0,5,1611361125
2021-01-23 01:06:46+00:00,55.44958,8.471178,0.0,112.0,34.0,5,1611364006
2021-01-23 02:18:49+00:00,55.44957,8.471095,0.0,111.0,350.0,5,1611368329
2021-01-23 03:06:50+00:00,55.44956,8.471131,0.0,111.0,143.0,5,1611371210
2021-01-23 04:21:36+00:00,55.44956,8.47117,0.0,112.0,31.0,5,1611375696
2021-01-23 05:06:55+00:00,55.44958,8.471173,0.0,112.0,63.0,5,1611378415
2021-01-23 06:18:57+00:00,55.44957,8.471185,0.0,112.0,146.0,5,1611382737
2021-01-23 07:06:59+00:00,55.44958,8.471187,0.0,112.0,71.0,5,1611385619
2021-01-23 08:19:02+00:00,55.44955,8.471164,0.0,112.0,188.0,5,1611389942
2021-01-23 09:07:03+00:00,55.44956,8.471155,0.0,112.0,50.0,5,1611392823
2021-01-23 10:19:05+00:00,55.44957,8.471157,0.0,111.0,39.0,5,1611397145
2021-01-23 11:07:06+00:00,55.44955,8.471175,0.0,112.0,207.0,5,1611400026
2021-01-23 12:19:08+00:00,55.44957,8.47118,0.0,112.0,255.0,5,1611404348
2021-01-23 13:07:10+00:00,55.44953,8.471207,0.0,112.0,48.0,5,1611407230
2021-01-23 14:13:12+00:00,55.44958,8.471229,0.0,112.0,130.0,5,1611411192
2021-01-23 15:01:14+00:00,55.44957,8.471171,0.0,112.0,225.0,5,1611414074
2021-01-23 16:13:17+00:00,55.44955,8.471185,0.0,112.0,208.0,5,1611418397
2021-01-23 17:01:18+00:00,55.44959,8.471164,0.0,112.0,287.0,5,1611421278
2021-01-23 18:13:21+00:00,55.44955,8.471184,0.0,112.0,22.0,5,1611425601
2021-01-23 19:01:22+00:00,55.44953,8.471309,0.0,112.0,96.0,5,1611428482
2021-01-23 20:13:25+00:00,55.4496,8.471142,0.0,112.0,62.0,5,1611432805
2021-01-23 21:19:27+00:00,55.44956,8.471173,0.0,112.0,75.0,5,1611436767
2021-01-23 22:07:29+00:00,55.4495,8.47115,0.0,112.0,35.0,5,1611439649
2021-01-23 23:19:31+00:00,55.44958,8.471135,0.0,112.0,24.0,5,1611443971
2021-01-24 00:07:33+00:00,55.44957,8.471177,0.0,112.0,282.0,5,1611446853
2021-01-24 01:19:35+00:00,55.44958,8.471178,0.0,112.0,91.0,5,1611451175
2021-01-24 02:07:37+00:00,55.44958,8.471095,0.0,112.0,283.0,5,1611454057
2021-01-24 03:22:20+00:00,55.44956,8.471138,0.0,112.0,249.0,5,1611458540
2021-01-24 04:07:41+00:00,55.44958,8.471125,0.0,112.0,53.0,5,1611461261
2021-01-24 05:19:43+00:00,55.44957,8.471169,0.0,112.0,247.0,5,1611465583
2021-01-24 06:07:45+00:00,55.44956,8.47119,0.0,112.0,308.0,5,1611468465
2021-01-24 07:19:47+00:00,55.44954,8.471292,0.0,112.0,52.0,5,1611472787
2021-01-24 08:07:49+00:00,55.44956,8.471195,0.0,112.0,28.0,5,1611475669
2021-01-24 09:19:51+00:00,55.44956,8.471165,0.0,112.0,102.0,5,1611479991
2021-01-24 10:07:53+00:00,55.44957,8.471171,0.0,112.0,76.0,5,1611482873
2021-01-24 11:19:55+00:00,55.44955,8.4712,0.0,112.0,231.0,5,1611487195
2021-01-24 12:07:57+00:00,55.44958,8.471189,0.0,112.0,205.0,5,1611490077
2021-01-24 13:20:00+00:00,55.44955,8.471198,0.0,111.0,162.0,5,1611494400
2021-01-24 14:08:02+00:00,55.44957,8.471191,0.0,112.0,322.0,5,1611497282
2021-01-24 15:20:04+00:00,55.44957,8.471144,0.0,112.0,56.0,5,1611501604
2021-01-24 16:08:05+00:00,55.44956,8.471155,0.0,111.0,72.0,5,1611504485
2021-01-24 17:20:08+00:00,55.44957,8.471247,0.0,111.0,310.0,5,1611508808
2021-01-24 18:08:09+00:00,55.44957,8.471164,0.0,112.0,266.0,5,1611511689
2021-01-24 19:20:11+00:00,55.44955,8.471216,0.0,112.0,249.0,5,1611516011
2021-01-24 20:08:12+00:00,55.44958,8.471157,0.0,111.0,253.0,5,1611518892
2021-01-24 21:20:15+00:00,55.44957,8.471157,0.0,111.0,251.0,5,1611523215
2021-01-24 22:08:16+00:00,55.44955,8.471151,0.0,111.0,53.0,5,1611526096
2021-01-24 23:20:19+00:00,55.44957,8.47107,0.0,111.0,39.0,5,1611530419
2021-01-25 00:08:21+00:00,55.44958,8.471158,0.0,112.0,240.0,5,1611533301
2021-01-25 01:20:23+00:00,55.44957,8.471182,0.0,112.0,25.0,5,1611537623
2021-01-25 02:08:25+00:00,55.44957,8.471131,0.0,112.0,5.0,5,1611540505
2021-01-25 03:20:28+00:00,55.44953,8.471198,0.0,112.0,35.0,5,1611544828
2021-01-25 04:08:28+00:00,55.44956,8.471151,0.0,111.0,40.0,5,1611547708
2021-01-25 05:20:31+00:00,55.44956,8.471189,0.0,111.0,242.0,5,1611552031
2021-01-25 06:08:32+00:00,55.44957,8.471175,0.0,111.0,205.0,5,1611554912
2021-01-25 07:20:34+00:00,55.44954,8.47121,0.0,111.0,291.0,5,1611559234
2021-01-25 08:08:36+00:00,55.44955,8.471229,0.0,112.0,232.0,5,1611562116
2021-01-25 09:20:38+00:00,55.44956,8.471171,0.0,112.0,49.0,5,1611566438
2021-01-25 10:08:40+00:00,55.44957,8.471175,0.0,112.0,70.0,5,1611569320
2021-01-25 11:20:42+00:00,55.44955,8.471207,0.0,112.0,221.0,5,1611573642
2021-01-25 12:08:44+00:00,55.44955,8.471189,0.0,111.0,201.0,5,1611576524
2021-01-25 13:20:47+00:00,55.44956,8.471165,0.0,112.0,43.0,5,1611580847
2021-01-25 14:08:48+00:00,55.44957,8.471155,0.0,112.0,319.0,5,1611583728
2021-01-25 15:20:50+00:00,55.44958,8.471178,0.0,112.0,51.0,5,1611588050
2021-01-25 16:08:52+00:00,55.44957,8.471178,0.0,112.0,69.0,5,1611590932
2021-01-25 17:17:32+00:00,55.44956,8.4713,0.0,111.0,297.0,5,1611595052
2021-01-25 18:02:55+00:00,55.44958,8.471135,0.0,111.0,297.0,5,1611597775
2021-01-25 19:14:58+00:00,55.44955,8.471182,0.0,112.0,54.0,5,1611602098
2021-01-25 20:02:59+00:00,55.44957,8.471185,0.0,112.0,280.0,5,1611604979
2021-01-25 21:15:01+00:00,55.44957,8.471162,0.0,112.0,79.0,5,1611609301
2021-01-25 22:03:02+00:00,55.44952,8.471137,0.0,112.0,246.0,5,1611612182
2021-01-25 23:15:07+00:00,55.44955,8.47121,0.0,112.0,231.0,5,1611616507
2021-01-26 00:21:09+00:00,55.44957,8.471164,0.0,112.0,156.0,5,1611620469
2021-01-26 01:11:51+00:00,55.44959,8.471184,0.0,112.0,291.0,5,1611623511
2021-01-26 02:21:12+00:00,55.44956,8.47115,0.0,111.0,195.0,5,1611627672
2021-01-26 03:09:14+00:00,55.44955,8.47116,0.0,112.0,237.0,5,1611630554
2021-01-26 04:21:16+00:00,55.44955,8.47121,0.0,112.0,217.0,5,1611634876
2021-01-26 05:09:17+00:00,55.44955,8.471191,0.0,111.0,322.0,5,1611637757
2021-01-26 06:21:19+00:00,55.44956,8.471198,0.0,112.0,71.0,5,1611642079
2021-01-26 07:09:21+00:00,55.44956,8.471253,0.0,111.0,54.0,5,1611644961
2021-01-26 08:21:23+00:00,55.4495,8.471283,0.0,111.0,219.0,5,1611649283
2021-01-26 09:09:25+00:00,55.44955,8.471165,0.0,111.0,53.0,5,1611652165
2021-01-26 10:21:28+00:00,55.44957,8.471158,0.0,111.0,84.0,5,1611656488
2021-01-26 11:09:30+00:00,55.44955,8.471231,0.0,111.0,4.0,5,1611659370
2021-01-26 12:21:32+00:00,55.44957,8.47117,0.0,111.0,238.0,5,1611663692
2021-01-26 13:09:33+00:00,55.44955,8.47121,0.0,111.0,264.0,5,1611666573
2021-01-26 14:21:36+00:00,55.44958,8.471225,0.0,112.0,12.0,5,1611670896
2021-01-26 15:09:38+00:00,55.44958,8.471145,0.0,112.0,240.0,5,1611673778
2021-01-26 16:21:40+00:00,55.44955,8.471157,0.0,112.0,248.0,5,1611678100
2021-01-26 17:09:41+00:00,55.44958,8.471215,0.0,111.0,281.0,5,1611680981
2021-01-26 18:21:43+00:00,55.44949,8.471282,0.0,112.0,221.0,5,1611685303
2021-01-26 19:09:45+00:00,55.44956,8.471182,0.0,111.0,34.0,5,1611688185
2021-01-26 20:15:47+00:00,55.44957,8.471138,0.0,111.0,76.0,5,1611692147
2021-01-26 21:03:49+00:00,55.44957,8.471175,0.0,111.0,104.0,5,1611695029
2021-01-26 22:15:51+00:00,55.44953,8.471195,0.0,112.0,79.0,5,1611699351
2021-01-26 23:03:53+00:00,55.4496,8.471216,0.0,112.0,30.0,5,1611702233
2021-01-27 00:12:36+00:00,55.44957,8.471175,0.0,112.0,171.0,5,1611706356
2021-01-27 01:21:58+00:00,55.44957,8.471148,0.0,112.0,46.0,5,1611710518
2021-01-27 02:09:59+00:00,55.44954,8.471178,0.0,112.0,35.0,5,1611713399
2021-01-27 03:22:01+00:00,55.44954,8.471209,0.0,111.0,250.0,5,1611717721
2021-01-27 04:10:03+00:00,55.44956,8.471164,0.0,112.0,215.0,5,1611720603
2021-01-27 05:22:05+00:00,55.44958,8.471249,0.0,112.0,354.0,5,1611724925
2021-01-27 06:10:07+00:00,55.44955,8.471195,0.0,111.0,218.0,5,1611727807
2021-01-27 07:22:08+00:00,55.44958,8.471158,0.0,111.0,32.0,5,1611732128
2021-01-27 08:10:10+00:00,55.44957,8.471189,0.0,112.0,266.0,5,1611735010
2021-01-27 09:22:12+00:00,55.44959,8.47117,0.0,111.0,49.0,5,1611739332
2021-01-27 10:10:14+00:00,55.44956,8.471171,0.0,111.0,100.0,5,1611742214
2021-01-27 11:00:55+00:00,55.44956,8.47116,0.0,112.0,21.0,5,1611745255
2021-01-27 12:10:17+00:00,55.44957,8.471164,0.0,111.0,44.0,5,1611749417
2021-01-27 13:22:19+00:00,55.44957,8.471211,0.0,111.0,66.0,5,1611753739
2021-01-27 14:10:21+00:00,55.44958,8.471171,0.0,111.0,327.0,5,1611756621
2021-01-27 15:16:23+00:00,55.44962,8.47115,0.0,111.0,269.0,5,1611760583
2021-01-27 16:04:25+00:00,55.44955,8.471171,0.0,111.0,245.0,5,1611763465
2021-01-27 17:16:27+00:00,55.44957,8.471184,0.0,111.0,243.0,5,1611767787
2021-01-27 18:04:29+00:00,55.44955,8.471162,0.0,111.0,266.0,5,1611770669
2021-01-27 19:16:31+00:00,55.44955,8.471204,0.0,111.0,44.0,5,1611774991
2021-01-27 20:04:32+00:00,55.44955,8.471191,0.0,111.0,71.0,5,1611777872
2021-01-27 21:16:34+00:00,55.44955,8.471175,0.0,111.0,106.0,5,1611782194
2021-01-27 22:04:36+00:00,55.44953,8.471153,0.0,111.0,59.0,5,1611785076
2021-01-27 23:16:38+00:00,55.44957,8.471162,0.0,111.0,58.0,5,1611789398
2021-01-28 00:04:40+00:00,55.44957,8.471182,0.0,111.0,204.0,5,1611792280
2021-01-28 01:16:42+00:00,55.44958,8.47117,0.0,111.0,143.0,5,1611796602
2021-01-28 02:04:45+00:00,55.44955,8.471124,0.0,111.0,173.0,5,1611799485
2021-01-28 03:16:47+00:00,55.44956,8.471167,0.0,111.0,233.0,5,1611803807
2021-01-28 04:04:48+00:00,55.44956,8.471158,0.0,111.0,194.0,5,1611806688
2021-01-28 05:16:51+00:00,55.44955,8.471325,0.0,111.0,193.0,5,1611811011
2021-01-28 06:04:53+00:00,55.44956,8.471198,0.0,111.0,161.0,5,1611813893
2021-01-28 07:16:55+00:00,55.44957,8.471155,0.0,111.0,52.0,5,1611818215
2021-01-28 08:04:57+00:00,55.44957,8.471175,0.0,111.0,256.0,5,1611821097
2021-01-28 09:17:00+00:00,55.44955,8.47115,0.0,111.0,56.0,5,1611825420
2021-01-28 10:05:02+00:00,55.44957,8.471175,0.0,111.0,73.0,5,1611828302
2021-01-28 11:11:04+00:00,55.44956,8.471197,0.0,111.0,256.0,5,1611832264
2021-01-28 12:01:42+00:00,55.44957,8.471165,0.0,111.0,221.0,5,1611835302
2021-01-28 13:11:08+00:00,55.44957,8.47117,0.0,111.0,209.0,5,1611839468
2021-01-28 14:23:10+00:00,55.44957,8.471195,0.0,111.0,73.0,5,1611843790
2021-01-28 15:11:12+00:00,55.44955,8.471223,0.0,111.0,87.0,5,1611846672
2021-01-28 16:23:14+00:00,55.44957,8.471167,0.0,111.0,127.0,5,1611850994
2021-01-28 17:11:16+00:00,55.44956,8.471209,0.0,111.0,263.0,5,1611853876
2021-01-28 18:23:18+00:00,55.44956,8.471211,0.0,111.0,245.0,5,1611858198
2021-01-28 19:11:20+00:00,55.44954,8.471205,0.0,111.0,32.0,5,1611861080
2021-01-28 20:23:22+00:00,55.44955,8.471177,0.0,111.0,263.0,5,1611865402
2021-01-28 21:11:23+00:00,55.44957,8.471151,0.0,111.0,61.0,5,1611868283
2021-01-28 22:23:25+00:00,55.44957,8.471198,0.0,111.0,292.0,5,1611872605
2021-01-28 23:11:26+00:00,55.44956,8.471131,0.0,111.0,37.0,5,1611875486
2021-01-29 00:09:27+00:00,55.44957,8.471157,0.0,111.0,308.0,5,1611878967
2021-01-29 01:12:28+00:00,55.44958,8.471198,0.0,111.0,31.0,5,1611882748
2021-01-29 02:15:30+00:00,55.44956,8.471145,0.0,111.0,329.0,5,1611886530
2021-01-29 03:18:32+00:00,55.44954,8.471216,0.0,111.0,46.0,5,1611890312
2021-01-29 04:00:33+00:00,55.44956,8.47116,0.0,111.0,182.0,5,1611892833
2021-01-29 05:06:35+00:00,55.44957,8.471167,0.0,111.0,124.0,5,1611896795
2021-01-29 06:09:37+00:00,55.44954,8.47123,0.0,111.0,254.0,5,1611900577
2021-01-29 07:12:40+00:00,55.44959,8.471138,0.0,111.0,16.0,5,1611904360
2021-01-29 08:15:41+00:00,55.44953,8.471243,0.0,111.0,87.0,5,1611908141
2021-01-29 09:18:43+00:00,55.44957,8.471223,0.0,111.0,54.0,5,1611911923
2021-01-29 10:00:45+00:00,55.44957,8.47117,0.0,111.0,37.0,5,1611914445
2021-01-29 11:03:47+00:00,55.44955,8.471202,0.0,111.0,37.0,5,1611918227
2021-01-29 12:06:49+00:00,55.44955,8.471157,0.0,110.0,207.0,5,1611922009
2021-01-29 13:09:52+00:00,55.44955,8.47119,0.0,110.0,207.0,5,1611925792
2021-01-29 14:12:53+00:00,55.44958,8.471164,0.0,111.0,126.0,5,1611929573
2021-01-29 15:15:55+00:00,55.44954,8.471213,0.0,111.0,234.0,5,1611933355
2021-01-29 16:18:57+00:00,55.44957,8.471162,0.0,111.0,275.0,5,1611937137
2021-01-29 17:00:58+00:00,55.44958,8.471213,0.0,111.0,265.0,5,1611939658
2021-01-29 18:04:02+00:00,55.44955,8.47116,0.0,111.0,74.0,5,1611943442
2021-01-29 19:07:03+00:00,55.44954,8.47121,0.0,110.0,98.0,5,1611947223
2021-01-29 20:10:05+00:00,55.44955,8.471173,0.0,111.0,68.0,5,1611951005
2021-01-29 21:13:06+00:00,55.44957,8.471157,0.0,111.0,79.0,5,1611954786
2021-01-29 22:16:10+00:00,55.44957,8.471197,0.0,110.0,88.0,5,1611958570
2021-01-29 23:19:11+00:00,55.44958,8.47122,0.0,111.0,62.0,5,1611962351
2021-01-30 00:01:12+00:00,55.44957,8.471182,0.0,110.0,182.0,5,1611964872
2021-01-30 01:04:16+00:00,55.44958,8.471118,0.0,111.0,298.0,5,1611968656
2021-01-30 02:07:16+00:00,55.44957,8.471135,0.0,111.0,196.0,5,1611972436
2021-01-30 03:10:19+00:00,55.44955,8.47119,0.0,111.0,46.0,5,1611976219
2021-01-30 04:13:20+00:00,55.44961,8.471127,0.0,111.0,88.0,5,1611980000
2021-01-30 05:16:23+00:00,55.44956,8.47122,0.0,111.0,190.0,5,1611983783
2021-01-30 06:19:23+00:00,55.44952,8.471289,0.0,111.0,206.0,5,1611987563
2021-01-30 07:01:25+00:00,55.44955,8.471182,0.0,111.0,61.0,5,1611990085
2021-01-30 08:04:27+00:00,55.44955,8.471197,0.0,111.0,200.0,5,1611993867
2021-01-30 09:07:28+00:00,55.44956,8.471165,0.0,111.0,228.0,5,1611997648
2021-01-30 10:10:32+00:00,55.44955,8.471162,0.0,110.0,272.0,5,1612001432
2021-01-30 11:13:32+00:00,55.44952,8.471315,0.0,111.0,58.0,5,1612005212
2021-01-30 12:16:35+00:00,55.44957,8.471178,0.0,110.0,43.0,5,1612008995
2021-01-30 13:19:38+00:00,55.44964,8.471178,0.0,111.0,99.0,5,1612012778
2021-01-30 14:01:39+00:00,55.44958,8.471235,0.0,111.0,9.0,5,1612015299
2021-01-30 15:04:42+00:00,55.44958,8.471162,0.0,111.0,345.0,5,1612019082
2021-01-30 16:10:44+00:00,55.44956,8.471173,0.0,111.0,54.0,5,1612023044
2021-01-30 17:16:46+00:00,55.44957,8.471185,0.0,111.0,228.0,5,1612027006
2021-01-30 18:19:48+00:00,55.44956,8.47121,0.0,110.0,87.0,5,1612030788
2021-01-30 19:01:50+00:00,55.44956,8.471189,0.0,111.0,50.0,5,1612033310
2021-01-30 20:10:51+00:00,55.44957,8.471177,0.0,111.0,18.0,5,1612037451
2021-01-30 21:13:55+00:00,55.44957,8.471189,0.0,110.0,60.0,5,1612041235
2021-01-30 22:16:54+00:00,55.44956,8.471216,0.0,110.0,93.0,5,1612045014
2021-01-30 23:19:59+00:00,55.44955,8.47123,0.0,110.0,214.0,5,1612048799
2021-01-31 00:02:00+00:00,55.44956,8.471157,0.0,111.0,19.0,5,1612051320
2021-01-31 01:05:00+00:00,55.44956,8.471137,0.0,111.0,227.0,5,1612055100
2021-01-31 02:08:03+00:00,55.4495,8.471004,0.0,110.0,167.0,5,1612058883
2021-01-31 03:11:03+00:00,55.44958,8.471108,0.0,111.0,220.0,5,1612062663
2021-01-31 04:14:07+00:00,55.44975,8.471077,0.0,111.0,304.0,5,1612066447
2021-01-31 05:17:07+00:00,55.44955,8.471164,0.0,111.0,99.0,5,1612070227
2021-01-31 06:20:11+00:00,55.44959,8.471178,0.0,111.0,266.0,5,1612074011
2021-01-31 07:02:13+00:00,55.44958,8.471189,0.0,111.0,227.0,5,1612076533
2021-01-31 08:05:12+00:00,55.44955,8.47123,0.0,111.0,267.0,5,1612080312
2021-01-31 09:08:17+00:00,55.44957,8.471169,0.0,111.0,76.0,5,1612084097
2021-01-31 10:11:16+00:00,55.44955,8.471173,0.0,111.0,90.0,5,1612087876
2021-01-31 11:14:20+00:00,55.44957,8.471171,0.0,111.0,211.0,5,1612091660
2021-01-31 12:17:20+00:00,55.44956,8.471187,0.0,111.0,242.0,5,1612095440
2021-01-31 13:20:24+00:00,55.44961,8.471167,0.0,111.0,252.0,5,1612099224
2021-01-31 14:02:26+00:00,55.44954,8.471215,0.0,111.0,324.0,5,1612101746
2021-01-31 15:05:25+00:00,55.44955,8.47118,0.0,110.0,295.0,5,1612105525
2021-01-31 16:08:30+00:00,55.44955,8.471169,0.0,112.0,76.0,5,1612109310
2021-01-31 17:11:29+00:00,55.44955,8.471182,0.0,111.0,265.0,5,1612113089
2021-01-31 18:20:35+00:00,55.44955,8.471171,0.0,111.0,46.0,5,1612117235
2021-01-31 19:08:37+00:00,55.44956,8.47118,0.0,111.0,52.0,5,1612120117
2021-01-31 20:14:39+00:00,55.44957,8.471162,0.0,111.0,232.0,5,1612124079
2021-01-31 21:02:40+00:00,55.44953,8.471185,0.0,111.0,227.0,5,1612126960
2021-01-31 22:14:43+00:00,55.44958,8.471216,0.0,111.0,282.0,5,1612131283
2021-01-31 23:20:46+00:00,55.44958,8.471107,0.0,111.0,56.0,5,1612135246
2021-02-01 00:08:47+00:00,55.44954,8.471345,0.0,111.0,211.0,5,1612138127
2021-02-01 01:14:50+00:00,55.44958,8.471164,0.0,111.0,55.0,5,1612142090
2021-02-01 02:20:52+00:00,55.44956,8.471138,0.0,111.0,52.0,5,1612146052
2021-02-01 03:05:50+00:00,55.44958,8.471091,0.0,111.0,47.0,5,1612148750
2021-02-01 04:08:56+00:00,55.44957,8.471262,0.0,111.0,90.0,5,1612152536
2021-02-01 05:17:54+00:00,55.44953,8.47123,0.0,111.0,204.0,5,1612156674
2021-02-01 06:20:59+00:00,55.44956,8.471195,0.0,111.0,160.0,5,1612160459
2021-02-01 07:03:00+00:00,55.44961,8.471165,0.0,111.0,122.0,5,1612162980
2021-02-01 08:05:59+00:00,55.44957,8.471169,0.0,111.0,100.0,5,1612166759
2021-02-01 09:09:03+00:00,55.44962,8.471191,0.0,111.0,94.0,5,1612170543
2021-02-01 10:12:02+00:00,55.44968,8.471197,0.0,111.0,283.0,5,1612174322
2021-02-01 11:15:07+00:00,55.44957,8.471169,0.0,111.0,213.0,5,1612178107
2021-02-01 12:18:07+00:00,55.44957,8.471184,0.0,111.0,219.0,5,1612181887
2021-02-01 13:00:09+00:00,55.44955,8.471202,0.0,111.0,14.0,5,1612184409
2021-02-01 14:09:13+00:00,55.44958,8.471171,0.0,111.0,315.0,5,1612188553
2021-02-01 15:12:13+00:00,55.44953,8.471242,0.0,111.0,118.0,5,1612192333
2021-02-01 16:18:15+00:00,55.44958,8.471182,0.0,111.0,35.0,5,1612196295
2021-02-01 17:03:20+00:00,55.44957,8.471213,0.0,111.0,220.0,5,1612199000
2021-02-01 18:15:22+00:00,55.44955,8.471195,0.0,111.0,263.0,5,1612203322
2021-02-01 19:03:24+00:00,55.44958,8.471191,0.0,111.0,258.0,5,1612206204
2021-02-01 20:09:26+00:00,55.44957,8.471137,0.0,111.0,50.0,5,1612210166
2021-02-01 21:15:28+00:00,55.44955,8.471191,0.0,111.0,213.0,5,1612214128
2021-02-01 22:03:30+00:00,55.44958,8.4712,0.0,111.0,271.0,5,1612217010
2021-02-01 23:15:33+00:00,55.44955,8.471255,0.0,111.0,60.0,5,1612221333
2021-02-02 00:21:34+00:00,55.44954,8.47119,0.0,111.0,216.0,5,1612225294
2021-02-02 01:03:35+00:00,55.44958,8.471105,0.0,111.0,205.0,5,1612227815
2021-02-02 02:09:38+00:00,55.44958,8.471124,0.0,111.0,217.0,5,1612231778
2021-02-02 03:21:41+00:00,55.4496,8.471157,0.0,111.0,256.0,5,1612236101
2021-02-02 04:09:43+00:00,55.44941,8.471255,0.0,111.0,350.0,5,1612238983
2021-02-02 05:21:45+00:00,55.44955,8.471165,0.0,111.0,111.0,5,1612243305
2021-02-02 06:09:47+00:00,55.44952,8.471282,0.0,111.0,248.0,5,1612246187
2021-02-02 07:21:49+00:00,55.44957,8.471142,0.0,111.0,234.0,5,1612250509
2021-02-02 08:09:51+00:00,55.44957,8.471155,0.0,111.0,223.0,5,1612253391
2021-02-02 09:21:53+00:00,55.44958,8.471162,0.0,111.0,62.0,5,1612257713
2021-02-02 10:09:54+00:00,55.44958,8.471198,0.0,111.0,110.0,5,1612260594
2021-02-02 11:21:56+00:00,55.44956,8.471223,0.0,111.0,294.0,5,1612264916
2021-02-02 12:03:57+00:00,55.44957,8.47119,0.0,111.0,236.0,5,1612267437
2021-02-02 13:16:00+00:00,55.44961,8.471164,0.0,111.0,76.0,5,1612271760
2021-02-02 14:04:02+00:00,55.44958,8.471178,0.0,111.0,348.0,5,1612274642
2021-02-02 15:16:03+00:00,55.44953,8.471235,0.0,111.0,223.0,5,1612278963
2021-02-02 16:04:05+00:00,55.44958,8.471184,0.0,111.0,12.0,5,1612281845
2021-02-02 17:16:08+00:00,55.44956,8.4712,0.0,111.0,248.0,5,1612286168
2021-02-02 18:04:09+00:00,55.44954,8.471263,0.0,111.0,231.0,5,1612289049
2021-02-02 19:16:12+00:00,55.44961,8.471155,0.0,111.0,42.0,5,1612293372
2021-02-02 20:04:13+00:00,55.44956,8.471145,0.0,111.0,173.0,5,1612296253
2021-02-02 21:16:16+00:00,55.44955,8.471185,0.0,111.0,224.0,5,1612300576
2021-02-02 22:04:17+00:00,55.44965,8.471191,0.0,111.0,87.0,5,1612303457
2021-02-02 23:16:20+00:00,55.44957,8.471197,0.0,111.0,186.0,5,1612307780
2021-02-03 00:04:22+00:00,55.44954,8.471315,0.0,111.0,199.0,5,1612310662
2021-02-03 01:16:25+00:00,55.4496,8.47121,0.0,111.0,111.0,5,1612314985
2021-02-03 02:04:26+00:00,55.44957,8.471118,0.0,111.0,217.0,5,1612317866
2021-02-03 03:16:29+00:00,55.44958,8.471197,0.0,111.0,72.0,5,1612322189
2021-02-03 04:04:30+00:00,55.44892,8.47147,0.0,111.0,69.0,5,1612325070
2021-02-03 05:16:33+00:00,55.44953,8.471169,0.0,111.0,174.0,5,1612329393
2021-02-03 06:04:34+00:00,55.44952,8.47131,0.0,111.0,88.0,5,1612332274
2021-02-03 07:10:36+00:00,55.4496,8.471375,0.0,111.0,206.0,5,1612336236
2021-02-03 08:22:39+00:00,55.44955,8.471191,0.0,111.0,216.0,5,1612340559
2021-02-03 09:10:41+00:00,55.44957,8.471175,0.0,111.0,233.0,5,1612343441
2021-02-03 10:22:42+00:00,55.44958,8.471223,0.0,111.0,274.0,5,1612347762
2021-02-03 11:10:44+00:00,55.44957,8.47115,0.0,111.0,215.0,5,1612350644
2021-02-03 12:19:42+00:00,55.44955,8.471197,0.0,111.0,227.0,5,1612354782
2021-02-03 13:04:47+00:00,55.44958,8.471182,0.0,111.0,121.0,5,1612357487
2021-02-03 14:16:49+00:00,55.44958,8.471189,0.0,111.0,112.0,5,1612361809
2021-02-03 15:04:51+00:00,55.44953,8.471238,0.0,111.0,25.0,5,1612364691
2021-02-03 16:16:54+00:00,55.44961,8.47121,0.0,111.0,88.0,5,1612369014
2021-02-03 17:04:55+00:00,55.44958,8.471198,0.0,111.0,68.0,5,1612371895
2021-02-03 18:16:57+00:00,55.44953,8.47134,0.0,111.0,68.0,5,1612376217
2021-02-03 19:04:59+00:00,55.44961,8.47115,0.0,111.0,64.0,5,1612379099
2021-02-03 20:17:01+00:00,55.44957,8.47115,0.0,111.0,109.0,5,1612383421
2021-02-03 21:05:03+00:00,55.44954,8.471205,0.0,111.0,210.0,5,1612386303
2021-02-03 22:11:04+00:00,55.44962,8.471191,0.0,111.0,329.0,5,1612390264
2021-02-03 23:17:07+00:00,55.44961,8.471144,0.0,111.0,313.0,5,1612394227
2021-02-04 00:02:03+00:00,55.44957,8.471185,0.0,111.0,173.0,5,1612396923
2021-02-04 01:05:09+00:00,55.44957,8.471145,0.0,111.0,320.0,5,1612400709
2021-02-04 02:11:11+00:00,55.44958,8.471097,0.0,111.0,242.0,5,1612404671
2021-02-04 03:23:14+00:00,55.44955,8.471204,0.0,111.0,254.0,5,1612408994
2021-02-04 04:11:15+00:00,55.44961,8.471148,0.0,111.0,227.0,5,1612411875
2021-02-04 05:23:19+00:00,55.44955,8.471182,0.0,111.0,142.0,5,1612416199
2021-02-04 06:08:14+00:00,55.44953,8.471209,0.0,111.0,188.0,5,1612418894
2021-02-04 07:11:23+00:00,55.44957,8.471164,0.0,111.0,221.0,5,1612422683
2021-02-04 08:23:25+00:00,55.44956,8.471177,0.0,111.0,173.0,5,1612427005
2021-02-04 09:11:26+00:00,55.44957,8.471191,0.0,111.0,60.0,5,1612429886
2021-02-04 10:23:30+00:00,55.44956,8.471193,0.0,111.0,211.0,5,1612434210
2021-02-04 11:11:31+00:00,55.44956,8.471185,0.0,111.0,240.0,5,1612437091
2021-02-04 12:23:34+00:00,55.44955,8.471198,0.0,111.0,215.0,5,1612441414
2021-02-04 13:11:36+00:00,55.4496,8.471178,0.0,111.0,175.0,5,1612444296
2021-02-04 14:23:40+00:00,55.44957,8.471197,0.0,111.0,232.0,5,1612448620
2021-02-04 15:11:41+00:00,55.44948,8.471362,0.0,111.0,195.0,5,1612451501
2021-02-04 16:23:44+00:00,55.44958,8.471142,0.0,111.0,97.0,5,1612455824
2021-02-04 17:11:46+00:00,55.44957,8.471158,0.0,111.0,76.0,5,1612458706
2021-02-04 18:23:48+00:00,55.44957,8.471171,0.0,111.0,16.0,5,1612463028
2021-02-04 19:14:41+00:00,55.44961,8.471287,0.0,111.0,92.0,5,1612466081
2021-02-04 20:23:52+00:00,55.44958,8.47117,0.0,111.0,52.0,5,1612470232
2021-02-04 21:11:54+00:00,55.44954,8.471184,0.0,111.0,71.0,5,1612473114
2021-02-04 22:23:56+00:00,55.44958,8.47113,0.0,111.0,22.0,5,1612477436
2021-02-04 23:11:58+00:00,55.44957,8.47121,0.0,111.0,238.0,5,1612480318
2021-02-05 00:24:00+00:00,55.44958,8.47115,0.0,111.0,22.0,5,1612484640
2021-02-05 01:12:01+00:00,55.44958,8.471105,0.0,111.0,317.0,5,1612487521
2021-02-05 02:00:03+00:00,55.44961,8.471032,0.0,111.0,211.0,5,1612490403
2021-02-05 03:06:04+00:00,55.4496,8.471144,0.0,111.0,219.0,5,1612494364
2021-02-05 04:12:06+00:00,55.4496,8.471222,0.0,111.0,85.0,5,1612498326
2021-02-05 05:00:08+00:00,55.44956,8.471222,0.0,111.0,172.0,5,1612501208
2021-02-05 06:12:11+00:00,55.44957,8.471184,0.0,111.0,287.0,5,1612505531
2021-02-05 07:00:12+00:00,55.44958,8.471157,0.0,111.0,53.0,5,1612508412
2021-02-05 08:12:14+00:00,55.44956,8.471182,0.0,111.0,212.0,5,1612512734
2021-02-05 09:00:16+00:00,55.44958,8.471189,0.0,111.0,251.0,5,1612515616
2021-02-05 10:12:18+00:00,55.44956,8.471184,0.0,111.0,60.0,5,1612519938
2021-02-05 11:00:19+00:00,55.44955,8.47115,0.0,111.0,42.0,5,1612522819
2021-02-05 12:06:21+00:00,55.44955,8.47119,0.0,111.0,15.0,5,1612526781
2021-02-05 13:18:24+00:00,55.44955,8.471227,0.0,111.0,167.0,5,1612531104
2021-02-05 14:06:25+00:00,55.44956,8.471193,0.0,111.0,164.0,5,1612533985
2021-02-05 15:18:27+00:00,55.44958,8.471167,0.0,111.0,123.0,5,1612538307
2021-02-05 16:06:28+00:00,55.44957,8.471198,0.0,111.0,90.0,5,1612541188
2021-02-05 17:18:31+00:00,55.44958,8.471178,0.0,111.0,69.0,5,1612545511
2021-02-05 18:09:24+00:00,55.44953,8.471342,0.0,111.0,323.0,5,1612548564
2021-02-05 19:18:35+00:00,55.44961,8.471144,0.0,111.0,57.0,5,1612552715
2021-02-05 20:06:37+00:00,55.44956,8.471189,0.0,111.0,119.0,5,1612555597
2021-02-05 21:18:39+00:00,55.44951,8.471155,0.0,111.0,41.0,5,1612559919
2021-02-05 22:06:40+00:00,55.44957,8.471198,0.0,111.0,103.0,5,1612562800
2021-02-05 23:12:42+00:00,55.44958,8.471225,0.0,111.0,139.0,5,1612566762
2021-02-06 00:00:44+00:00,55.44955,8.471243,0.0,111.0,250.0,5,1612569644
2021-02-06 01:12:46+00:00,55.44958,8.471118,0.0,111.0,252.0,5,1612573966
2021-02-06 02:00:48+00:00,55.44957,8.471104,0.0,111.0,220.0,5,1612576848
2021-02-06 03:15:40+00:00,55.44954,8.471197,0.0,111.0,245.0,5,1612581340
2021-02-06 04:00:52+00:00,55.44958,8.471164,0.0,111.0,87.0,5,1612584052
2021-02-06 05:12:55+00:00,55.44955,8.471135,0.0,111.0,22.0,5,1612588375
2021-02-06 06:00:56+00:00,55.44956,8.471177,0.0,111.0,106.0,5,1612591256
2021-02-06 07:12:58+00:00,55.44957,8.471177,0.0,111.0,33.0,5,1612595578
2021-02-06 08:00:59+00:00,55.44955,8.471171,0.0,111.0,222.0,5,1612598459
2021-02-06 09:13:02+00:00,55.44957,8.47117,0.0,111.0,244.0,5,1612602782
2021-02-06 10:01:03+00:00,55.44959,8.471202,0.0,111.0,238.0,5,1612605663
2021-02-06 11:13:06+00:00,55.44955,8.471218,0.0,111.0,166.0,5,1612609986
2021-02-06 12:01:08+00:00,55.44953,8.471207,0.0,111.0,228.0,5,1612612868
2021-02-06 13:13:11+00:00,55.44958,8.4712,0.0,111.0,317.0,5,1612617191
2021-02-06 14:01:12+00:00,55.44958,8.471182,0.0,111.0,91.0,5,1612620072
2021-02-06 15:13:14+00:00,55.44951,8.471236,0.0,111.0,1.0,5,1612624394
2021-02-06 16:01:15+00:00,55.44957,8.471213,0.0,111.0,271.0,5,1612627275
2021-02-06 17:13:17+00:00,55.44956,8.471153,0.0,111.0,238.0,5,1612631597
2021-02-06 18:01:19+00:00,55.44951,8.471292,0.0,111.0,352.0,5,1612634479
2021-02-06 19:13:20+00:00,55.44959,8.471187,0.0,111.0,291.0,5,1612638800
2021-02-06 20:01:22+00:00,55.44956,8.471182,0.0,111.0,231.0,5,1612641682
2021-02-06 21:13:25+00:00,55.44953,8.471137,0.0,111.0,234.0,5,1612646005
2021-02-06 22:01:26+00:00,55.44957,8.471169,0.0,111.0,307.0,5,1612648886
2021-02-06 23:16:19+00:00,55.44958,8.471197,0.0,111.0,146.0,5,1612653379
2021-02-07 00:01:30+00:00,55.44956,8.471178,0.0,111.0,217.0,5,1612656090
2021-02-07 01:13:32+00:00,55.44961,8.471019,0.0,111.0,191.0,5,1612660412
2021-02-07 02:01:34+00:00,55.44957,8.471104,0.0,111.0,233.0,5,1612663294
2021-02-07 03:13:37+00:00,55.44955,8.47119,0.0,111.0,219.0,5,1612667617
2021-02-07 04:01:38+00:00,55.44963,8.471091,0.0,111.0,230.0,5,1612670498
2021-02-07 05:13:40+00:00,55.44953,8.471151,0.0,111.0,228.0,5,1612674820
2021-02-07 06:19:42+00:00,55.44955,8.471233,0.0,111.0,6.0,5,1612678782
2021-02-07 07:07:44+00:00,55.44955,8.471184,0.0,111.0,211.0,5,1612681664
2021-02-07 08:19:45+00:00,55.44957,8.471157,0.0,111.0,228.0,5,1612685985
2021-02-07 09:07:47+00:00,55.44957,8.47117,0.0,111.0,221.0,5,1612688867
2021-02-07 10:19:49+00:00,55.44953,8.471255,0.0,111.0,220.0,5,1612693189
2021-02-07 11:07:50+00:00,55.44957,8.47119,0.0,111.0,196.0,5,1612696070
2021-02-07 12:19:53+00:00,55.44951,8.471158,0.0,111.0,234.0,5,1612700393
2021-02-07 13:07:54+00:00,55.44957,8.471195,0.0,111.0,330.0,5,1612703274
2021-02-07 14:19:56+00:00,55.44955,8.471173,0.0,110.0,90.0,5,1612707596
2021-02-07 15:07:58+00:00,55.44953,8.471243,0.0,111.0,174.0,5,1612710478
2021-02-07 16:20:01+00:00,55.44963,8.471177,0.0,111.0,139.0,5,1612714801
2021-02-07 17:08:02+00:00,55.4496,8.471135,0.0,111.0,231.0,5,1612717682
2021-02-07 18:20:05+00:00,55.44955,8.471178,0.0,111.0,161.0,5,1612722005
2021-02-07 19:08:07+00:00,55.44957,8.471216,0.0,111.0,250.0,5,1612724887
2021-02-07 20:16:59+00:00,55.44954,8.471169,0.0,111.0,265.0,5,1612729019
2021-02-07 21:02:11+00:00,55.44952,8.471148,0.0,111.0,230.0,5,1612731731
2021-02-07 22:14:13+00:00,55.44956,8.471124,0.0,111.0,124.0,5,1612736053
2021-02-07 23:02:14+00:00,55.44969,8.47119,0.0,111.0,88.0,5,1612738934
2021-02-08 00:14:17+00:00,55.44955,8.471165,0.0,111.0,212.0,5,1612743257
2021-02-08 01:02:18+00:00,55.44955,8.471167,0.0,111.0,119.0,5,1612746138
2021-02-08 02:14:20+00:00,55.44955,8.471125,0.0,111.0,179.0,5,1612750460
2021-02-08 03:02:22+00:00,55.44956,8.471145,0.0,111.0,251.0,5,1612753342
2021-02-08 04:14:24+00:00,55.44956,8.47117,0.0,111.0,249.0,5,1612757664
2021-02-08 05:02:26+00:00,55.4495,8.471392,0.0,111.0,286.0,5,1612760546
2021-02-08 06:08:29+00:00,55.44957,8.471205,0.0,111.0,37.0,5,1612764509
2021-02-08 07:23:22+00:00,55.44956,8.471165,0.0,111.0,177.0,5,1612769002
2021-02-08 08:08:33+00:00,55.44956,8.471157,0.0,111.0,259.0,5,1612771713
2021-02-08 09:20:35+00:00,55.44957,8.471164,0.0,111.0,45.0,5,1612776035
2021-02-08 10:08:36+00:00,55.44958,8.471164,0.0,111.0,31.0,5,1612778916
2021-02-08 11:20:39+00:00,55.44957,8.471148,0.0,111.0,214.0,5,1612783239
2021-02-08 12:08:40+00:00,55.44955,8.471184,0.0,111.0,33.0,5,1612786120
2021-02-08 13:20:42+00:00,55.44956,8.471289,0.0,111.0,149.0,5,1612790442
2021-02-08 14:08:44+00:00,55.44958,8.471157,0.0,111.0,245.0,5,1612793324
2021-02-08 15:17:38+00:00,55.44955,8.471153,0.0,111.0,103.0,5,1612797458
2021-02-08 16:02:48+00:00,55.44967,8.47111,0.0,111.0,111.0,5,1612800168
2021-02-08 17:14:50+00:00,55.44954,8.471187,0.0,111.0,238.0,5,1612804490
2021-02-08 18:02:51+00:00,55.44957,8.47121,0.0,111.0,111.0,5,1612807371
2021-02-08 19:14:53+00:00,55.44956,8.471171,0.0,111.0,72.0,5,1612811693
2021-02-08 20:02:54+00:00,55.44957,8.471177,0.0,111.0,276.0,5,1612814574
2021-02-08 21:14:57+00:00,55.44954,8.471142,0.0,111.0,57.0,5,1612818897
2021-02-08 22:02:58+00:00,55.44958,8.471138,0.0,111.0,100.0,5,1612821778
2021-02-08 23:15:00+00:00,55.44957,8.47118,0.0,111.0,55.0,5,1612826100
2021-02-09 00:03:01+00:00,55.44957,8.47119,0.0,111.0,241.0,5,1612828981
2021-02-09 01:15:03+00:00,55.44955,8.471165,0.0,111.0,166.0,5,1612833303
2021-02-09 02:03:05+00:00,55.44957,8.471167,0.0,111.0,193.0,5,1612836185
2021-02-09 03:12:00+00:00,55.44955,8.471178,0.0,111.0,212.0,5,1612840320
2021-02-09 04:21:09+00:00,55.44958,8.47113,0.0,111.0,265.0,5,1612844469
2021-02-09 05:09:10+00:00,55.44956,8.471147,0.0,111.0,168.0,5,1612847350
2021-02-09 06:21:12+00:00,55.44956,8.471185,0.0,111.0,13.0,5,1612851672
2021-02-09 07:09:14+00:00,55.44956,8.471178,0.0,111.0,205.0,5,1612854554
2021-02-09 08:21:15+00:00,55.44955,8.471175,0.0,111.0,61.0,5,1612858875
2021-02-09 09:09:17+00:00,55.44957,8.47116,0.0,111.0,57.0,5,1612861757
2021-02-09 10:21:19+00:00,55.44956,8.471167,0.0,111.0,222.0,5,1612866079
2021-02-09 11:09:20+00:00,55.44957,8.47115,0.0,111.0,257.0,5,1612868960
2021-02-09 12:21:22+00:00,55.44955,8.471175,0.0,111.0,224.0,5,1612873282
2021-02-09 13:09:23+00:00,55.44957,8.471216,0.0,111.0,325.0,5,1612876163
2021-02-09 14:21:25+00:00,55.44954,8.471189,0.0,111.0,63.0,5,1612880485
2021-02-09 15:03:26+00:00,55.44956,8.471157,0.0,111.0,217.0,5,1612883006
2021-02-09 16:06:26+00:00,55.44956,8.471249,0.0,111.0,121.0,5,1612886786
2021-02-09 17:09:30+00:00,55.44955,8.47119,0.0,111.0,48.0,5,1612890570
2021-02-09 18:12:29+00:00,55.44955,8.47119,0.0,111.0,42.0,5,1612894349
2021-02-09 19:21:35+00:00,55.44957,8.471162,0.0,111.0,77.0,5,1612898495
2021-02-09 20:06:34+00:00,55.44962,8.471187,0.0,111.0,113.0,5,1612901194
2021-02-09 21:09:38+00:00,55.44951,8.471142,0.0,111.0,72.0,5,1612904978
2021-02-09 22:12:37+00:00,55.44957,8.471051,0.0,111.0,238.0,5,1612908757
2021-02-09 23:15:42+00:00,55.44956,8.471169,0.0,111.0,98.0,5,1612912542
2021-02-10 00:18:41+00:00,55.44958,8.47109,0.0,111.0,175.0,5,1612916321
2021-02-10 01:00:42+00:00,55.44955,8.471133,0.0,111.0,175.0,5,1612918842
2021-02-10 02:03:47+00:00,55.44954,8.471145,0.0,111.0,214.0,5,1612922627
2021-02-10 03:06:47+00:00,55.44955,8.471155,0.0,111.0,191.0,5,1612926407
2021-02-10 04:18:48+00:00,55.44955,8.471158,0.0,111.0,49.0,5,1612930728
2021-02-10 05:00:50+00:00,55.44967,8.471124,0.0,111.0,299.0,5,1612933250
2021-02-10 06:03:55+00:00,55.44957,8.471191,0.0,111.0,324.0,5,1612937035
2021-02-10 07:09:57+00:00,55.44957,8.471267,0.0,111.0,144.0,5,1612940997
2021-02-10 08:15:59+00:00,55.44954,8.47116,0.0,111.0,235.0,5,1612944959
2021-02-10 09:04:01+00:00,55.44957,8.471167,0.0,111.0,255.0,5,1612947841
2021-02-10 10:16:04+00:00,55.44955,8.471195,0.0,111.0,174.0,5,1612952164
2021-02-10 11:01:00+00:00,55.44956,8.471157,0.0,111.0,279.0,5,1612954860
2021-02-10 12:13:02+00:00,55.44956,8.471178,0.0,111.0,278.0,5,1612959182
2021-02-10 13:22:10+00:00,55.44958,8.471231,0.0,111.0,323.0,5,1612963330
2021-02-10 14:10:12+00:00,55.44955,8.47117,0.0,111.0,43.0,5,1612966212
2021-02-10 15:22:14+00:00,55.44955,8.471145,0.0,111.0,25.0,5,1612970534
2021-02-10 16:10:16+00:00,55.4496,8.471245,0.0,111.0,251.0,5,1612973416
2021-02-10 17:22:18+00:00,55.44953,8.471198,0.0,111.0,70.0,5,1612977738
2021-02-10 18:10:20+00:00,55.44955,8.471177,0.0,111.0,62.0,5,1612980620
2021-02-10 19:22:22+00:00,55.44957,8.471162,0.0,111.0,83.0,5,1612984942
2021-02-10 20:10:23+00:00,55.44958,8.47115,0.0,111.0,91.0,5,1612987823
2021-02-10 21:22:25+00:00,55.44957,8.471147,0.0,111.0,88.0,5,1612992145
2021-02-10 22:07:20+00:00,55.4496,8.471012,0.0,111.0,356.0,5,1612994840
2021-02-10 23:16:29+00:00,55.44957,8.471165,0.0,111.0,182.0,5,1612998989
2021-02-11 00:04:30+00:00,55.44957,8.471177,0.0,111.0,249.0,5,1613001870
2021-02-11 01:16:32+00:00,55.44957,8.471145,0.0,111.0,4.0,5,1613006192
2021-02-11 02:04:33+00:00,55.44956,8.471157,0.0,111.0,276.0,5,1613009073
2021-02-11 03:16:35+00:00,55.44956,8.471151,0.0,111.0,250.0,5,1613013395
2021-02-11 04:04:37+00:00,55.44957,8.471167,0.0,111.0,256.0,5,1613016277
2021-02-11 05:16:39+00:00,55.44955,8.471205,0.0,111.0,4.0,5,1613020599
2021-02-11 06:04:41+00:00,55.44951,8.471202,0.0,111.0,56.0,5,1613023481
2021-02-11 07:16:43+00:00,55.44952,8.471265,0.0,111.0,171.0,5,1613027803
2021-02-11 08:04:45+00:00,55.44956,8.471182,0.0,111.0,59.0,5,1613030685
2021-02-11 09:16:47+00:00,55.44955,8.471151,0.0,111.0,230.0,5,1613035007
2021-02-11 10:04:48+00:00,55.44955,8.471229,0.0,111.0,13.0,5,1613037888
2021-02-11 11:16:50+00:00,55.44955,8.471151,0.0,111.0,263.0,5,1613042210
2021-02-11 12:04:52+00:00,55.44956,8.47119,0.0,111.0,272.0,5,1613045092
2021-02-11 13:13:51+00:00,55.44957,8.471216,0.0,111.0,8.0,5,1613049231
2021-02-11 14:19:52+00:00,55.44955,8.471189,0.0,111.0,54.0,5,1613053192
2021-02-11 15:01:54+00:00,55.44956,8.471147,0.0,111.0,252.0,5,1613055714
2021-02-11 16:04:59+00:00,55.44954,8.471269,0.0,111.0,281.0,5,1613059499
2021-02-11 17:07:58+00:00,55.44955,8.471198,0.0,111.0,247.0,5,1613063278
2021-02-11 18:11:02+00:00,55.44954,8.471218,0.0,111.0,242.0,5,1613067062
2021-02-11 19:14:03+00:00,55.44955,8.471173,0.0,111.0,276.0,5,1613070843
2021-02-11 20:17:05+00:00,55.44955,8.471158,0.0,111.0,236.0,5,1613074625
2021-02-11 21:20:06+00:00,55.44956,8.471195,0.0,111.0,87.0,5,1613078406
2021-02-11 22:02:08+00:00,55.44957,8.471088,0.0,111.0,13.0,5,1613080928
2021-02-11 23:05:10+00:00,55.44956,8.471171,0.0,111.0,157.0,5,1613084710
2021-02-12 00:11:11+00:00,55.44956,8.471091,0.0,111.0,328.0,5,1613088671
2021-02-12 01:14:13+00:00,55.44961,8.471142,0.0,111.0,320.0,5,1613092453
2021-02-12 02:17:15+00:00,55.44954,8.471189,0.0,111.0,241.0,5,1613096235
2021-02-12 03:20:19+00:00,55.4496,8.471127,0.0,111.0,256.0,5,1613100019
2021-02-12 04:02:20+00:00,55.44956,8.471138,0.0,111.0,55.0,5,1613102540
2021-02-12 05:05:21+00:00,55.44956,8.471243,0.0,111.0,66.0,5,1613106321
2021-02-12 06:08:25+00:00,55.44955,8.471165,0.0,111.0,153.0,5,1613110105
2021-02-12 07:11:25+00:00,55.44956,8.471184,0.0,111.0,200.0,5,1613113885
2021-02-12 08:14:28+00:00,55.44954,8.47119,0.0,111.0,212.0,5,1613117668
2021-02-12 09:17:29+00:00,55.44956,8.471157,0.0,111.0,251.0,5,1613121449
2021-02-12 10:20:32+00:00,55.44954,8.471222,0.0,111.0,29.0,5,1613125232
2021-02-12 11:02:33+00:00,55.44957,8.471169,0.0,111.0,221.0,5,1613127753
2021-02-12 12:05:35+00:00,55.44956,8.471182,0.0,111.0,232.0,5,1613131535
2021-02-12 13:08:37+00:00,55.44955,8.471216,0.0,111.0,192.0,5,1613135317
2021-02-12 14:14:39+00:00,55.44959,8.47111,0.0,111.0,250.0,5,1613139279
2021-02-12 15:17:41+00:00,55.44956,8.471155,0.0,111.0,82.0,5,1613143061
2021-02-12 16:20:43+00:00,55.44955,8.471187,0.0,111.0,277.0,5,1613146843
2021-02-12 17:02:45+00:00,55.44953,8.471148,0.0,111.0,275.0,5,1613149365
2021-02-12 18:05:46+00:00,55.44956,8.471169,0.0,111.0,75.0,5,1613153146
2021-02-12 19:08:49+00:00,55.44954,8.471147,0.0,111.0,86.0,5,1613156929
2021-02-12 20:11:50+00:00,55.44955,8.47127,0.0,111.0,234.0,5,1613160710
2021-02-12 21:14:52+00:00,55.44955,8.471235,0.0,111.0,275.0,5,1613164492
2021-02-12 22:17:54+00:00,55.44958,8.471162,0.0,111.0,21.0,5,1613168274
2021-02-12 23:20:56+00:00,55.44952,8.471295,0.0,111.0,60.0,5,1613172056
2021-02-13 00:02:57+00:00,55.44955,8.471175,0.0,111.0,312.0,5,1613174577
2021-02-13 01:06:00+00:00,55.44963,8.47113,0.0,111.0,284.0,5,1613178360
2021-02-13 02:09:01+00:00,55.44951,8.471195,0.0,111.0,246.0,5,1613182141
2021-02-13 03:12:04+00:00,55.44964,8.471115,0.0,111.0,237.0,5,1613185924
2021-02-13 04:15:05+00:00,55.44957,8.471195,0.0,111.0,99.0,5,1613189705
2021-02-13 05:18:08+00:00,55.4496,8.471184,0.0,111.0,188.0,5,1613193488
2021-02-13 06:00:09+00:00,55.44957,8.471191,0.0,111.0,339.0,5,1613196009
2021-02-13 07:06:12+00:00,55.4496,8.471068,0.0,111.0,179.0,5,1613199972
2021-02-13 08:09:12+00:00,55.44955,8.471167,0.0,111.0,258.0,5,1613203752
2021-02-13 09:12:16+00:00,55.44952,8.471147,0.0,111.0,70.0,5,1613207536
2021-02-13 10:15:17+00:00,55.44953,8.471275,0.0,111.0,208.0,5,1613211317
2021-02-13 11:18:20+00:00,55.44956,8.471178,0.0,111.0,42.0,5,1613215100
2021-02-13 12:00:21+00:00,55.44956,8.471182,0.0,111.0,82.0,5,1613217621
2021-02-13 13:06:23+00:00,55.44958,8.471273,0.0,111.0,7.0,5,1613221583
2021-02-13 14:09:24+00:00,55.44958,8.471151,0.0,111.0,268.0,5,1613225364
2021-02-13 15:12:29+00:00,55.44956,8.47116,0.0,111.0,257.0,5,1613229149
2021-02-13 16:15:28+00:00,55.44956,8.471202,0.0,111.0,84.0,5,1613232928
2021-02-13 17:18:33+00:00,55.44955,8.471191,0.0,111.0,72.0,5,1613236713
2021-02-13 18:00:34+00:00,55.44955,8.471182,0.0,111.0,69.0,5,1613239234
2021-02-13 19:03:33+00:00,55.44955,8.471145,0.0,111.0,31.0,5,1613243013
2021-02-13 20:06:38+00:00,55.44956,8.47116,0.0,111.0,30.0,5,1613246798
2021-02-13 21:09:37+00:00,55.44957,8.471175,0.0,111.0,304.0,5,1613250577
2021-02-13 22:18:43+00:00,55.44959,8.471198,0.0,111.0,37.0,5,1613254723
2021-02-13 23:06:44+00:00,55.44957,8.471151,0.0,111.0,46.0,5,1613257604
2021-02-14 00:18:47+00:00,55.44957,8.471178,0.0,111.0,15.0,5,1613261927
2021-02-14 01:06:48+00:00,55.44952,8.47111,0.0,111.0,327.0,5,1613264808
2021-02-14 02:18:50+00:00,55.44953,8.471189,0.0,111.0,222.0,5,1613269130
2021-02-14 03:06:52+00:00,55.44959,8.47115,0.0,111.0,33.0,5,1613272012
2021-02-14 04:18:54+00:00,55.44956,8.471198,0.0,111.0,12.0,5,1613276334
2021-02-14 05:09:50+00:00,55.44954,8.471216,0.0,111.0,62.0,5,1613279390
2021-02-14 06:18:58+00:00,55.44957,8.471145,0.0,111.0,45.0,5,1613283538
2021-02-14 07:07:00+00:00,55.44961,8.471273,0.0,111.0,280.0,5,1613286420
2021-02-14 08:19:02+00:00,55.44955,8.47119,0.0,111.0,219.0,5,1613290742
2021-02-14 09:07:03+00:00,55.44953,8.471148,0.0,111.0,226.0,5,1613293623
2021-02-14 10:19:05+00:00,55.44954,8.471292,0.0,111.0,57.0,5,1613297945
2021-02-14 11:10:02+00:00,55.44953,8.471223,0.0,111.0,266.0,5,1613301002
2021-02-14 12:19:09+00:00,55.44958,8.471207,0.0,111.0,68.0,5,1613305149
2021-02-14 13:07:10+00:00,55.44961,8.471169,0.0,111.0,217.0,5,1613308030
2021-02-14 14:19:12+00:00,55.4495,8.471289,0.0,111.0,229.0,5,1613312352
2021-02-14 15:07:13+00:00,55.44954,8.471171,0.0,110.0,54.0,5,1613315233
2021-02-14 16:22:12+00:00,55.44957,8.471155,0.0,111.0,63.0,5,1613319732
2021-02-14 17:07:17+00:00,55.44955,8.471193,0.0,111.0,62.0,5,1613322437
2021-02-14 18:19:20+00:00,55.44957,8.471155,0.0,111.0,35.0,5,1613326760
2021-02-14 19:07:22+00:00,55.44956,8.471165,0.0,111.0,324.0,5,1613329642
2021-02-14 20:19:23+00:00,55.44954,8.471195,0.0,111.0,55.0,5,1613333963
2021-02-14 21:07:24+00:00,55.44958,8.47119,0.0,111.0,95.0,5,1613336844
2021-02-14 22:19:27+00:00,55.44956,8.471253,0.0,111.0,49.0,5,1613341167
2021-02-14 23:07:28+00:00,55.44957,8.471187,0.0,111.0,200.0,5,1613344048
2021-02-15 00:16:26+00:00,55.44955,8.47119,0.0,111.0,240.0,5,1613348186
2021-02-15 01:01:31+00:00,55.44958,8.471167,0.0,111.0,337.0,5,1613350891
2021-02-15 02:13:34+00:00,55.44956,8.471177,0.0,111.0,58.0,5,1613355214
2021-02-15 03:01:36+00:00,55.44957,8.471195,0.0,111.0,44.0,5,1613358096
2021-02-15 04:13:38+00:00,55.44956,8.4712,0.0,111.0,86.0,5,1613362418
2021-02-15 05:01:40+00:00,55.44955,8.471213,0.0,111.0,58.0,5,1613365300
2021-02-15 06:13:43+00:00,55.44958,8.471153,0.0,111.0,331.0,5,1613369623
2021-02-15 07:01:44+00:00,55.4495,8.471329,0.0,111.0,239.0,5,1613372504
2021-02-15 08:13:46+00:00,55.44957,8.471193,0.0,111.0,300.0,5,1613376826
2021-02-15 09:01:48+00:00,55.44955,8.471164,0.0,111.0,84.0,5,1613379708
2021-02-15 10:10:46+00:00,55.44956,8.471193,0.0,111.0,222.0,5,1613383846
2021-02-15 11:19:52+00:00,55.44955,8.471182,0.0,111.0,216.0,5,1613387992
2021-02-15 12:07:54+00:00,55.44957,8.47121,0.0,111.0,237.0,5,1613390874
2021-02-15 13:19:56+00:00,55.44957,8.471185,0.0,111.0,33.0,5,1613395196
2021-02-15 14:01:57+00:00,55.44957,8.471148,0.0,111.0,69.0,5,1613397717
2021-02-15 15:07:59+00:00,55.44958,8.471184,0.0,111.0,65.0,5,1613401679
2021-02-15 16:20:02+00:00,55.44958,8.47122,0.0,111.0,70.0,5,1613406002
2021-02-15 17:08:04+00:00,55.44953,8.471202,0.0,111.0,9.0,5,1613408884
2021-02-15 18:20:07+00:00,55.44959,8.471148,0.0,111.0,8.0,5,1613413207
2021-02-15 19:08:07+00:00,55.44956,8.471178,0.0,111.0,290.0,5,1613416087
2021-02-15 20:17:06+00:00,55.44955,8.471193,0.0,111.0,75.0,5,1613420226
2021-02-15 21:02:12+00:00,55.44957,8.47116,0.0,111.0,58.0,5,1613422932
2021-02-15 22:14:14+00:00,55.44955,8.471403,0.0,111.0,30.0,5,1613427254
2021-02-15 23:02:15+00:00,55.44955,8.471185,0.0,111.0,16.0,5,1613430135
2021-02-16 00:14:18+00:00,55.44955,8.47114,0.0,111.0,185.0,5,1613434458
2021-02-16 01:02:19+00:00,55.44957,8.471151,0.0,111.0,256.0,5,1613437339
2021-02-16 02:14:21+00:00,55.44953,8.47119,0.0,111.0,268.0,5,1613441661
2021-02-16 03:02:23+00:00,55.44957,8.471145,0.0,111.0,253.0,5,1613444543
2021-02-16 04:14:25+00:00,55.44955,8.471195,0.0,111.0,290.0,5,1613448865
2021-02-16 05:02:26+00:00,55.4496,8.471177,0.0,111.0,236.0,5,1613451746
2021-02-16 06:08:28+00:00,55.44956,8.471209,0.0,111.0,214.0,5,1613455708
2021-02-16 07:20:31+00:00,55.44954,8.471191,0.0,111.0,250.0,5,1613460031
2021-02-16 08:08:33+00:00,55.44955,8.471218,0.0,110.0,229.0,5,1613462913
2021-02-16 09:20:35+00:00,55.44954,8.471175,0.0,111.0,2.0,5,1613467235
2021-02-16 10:08:37+00:00,55.44953,8.471269,0.0,111.0,22.0,5,1613470117
2021-02-16 11:23:34+00:00,55.4495,8.471189,0.0,111.0,231.0,5,1613474614
2021-02-16 12:08:42+00:00,55.44956,8.471191,0.0,111.0,213.0,5,1613477322
2021-02-16 13:20:44+00:00,55.44955,8.471165,0.0,111.0,184.0,5,1613481644
2021-02-16 14:08:46+00:00,55.44957,8.471189,0.0,111.0,219.0,5,1613484526
2021-02-16 15:20:47+00:00,55.44956,8.471185,0.0,111.0,234.0,5,1613488847
2021-02-16 16:08:49+00:00,55.44956,8.47119,0.0,111.0,222.0,5,1613491729
2021-02-16 17:20:51+00:00,55.44956,8.471223,0.0,111.0,62.0,5,1613496051
2021-02-16 18:08:52+00:00,55.44957,8.471169,0.0,111.0,69.0,5,1613498932
2021-02-16 19:20:54+00:00,55.44957,8.471175,0.0,111.0,91.0,5,1613503254
2021-02-16 20:08:55+00:00,55.44955,8.471171,0.0,111.0,43.0,5,1613506135
2021-02-16 21:14:57+00:00,55.44957,8.471178,0.0,111.0,122.0,5,1613510097
2021-02-16 22:20:59+00:00,55.44959,8.4712,0.0,111.0,167.0,5,1613514059
2021-02-16 23:05:57+00:00,55.44954,8.471247,0.0,111.0,231.0,5,1613516757
2021-02-17 00:15:04+00:00,55.44958,8.471178,0.0,111.0,314.0,5,1613520904
2021-02-17 01:03:05+00:00,55.44956,8.471082,0.0,111.0,249.0,5,1613523785
2021-02-17 02:15:07+00:00,55.44957,8.471198,0.0,111.0,240.0,5,1613528107
2021-02-17 03:03:09+00:00,55.44957,8.471162,0.0,111.0,262.0,5,1613530989
2021-02-17 04:09:11+00:00,55.44957,8.471151,0.0,111.0,213.0,5,1613534951
2021-02-17 05:15:13+00:00,55.44956,8.471182,0.0,111.0,173.0,5,1613538913
2021-02-17 06:03:14+00:00,55.44957,8.471173,0.0,111.0,58.0,5,1613541794
2021-02-17 07:09:16+00:00,55.44956,8.471169,0.0,111.0,43.0,5,1613545756
2021-02-17 08:15:18+00:00,55.44958,8.471178,0.0,111.0,51.0,5,1613549718
2021-02-17 09:00:16+00:00,55.44957,8.471164,0.0,111.0,85.0,5,1613552416
2021-02-17 10:03:21+00:00,55.44955,8.471215,0.0,111.0,13.0,5,1613556201
2021-02-17 11:06:21+00:00,55.44955,8.471178,0.0,111.0,211.0,5,1613559981
2021-02-17 12:09:25+00:00,55.44967,8.471211,0.0,111.0,271.0,5,1613563765
2021-02-17 13:12:25+00:00,55.44957,8.471185,0.0,111.0,200.0,5,1613567545
2021-02-17 14:15:28+00:00,55.4495,8.47128,0.0,111.0,60.0,5,1613571328
2021-02-17 15:18:29+00:00,55.44957,8.471175,0.0,111.0,111.0,5,1613575109
2021-02-17 16:00:30+00:00,55.44957,8.471197,0.0,111.0,242.0,5,1613577630
2021-02-17 17:03:34+00:00,55.44955,8.471207,0.0,111.0,227.0,5,1613581414
2021-02-17 18:06:33+00:00,55.44957,8.471178,0.0,111.0,239.0,5,1613585193
2021-02-17 19:09:38+00:00,55.44957,8.471178,0.0,111.0,63.0,5,1613588978
2021-02-17 20:12:37+00:00,55.44955,8.471175,0.0,111.0,76.0,5,1613592757
2021-02-17 21:15:42+00:00,55.44958,8.471151,0.0,111.0,135.0,5,1613596542
2021-02-17 22:18:41+00:00,55.44956,8.471185,0.0,111.0,231.0,5,1613600321
2021-02-17 23:00:43+00:00,55.44953,8.471276,0.0,111.0,246.0,5,1613602843
2021-02-18 00:03:47+00:00,55.44958,8.471124,0.0,111.0,266.0,5,1613606627
2021-02-18 01:12:47+00:00,55.44955,8.471164,0.0,111.0,213.0,5,1613610767
2021-02-18 02:15:51+00:00,55.44956,8.471205,0.0,111.0,68.0,5,1613614551
2021-02-18 03:18:52+00:00,55.44956,8.471205,0.0,111.0,235.0,5,1613618332
2021-02-18 04:00:53+00:00,55.44956,8.471191,0.0,111.0,258.0,5,1613620853
2021-02-18 05:03:55+00:00,55.44955,8.471207,0.0,111.0,236.0,5,1613624635
2021-02-18 06:06:56+00:00,55.44955,8.47125,0.0,111.0,2.0,5,1613628416
2021-02-18 07:09:59+00:00,55.44954,8.471198,0.0,111.0,86.0,5,1613632199
2021-02-18 08:13:01+00:00,55.44958,8.471167,0.0,111.0,52.0,5,1613635981
2021-02-18 09:16:02+00:00,55.44956,8.471195,0.0,111.0,32.0,5,1613639762
2021-02-18 10:19:05+00:00,55.44955,8.471225,0.0,111.0,193.0,5,1613643545
2021-02-18 11:01:06+00:00,55.44956,8.471175,0.0,111.0,217.0,5,1613646066
2021-02-18 12:04:08+00:00,55.44959,8.471204,0.0,111.0,137.0,5,1613649848
2021-02-18 13:07:10+00:00,55.44957,8.471185,0.0,111.0,18.0,5,1613653630
2021-02-18 14:10:11+00:00,55.44958,8.471235,0.0,111.0,327.0,5,1613657411
2021-02-18 15:13:14+00:00,55.44957,8.471171,0.0,111.0,250.0,5,1613661194
2021-02-18 16:16:15+00:00,55.44955,8.47121,0.0,111.0,249.0,5,1613664975
2021-02-18 17:19:18+00:00,55.44955,8.47121,0.0,111.0,220.0,5,1613668758
2021-02-18 18:01:19+00:00,55.44957,8.47117,0.0,111.0,268.0,5,1613671279
2021-02-18 19:04:21+00:00,55.44956,8.471205,0.0,111.0,332.0,5,1613675061
2021-02-18 20:07:24+00:00,55.44955,8.471175,0.0,111.0,43.0,5,1613678844
2021-02-18 21:10:25+00:00,55.44958,8.47115,0.0,111.0,358.0,5,1613682625
2021-02-18 22:13:29+00:00,55.44955,8.471276,0.0,111.0,86.0,5,1613686409
2021-02-18 23:16:29+00:00,55.44958,8.471195,0.0,111.0,227.0,5,1613690189
2021-02-19 00:19:33+00:00,55.44958,8.47113,0.0,111.0,269.0,5,1613693973
2021-02-19 01:01:34+00:00,55.44958,8.47109,0.0,111.0,216.0,5,1613696494
2021-02-19 02:04:35+00:00,55.44955,8.471213,0.0,111.0,215.0,5,1613700275
2021-02-19 03:07:38+00:00,55.44958,8.47117,0.0,111.0,255.0,5,1613704058
2021-02-19 04:13:40+00:00,55.4495,8.47115,0.0,111.0,307.0,5,1613708020
2021-02-19 05:16:42+00:00,55.44957,8.471182,0.0,111.0,129.0,5,1613711802
2021-02-19 06:19:44+00:00,55.44959,8.471191,0.0,111.0,4.0,5,1613715584
2021-02-19 07:01:45+00:00,55.44955,8.471162,0.0,111.0,290.0,5,1613718105
2021-02-19 08:04:47+00:00,55.44957,8.471185,0.0,111.0,115.0,5,1613721887
2021-02-19 09:07:49+00:00,55.44959,8.471213,0.0,111.0,214.0,5,1613725669
2021-02-19 10:10:51+00:00,55.44955,8.471229,0.0,111.0,163.0,5,1613729451
2021-02-19 11:13:53+00:00,55.44955,8.471189,0.0,111.0,229.0,5,1613733233
2021-02-19 12:16:56+00:00,55.44957,8.4712,0.0,111.0,332.0,5,1613737016
2021-02-19 13:19:57+00:00,55.44957,8.471211,0.0,111.0,84.0,5,1613740797
2021-02-19 14:01:58+00:00,55.44951,8.471225,0.0,111.0,299.0,5,1613743318
2021-02-19 15:05:01+00:00,55.44963,8.471209,0.0,111.0,101.0,5,1613747101
2021-02-19 16:08:03+00:00,55.44955,8.47119,0.0,111.0,263.0,5,1613750883
2021-02-19 17:11:05+00:00,55.44953,8.471243,0.0,111.0,290.0,5,1613754665
2021-02-19 18:14:07+00:00,55.44959,8.471164,0.0,111.0,291.0,5,1613758447
2021-02-19 19:17:10+00:00,55.44958,8.471162,0.0,111.0,289.0,5,1613762230
2021-02-19 20:20:11+00:00,55.44954,8.471131,0.0,111.0,271.0,5,1613766011
2021-02-19 21:02:13+00:00,55.4495,8.471193,0.0,111.0,164.0,5,1613768533
2021-02-19 22:05:15+00:00,55.44956,8.47108,0.0,111.0,12.0,5,1613772315
2021-02-19 23:08:18+00:00,55.44955,8.471242,0.0,111.0,19.0,5,1613776098
2021-02-20 00:11:20+00:00,55.44958,8.471124,0.0,111.0,358.0,5,1613779880
2021-02-20 01:14:21+00:00,55.44956,8.471133,0.0,111.0,238.0,5,1613783661
2021-02-20 02:17:25+00:00,55.44955,8.471189,0.0,111.0,93.0,5,1613787445
2021-02-20 03:20:26+00:00,55.44957,8.471145,0.0,111.0,326.0,5,1613791226
2021-02-20 04:02:28+00:00,55.44957,8.47115,0.0,111.0,323.0,5,1613793748
2021-02-20 05:05:30+00:00,55.44956,8.47117,0.0,111.0,202.0,5,1613797530
2021-02-20 06:08:33+00:00,55.44955,8.471185,0.0,111.0,198.0,5,1613801313
2021-02-20 07:11:35+00:00,55.44955,8.471189,0.0,111.0,215.0,5,1613805095
2021-02-20 08:14:37+00:00,55.44957,8.471167,0.0,111.0,236.0,5,1613808877
2021-02-20 09:17:39+00:00,55.44957,8.471147,0.0,111.0,349.0,5,1613812659
2021-02-20 10:20:41+00:00,55.44957,8.471175,0.0,111.0,238.0,5,1613816441
2021-02-20 11:02:43+00:00,55.44954,8.471207,0.0,111.0,10.0,5,1613818963
2021-02-20 12:05:45+00:00,55.44962,8.471185,0.0,111.0,129.0,5,1613822745
2021-02-20 13:08:48+00:00,55.44958,8.47117,0.0,111.0,256.0,5,1613826528
2021-02-20 14:11:50+00:00,55.44957,8.471131,0.0,111.0,196.0,5,1613830310
2021-02-20 15:14:51+00:00,55.44966,8.471124,0.0,111.0,95.0,5,1613834091
2021-02-20 16:20:53+00:00,55.44955,8.471169,0.0,111.0,48.0,5,1613838053
2021-02-20 17:02:54+00:00,55.44953,8.471242,0.0,111.0,57.0,5,1613840574
2021-02-20 18:05:56+00:00,55.44958,8.471243,0.0,111.0,34.0,5,1613844356
2021-02-20 19:08:58+00:00,55.44957,8.471158,0.0,111.0,86.0,5,1613848138
2021-02-20 20:12:00+00:00,55.4496,8.471169,0.0,111.0,28.0,5,1613851920
2021-02-20 21:15:02+00:00,55.44961,8.471209,0.0,111.0,7.0,5,1613855702
2021-02-20 22:18:04+00:00,55.44957,8.471171,0.0,111.0,235.0,5,1613859484
2021-02-20 23:00:05+00:00,55.44955,8.471209,0.0,111.0,241.0,5,1613862005
2021-02-21 00:03:08+00:00,55.44957,8.471165,0.0,111.0,326.0,5,1613865788
2021-02-21 01:06:10+00:00,55.44957,8.471122,0.0,111.0,12.0,5,1613869570
2021-02-21 02:12:12+00:00,55.44955,8.471205,0.0,111.0,229.0,5,1613873532
2021-02-21 03:15:14+00:00,55.44956,8.471165,0.0,111.0,21.0,5,1613877314
2021-02-21 04:18:15+00:00,55.44956,8.471164,0.0,111.0,358.0,5,1613881095
2021-02-21 05:00:16+00:00,55.44957,8.47115,0.0,111.0,154.0,5,1613883616
2021-02-21 06:03:19+00:00,55.44955,8.471187,0.0,111.0,187.0,5,1613887399
2021-02-21 07:06:20+00:00,55.44955,8.47118,0.0,111.0,212.0,5,1613891180
2021-02-21 08:09:23+00:00,55.44956,8.471169,0.0,111.0,73.0,5,1613894963
2021-02-21 09:12:24+00:00,55.44957,8.471148,0.0,111.0,49.0,5,1613898744
2021-02-21 10:15:27+00:00,55.44957,8.47115,0.0,111.0,192.0,5,1613902527
2021-02-21 11:18:28+00:00,55.44954,8.471171,0.0,111.0,65.0,5,1613906308
2021-02-21 12:00:30+00:00,55.4496,8.471165,0.0,111.0,316.0,5,1613908830
2021-02-21 13:03:32+00:00,55.44957,8.471162,0.0,111.0,222.0,5,1613912612
2021-02-21 14:06:34+00:00,55.44956,8.471145,0.0,111.0,17.0,5,1613916394
2021-02-21 15:09:36+00:00,55.44969,8.471104,0.0,111.0,100.0,5,1613920176
2021-02-21 16:12:38+00:00,55.44957,8.471162,0.0,111.0,64.0,5,1613923958
2021-02-21 17:15:40+00:00,55.44955,8.471189,0.0,111.0,46.0,5,1613927740
2021-02-21 18:18:42+00:00,55.44958,8.471142,0.0,111.0,90.0,5,1613931522
2021-02-21 19:00:44+00:00,55.44955,8.471175,0.0,111.0,62.0,5,1613934044
2021-02-21 20:03:45+00:00,55.44953,8.471175,0.0,111.0,20.0,5,1613937825
2021-02-21 21:06:49+00:00,55.44959,8.471165,0.0,111.0,12.0,5,1613941609
2021-02-21 22:09:50+00:00,55.44957,8.471187,0.0,111.0,18.0,5,1613945390
2021-02-21 23:12:53+00:00,55.44958,8.47115,0.0,111.0,346.0,5,1613949173
2021-02-22 00:15:54+00:00,55.44957,8.471091,0.0,111.0,340.0,5,1613952954
2021-02-22 01:18:57+00:00,55.44954,8.471171,0.0,111.0,240.0,5,1613956737
2021-02-22 02:00:59+00:00,55.44955,8.471177,0.0,111.0,250.0,5,1613959259
2021-02-22 03:04:43+00:00,55.44957,8.47117,0.0,111.0,299.0,5,1613963083
2021-02-22 04:07:46+00:00,55.44955,8.471189,0.0,111.0,317.0,5,1613966866
2021-02-22 05:10:46+00:00,55.44957,8.471177,0.0,111.0,9.0,5,1613970646
2021-02-22 06:13:51+00:00,55.44957,8.471195,0.0,111.0,215.0,5,1613974431
2021-02-22 07:16:50+00:00,55.44956,8.47117,0.0,111.0,74.0,5,1613978210
2021-02-22 08:19:55+00:00,55.44958,8.47118,0.0,111.0,48.0,5,1613981995
2021-02-22 09:01:56+00:00,55.44958,8.4712,0.0,111.0,256.0,5,1613984516
2021-02-22 10:04:55+00:00,55.44957,8.471164,0.0,111.0,179.0,5,1613988295
2021-02-22 11:08:00+00:00,55.44956,8.471169,0.0,111.0,211.0,5,1613992080
2021-02-22 12:10:59+00:00,55.44957,8.471213,0.0,111.0,150.0,5,1613995859
2021-02-22 13:14:04+00:00,55.44956,8.471155,0.0,111.0,67.0,5,1613999644
2021-02-22 14:17:04+00:00,55.44955,8.471169,0.0,111.0,240.0,5,1614003424
2021-02-22 15:20:08+00:00,55.44958,8.47122,0.0,111.0,221.0,5,1614007208
2021-02-22 16:02:08+00:00,55.44956,8.471158,0.0,111.0,102.0,5,1614009728
2021-02-22 17:05:10+00:00,55.44955,8.471242,0.0,111.0,100.0,5,1614013510
2021-02-22 18:08:12+00:00,55.44958,8.471169,0.0,111.0,262.0,5,1614017292
2021-02-22 19:11:15+00:00,55.44957,8.471157,0.0,111.0,283.0,5,1614021075
2021-02-22 20:17:18+00:00,55.44953,8.471177,0.0,111.0,193.0,5,1614025038
2021-02-22 21:20:19+00:00,55.44957,8.471155,0.0,111.0,101.0,5,1614028819
2021-02-22 22:02:20+00:00,55.44957,8.471165,0.0,111.0,171.0,5,1614031340
2021-02-22 23:05:23+00:00,55.44957,8.471185,0.0,111.0,350.0,5,1614035123
2021-02-23 00:08:23+00:00,55.44956,8.471138,0.0,111.0,21.0,5,1614038903
2021-02-23 01:11:27+00:00,55.44956,8.471142,0.0,111.0,69.0,5,1614042687
2021-02-23 02:14:27+00:00,55.44955,8.471165,0.0,111.0,342.0,5,1614046467
2021-02-23 03:17:31+00:00,55.44958,8.47113,0.0,111.0,261.0,5,1614050251
2021-02-23 04:23:34+00:00,55.44955,8.47119,0.0,111.0,330.0,5,1614054214
2021-02-23 05:05:35+00:00,55.44956,8.471195,0.0,111.0,130.0,5,1614056735
2021-02-23 06:08:34+00:00,55.44954,8.471262,0.0,111.0,240.0,5,1614060514
2021-02-23 07:11:39+00:00,55.44956,8.47117,0.0,111.0,5.0,5,1614064299
2021-02-23 08:23:42+00:00,55.44957,8.471169,0.0,111.0,82.0,5,1614068622
2021-02-23 09:11:43+00:00,55.44958,8.471233,0.0,111.0,44.0,5,1614071503
2021-02-23 10:23:46+00:00,55.44957,8.471155,0.0,111.0,257.0,5,1614075826
2021-02-23 11:11:47+00:00,55.44956,8.471178,0.0,111.0,100.0,5,1614078707
2021-02-23 12:17:49+00:00,55.44957,8.47122,0.0,111.0,160.0,5,1614082669
2021-02-23 13:20:48+00:00,55.44953,8.4712,0.0,111.0,229.0,5,1614086448
2021-02-23 14:02:49+00:00,55.44953,8.471204,0.0,111.0,177.0,5,1614088969
2021-02-23 15:11:55+00:00,55.44957,8.47119,0.0,111.0,269.0,5,1614093115
2021-02-23 16:23:58+00:00,55.44955,8.47117,0.0,111.0,54.0,5,1614097438
2021-02-23 17:11:59+00:00,55.44955,8.471169,0.0,111.0,70.0,5,1614100319
2021-02-23 18:00:01+00:00,55.44959,8.471158,0.0,111.0,319.0,5,1614103201
2021-02-23 19:08:59+00:00,55.44958,8.471182,0.0,111.0,103.0,5,1614107339
2021-02-23 20:15:01+00:00,55.44952,8.471169,0.0,111.0,81.0,5,1614111301
2021-02-23 21:00:07+00:00,55.44957,8.471233,0.0,111.0,30.0,5,1614114007
2021-02-23 22:12:09+00:00,55.44957,8.471171,0.0,111.0,340.0,5,1614118329
2021-02-23 23:00:11+00:00,55.44955,8.471191,0.0,111.0,187.0,5,1614121211
2021-02-24 00:09:08+00:00,55.44978,8.470663,0.0,111.0,263.0,5,1614125348
2021-02-24 01:18:15+00:00,55.44959,8.47108,0.0,111.0,331.0,5,1614129495
2021-02-24 02:06:16+00:00,55.44955,8.47117,0.0,111.0,234.0,5,1614132376
2021-02-24 03:12:18+00:00,55.44957,8.471158,0.0,111.0,45.0,5,1614136338
2021-02-24 04:18:20+00:00,55.44955,8.47119,0.0,111.0,339.0,5,1614140300
2021-02-24 05:03:18+00:00,55.44957,8.471205,0.0,111.0,118.0,5,1614142998
2021-02-24 06:06:23+00:00,55.44956,8.47121,0.0,111.0,303.0,5,1614146783
2021-02-24 07:09:24+00:00,55.44956,8.471185,0.0,111.0,66.0,5,1614150564
2021-02-24 08:12:28+00:00,55.44956,8.471171,0.0,111.0,244.0,5,1614154348
2021-02-24 09:15:28+00:00,55.44957,8.47119,0.0,111.0,293.0,5,1614158128
2021-02-24 10:18:32+00:00,55.44958,8.471178,0.0,111.0,315.0,5,1614161912
2021-02-24 11:00:33+00:00,55.44956,8.471177,0.0,111.0,52.0,5,1614164433
2021-02-24 12:03:33+00:00,55.44957,8.471202,0.0,111.0,340.0,5,1614168213
2021-02-24 13:06:38+00:00,55.44956,8.47117,0.0,111.0,42.0,5,1614171998
2021-02-24 14:09:37+00:00,55.44956,8.471158,0.0,111.0,75.0,5,1614175777
2021-02-24 15:12:42+00:00,55.44961,8.47119,0.0,111.0,302.0,5,1614179562
2021-02-24 16:15:42+00:00,55.44955,8.471204,0.0,111.0,233.0,5,1614183342
2021-02-24 17:18:47+00:00,55.44954,8.471227,0.0,111.0,87.0,5,1614187127
2021-02-24 18:00:48+00:00,55.44957,8.471202,0.0,111.0,88.0,5,1614189648
2021-02-24 19:03:47+00:00,55.44958,8.47116,0.0,111.0,95.0,5,1614193427
2021-02-24 20:06:52+00:00,55.44951,8.471175,0.0,111.0,79.0,5,1614197212
2021-02-24 21:09:51+00:00,55.44958,8.471091,0.0,111.0,263.0,5,1614200991
2021-02-24 22:12:56+00:00,55.44957,8.471169,0.0,111.0,319.0,5,1614204776
2021-02-24 23:15:56+00:00,55.44958,8.47113,0.0,111.0,304.0,5,1614208556
2021-02-25 00:19:00+00:00,55.44958,8.47111,0.0,111.0,324.0,5,1614212340
2021-02-25 01:01:01+00:00,55.44955,8.471169,0.0,111.0,158.0,5,1614214861
2021-02-25 02:04:02+00:00,55.44955,8.471162,0.0,111.0,242.0,5,1614218642
2021-02-25 03:15:07+00:00,55.44955,8.471144,0.0,111.0,81.0,5,1614222907
2021-02-25 04:01:08+00:00,55.44957,8.47118,0.0,111.0,307.0,5,1614225668
2021-02-25 05:07:21+00:00,55.44958,8.471225,0.0,111.0,315.0,5,1614229641
2021-02-25 06:13:21+00:00,55.44956,8.471162,0.0,111.0,249.0,5,1614233601
2021-02-25 07:19:18+00:00,55.44956,8.471148,0.0,111.0,111.0,5,1614237558
2021-02-25 08:01:17+00:00,55.44955,8.471157,0.0,111.0,71.0,5,1614240077
2021-02-25 09:13:18+00:00,55.44955,8.471193,0.0,111.0,86.0,5,1614244398
2021-02-25 10:01:20+00:00,55.44957,8.471165,0.0,111.0,135.0,5,1614247280
2021-02-25 11:07:22+00:00,55.44956,8.471158,0.0,111.0,231.0,5,1614251242
2021-02-25 12:10:21+00:00,55.44958,8.471253,0.0,111.0,321.0,5,1614255021
2021-02-25 13:13:26+00:00,55.44952,8.471189,0.0,111.0,54.0,5,1614258806
2021-02-25 14:16:25+00:00,55.44955,8.471157,0.0,111.0,322.0,5,1614262585
2021-02-25 15:01:30+00:00,55.44958,8.471249,0.0,111.0,297.0,5,1614265290
2021-02-25 16:13:32+00:00,55.44953,8.471211,0.0,111.0,247.0,5,1614269612
2021-02-25 17:01:34+00:00,55.44956,8.47117,0.0,111.0,66.0,5,1614272494
2021-02-25 18:04:32+00:00,55.44958,8.471135,0.0,111.0,265.0,5,1614276272
2021-02-25 19:07:37+00:00,55.44958,8.471157,0.0,111.0,78.0,5,1614280057
2021-02-25 20:10:37+00:00,55.44953,8.47117,0.0,111.0,251.0,5,1614283837
2021-02-25 21:13:42+00:00,55.44958,8.471091,0.0,111.0,14.0,5,1614287622
2021-02-25 22:19:43+00:00,55.44957,8.471158,0.0,111.0,144.0,5,1614291583
2021-02-25 23:01:44+00:00,55.44957,8.471151,0.0,111.0,35.0,5,1614294104
2021-02-26 00:04:45+00:00,55.44955,8.471162,0.0,111.0,168.0,5,1614297885
2021-02-26 01:07:48+00:00,55.44955,8.471171,0.0,111.0,337.0,5,1614301668
2021-02-26 02:10:49+00:00,55.44955,8.471173,0.0,111.0,0.0,5,1614305449
2021-02-26 03:13:53+00:00,55.44957,8.471138,0.0,111.0,260.0,5,1614309233
2021-02-26 04:16:53+00:00,55.44953,8.471233,0.0,111.0,239.0,5,1614313013
2021-02-26 05:19:58+00:00,55.44958,8.471135,0.0,111.0,6.0,5,1614316798
2021-02-26 06:01:59+00:00,55.44957,8.471197,0.0,111.0,272.0,5,1614319319
2021-02-26 07:04:59+00:00,55.44957,8.471162,0.0,111.0,290.0,5,1614323099
2021-02-26 08:08:04+00:00,55.44957,8.471178,0.0,111.0,246.0,5,1614326884
2021-02-26 09:11:03+00:00,55.44955,8.471209,0.0,111.0,335.0,5,1614330663
2021-02-26 10:14:08+00:00,55.44958,8.47118,0.0,111.0,223.0,5,1614334448
2021-02-26 11:02:10+00:00,55.44955,8.471148,0.0,111.0,234.0,5,1614337330
2021-02-26 12:05:09+00:00,55.44958,8.471243,0.0,111.0,334.0,5,1614341109
2021-02-26 13:08:14+00:00,55.44955,8.471171,0.0,111.0,18.0,5,1614344894
2021-02-26 14:11:14+00:00,55.44955,8.471155,0.0,111.0,152.0,5,1614348674
2021-02-26 15:14:18+00:00,55.44956,8.471204,0.0,111.0,251.0,5,1614352458
2021-02-26 16:17:19+00:00,55.44955,8.471169,0.0,111.0,57.0,5,1614356239
2021-02-26 17:20:21+00:00,55.44955,8.471202,0.0,111.0,53.0,5,1614360021
2021-02-26 18:02:22+00:00,55.44958,8.471135,0.0,111.0,288.0,5,1614362542
2021-02-26 19:05:23+00:00,55.44957,8.471148,0.0,111.0,86.0,5,1614366323
2021-02-26 20:08:27+00:00,55.44955,8.471127,0.0,111.0,242.0,5,1614370107
2021-02-26 21:11:28+00:00,55.44957,8.471162,0.0,111.0,231.0,5,1614373888
2021-02-26 22:14:30+00:00,55.44957,8.47116,0.0,111.0,153.0,5,1614377670
2021-02-26 23:17:31+00:00,55.44961,8.470988,0.0,111.0,330.0,5,1614381451
2021-02-27 00:20:34+00:00,55.4495,8.471013,0.0,111.0,70.0,5,1614385234
2021-02-27 01:02:35+00:00,55.44954,8.471185,0.0,111.0,235.0,5,1614387755
2021-02-27 02:05:36+00:00,55.44955,8.471178,0.0,111.0,70.0,5,1614391536
2021-02-27 03:08:40+00:00,55.44957,8.471171,0.0,111.0,69.0,5,1614395320
2021-02-27 04:11:39+00:00,55.44954,8.471247,0.0,111.0,60.0,5,1614399099
2021-02-27 05:14:44+00:00,55.44963,8.47116,0.0,111.0,36.0,5,1614402884
2021-02-27 06:17:43+00:00,55.44953,8.471222,0.0,111.0,221.0,5,1614406663
2021-02-27 07:20:48+00:00,55.44958,8.471184,0.0,111.0,200.0,5,1614410448
2021-02-27 08:02:49+00:00,55.44957,8.47117,0.0,111.0,245.0,5,1614412969
2021-02-27 09:05:49+00:00,55.44955,8.471223,0.0,111.0,258.0,5,1614416749
2021-02-27 10:08:51+00:00,55.44957,8.471164,0.0,111.0,219.0,5,1614420531
2021-02-27 11:11:54+00:00,55.44955,8.471165,0.0,111.0,99.0,5,1614424314
2021-02-27 12:14:54+00:00,55.44957,8.4712,0.0,111.0,57.0,5,1614428094
2021-02-27 13:17:57+00:00,55.44952,8.471235,0.0,111.0,47.0,5,1614431877
2021-02-27 14:20:58+00:00,55.44957,8.47117,0.0,111.0,91.0,5,1614435658
2021-02-27 15:02:59+00:00,55.44956,8.47124,0.0,111.0,106.0,5,1614438179
2021-02-27 16:06:03+00:00,55.44955,8.471151,0.0,111.0,80.0,5,1614441963
2021-02-27 17:09:03+00:00,55.44955,8.471197,0.0,111.0,66.0,5,1614445743
2021-02-27 18:12:07+00:00,55.44956,8.471158,0.0,111.0,260.0,5,1614449527
2021-02-27 19:15:07+00:00,55.44956,8.471165,0.0,111.0,69.0,5,1614453307
2021-02-27 20:18:12+00:00,55.44956,8.471197,0.0,111.0,105.0,5,1614457092
2021-02-27 21:00:13+00:00,55.44958,8.471045,0.0,111.0,322.0,5,1614459613
2021-02-27 22:12:16+00:00,55.44957,8.471162,0.0,111.0,180.0,5,1614463936
2021-02-27 23:15:14+00:00,55.44959,8.471177,0.0,111.0,352.0,5,1614467714
2021-02-28 00:18:19+00:00,55.44955,8.471135,0.0,111.0,320.0,5,1614471499
2021-02-28 01:00:21+00:00,55.44954,8.471178,0.0,111.0,252.0,5,1614474021
2021-02-28 02:06:23+00:00,55.44956,8.471191,0.0,111.0,232.0,5,1614477983
2021-02-28 03:09:22+00:00,55.44956,8.471189,0.0,111.0,244.0,5,1614481762
2021-02-28 04:12:27+00:00,55.44955,8.471227,0.0,111.0,66.0,5,1614485547
2021-02-28 05:00:29+00:00,55.44955,8.47119,0.0,111.0,54.0,5,1614488429
2021-02-28 06:06:31+00:00,55.44955,8.471245,0.0,111.0,100.0,5,1614492391
2021-02-28 07:09:30+00:00,55.44957,8.47117,0.0,111.0,219.0,5,1614496170
2021-02-28 08:12:35+00:00,55.44955,8.471158,0.0,111.0,264.0,5,1614499955
2021-02-28 09:15:34+00:00,55.44955,8.471231,0.0,111.0,222.0,5,1614503734
2021-02-28 10:18:39+00:00,55.44957,8.471169,0.0,111.0,218.0,5,1614507519
2021-02-28 11:00:40+00:00,55.44956,8.471197,0.0,111.0,205.0,5,1614510040
2021-02-28 12:03:40+00:00,55.44957,8.47123,0.0,111.0,22.0,5,1614513820
2021-02-28 13:06:44+00:00,55.44953,8.471223,0.0,111.0,67.0,5,1614517604
2021-02-28 14:09:43+00:00,55.44954,8.471155,0.0,111.0,72.0,5,1614521383
2021-02-28 15:12:47+00:00,55.44956,8.47121,0.0,111.0,261.0,5,1614525167
2021-02-28 16:15:47+00:00,55.44955,8.471205,0.0,111.0,266.0,5,1614528947
2021-02-28 17:18:52+00:00,55.44956,8.47118,0.0,111.0,250.0,5,1614532732
2021-02-28 18:00:54+00:00,55.44957,8.47114,0.0,111.0,90.0,5,1614535254
2021-02-28 19:12:57+00:00,55.44957,8.471165,0.0,111.0,77.0,5,1614539577
2021-02-28 20:00:58+00:00,55.44953,8.471117,0.0,111.0,87.0,5,1614542458
2021-02-28 21:13:01+00:00,55.44963,8.471058,0.0,111.0,49.0,5,1614546781
2021-02-28 22:01:03+00:00,55.44957,8.471187,0.0,111.0,238.0,5,1614549663
2021-02-28 23:13:05+00:00,55.4496,8.471169,0.0,111.0,24.0,5,1614553985
2021-03-01 00:16:03+00:00,55.44958,8.471088,0.0,111.0,36.0,5,1614557763
2021-03-01 01:22:05+00:00,55.44955,8.471191,0.0,111.0,42.0,5,1614561725
2021-03-01 02:07:10+00:00,55.44961,8.471144,0.0,111.0,57.0,5,1614564430
2021-03-01 03:13:12+00:00,55.44955,8.471191,0.0,111.0,87.0,5,1614568392
2021-03-01 04:16:11+00:00,55.44954,8.471231,0.0,111.0,76.0,5,1614572171
2021-03-01 05:19:16+00:00,55.44956,8.471162,0.0,111.0,22.0,5,1614575956
2021-03-01 06:01:17+00:00,55.44958,8.471158,0.0,111.0,159.0,5,1614578477
2021-03-01 07:04:17+00:00,55.44955,8.471151,0.0,111.0,247.0,5,1614582257
2021-03-01 08:07:20+00:00,55.44955,8.471158,0.0,111.0,30.0,5,1614586040
2021-03-01 09:10:21+00:00,55.44955,8.471247,0.0,111.0,10.0,5,1614589821
2021-03-01 10:13:24+00:00,55.44957,8.471162,0.0,111.0,220.0,5,1614593604
2021-03-01 11:16:26+00:00,55.4495,8.471303,0.0,111.0,89.0,5,1614597386
2021-03-01 12:01:27+00:00,55.44958,8.471205,0.0,111.0,354.0,5,1614600087
2021-03-01 13:04:29+00:00,55.44956,8.471155,0.0,111.0,49.0,5,1614603869
2021-03-01 14:07:33+00:00,55.44955,8.47116,0.0,111.0,50.0,5,1614607653
2021-03-01 15:10:33+00:00,55.44957,8.471175,0.0,111.0,221.0,5,1614611433
2021-03-01 16:13:38+00:00,55.44956,8.471187,0.0,111.0,46.0,5,1614615218
2021-03-01 17:19:40+00:00,55.44956,8.471207,0.0,111.0,53.0,5,1614619180
2021-03-01 18:04:38+00:00,55.44956,8.47115,0.0,111.0,273.0,5,1614621878
2021-03-01 19:13:43+00:00,55.44955,8.471171,0.0,111.0,63.0,5,1614626023
2021-03-01 20:01:45+00:00,55.44955,8.471147,0.0,111.0,55.0,5,1614628905
2021-03-01 21:13:48+00:00,55.44956,8.471205,0.0,111.0,58.0,5,1614633228
2021-03-01 22:01:50+00:00,55.44957,8.47117,0.0,111.0,227.0,5,1614636110
2021-03-01 23:13:52+00:00,55.44957,8.471202,0.0,111.0,329.0,5,1614640432
2021-03-02 00:01:53+00:00,55.44956,8.471167,0.0,111.0,171.0,5,1614643313
2021-03-02 01:13:56+00:00,55.44954,8.471213,0.0,111.0,230.0,5,1614647636
2021-03-02 02:01:57+00:00,55.44965,8.47111,0.0,111.0,44.0,5,1614650517
2021-03-02 03:14:00+00:00,55.44955,8.47121,0.0,111.0,88.0,5,1614654840
2021-03-02 04:02:01+00:00,55.44952,8.471275,0.0,111.0,224.0,5,1614657721
2021-03-02 05:14:03+00:00,55.44956,8.47116,0.0,111.0,32.0,5,1614662043
2021-03-02 06:02:05+00:00,55.44956,8.471193,0.0,111.0,220.0,5,1614664925
2021-03-02 07:14:07+00:00,55.44957,8.471184,0.0,111.0,66.0,5,1614669247
2021-03-02 08:02:09+00:00,55.44955,8.471162,0.0,111.0,227.0,5,1614672129
2021-03-02 09:14:11+00:00,55.44954,8.471205,0.0,111.0,197.0,5,1614676451
2021-03-02 10:02:12+00:00,55.44957,8.471207,0.0,111.0,239.0,5,1614679332
2021-03-02 11:14:14+00:00,55.44963,8.471191,0.0,111.0,245.0,5,1614683654
2021-03-02 12:02:16+00:00,55.44957,8.471169,0.0,111.0,150.0,5,1614686536
2021-03-02 13:14:18+00:00,55.4495,8.471295,0.0,111.0,57.0,5,1614690858
2021-03-02 14:02:19+00:00,55.44956,8.471151,0.0,111.0,54.0,5,1614693739
2021-03-02 15:17:16+00:00,55.44957,8.471164,0.0,110.0,255.0,5,1614698236
2021-03-02 16:02:24+00:00,55.44956,8.471175,0.0,111.0,259.0,5,1614700944
2021-03-02 17:14:26+00:00,55.44956,8.471195,0.0,111.0,81.0,5,1614705266
2021-03-02 18:02:28+00:00,55.44956,8.471091,0.0,111.0,277.0,5,1614708148
2021-03-02 19:11:24+00:00,55.44953,8.471185,0.0,111.0,61.0,5,1614712284
2021-03-02 20:14:32+00:00,55.44956,8.471195,0.0,111.0,284.0,5,1614716072
2021-03-02 21:02:33+00:00,55.44955,8.471191,0.0,111.0,39.0,5,1614718953
2021-03-02 22:14:35+00:00,55.44957,8.471215,0.0,111.0,81.0,5,1614723275
2021-03-02 23:02:37+00:00,55.44958,8.471164,0.0,111.0,53.0,5,1614726157
2021-03-03 00:20:40+00:00,55.44955,8.471148,0.0,111.0,16.0,5,1614730840
2021-03-03 01:02:41+00:00,55.44954,8.471197,0.0,111.0,71.0,5,1614733361
2021-03-03 02:14:44+00:00,55.44962,8.471135,0.0,111.0,272.0,5,1614737684
2021-03-03 03:02:46+00:00,55.44955,8.471198,0.0,111.0,291.0,5,1614740566
2021-03-03 04:17:39+00:00,55.44955,8.471195,0.0,111.0,124.0,5,1614745059
2021-03-03 05:02:49+00:00,55.44958,8.47115,0.0,111.0,85.0,5,1614747769
2021-03-03 06:14:52+00:00,55.44955,8.471189,0.0,111.0,261.0,5,1614752092
2021-03-03 07:02:54+00:00,55.44958,8.471171,0.0,111.0,89.0,5,1614754974
2021-03-03 08:14:57+00:00,55.44959,8.471209,0.0,111.0,166.0,5,1614759297
2021-03-03 09:02:58+00:00,55.44956,8.471227,0.0,111.0,207.0,5,1614762178
2021-03-03 10:15:01+00:00,55.44955,8.471191,0.0,111.0,236.0,5,1614766501
2021-03-03 11:03:02+00:00,55.44957,8.471182,0.0,111.0,263.0,5,1614769382
2021-03-03 12:15:04+00:00,55.44957,8.471178,0.0,111.0,170.0,5,1614773704
2021-03-03 13:03:06+00:00,55.44949,8.471273,0.0,111.0,219.0,5,1614776586
2021-03-03 14:15:09+00:00,55.44957,8.471155,0.0,111.0,277.0,5,1614780909
2021-03-03 15:03:11+00:00,55.44955,8.471171,0.0,111.0,241.0,5,1614783791
2021-03-03 16:15:13+00:00,55.44955,8.471205,0.0,111.0,232.0,5,1614788113
2021-03-03 17:03:14+00:00,55.44956,8.471173,0.0,111.0,291.0,5,1614790994
2021-03-03 18:15:17+00:00,55.44957,8.471145,0.0,111.0,74.0,5,1614795317
2021-03-03 19:03:18+00:00,55.44957,8.471178,0.0,111.0,85.0,5,1614798198
2021-03-03 20:15:20+00:00,55.44956,8.471151,0.0,111.0,118.0,5,1614802520
2021-03-03 21:03:21+00:00,55.44957,8.471138,0.0,111.0,33.0,5,1614805401
2021-03-03 22:15:23+00:00,55.44955,8.471223,0.0,111.0,59.0,5,1614809723
2021-03-03 23:03:25+00:00,55.44957,8.471165,0.0,111.0,355.0,5,1614812605
2021-03-04 00:15:28+00:00,55.44955,8.471142,0.0,111.0,214.0,5,1614816928
2021-03-04 01:03:29+00:00,55.44953,8.471209,0.0,111.0,55.0,5,1614819809
2021-03-04 02:15:31+00:00,55.4496,8.471147,0.0,111.0,95.0,5,1614824131
2021-03-04 03:03:33+00:00,55.44955,8.471197,0.0,111.0,105.0,5,1614827013
2021-03-04 04:15:34+00:00,55.44956,8.471177,0.0,111.0,101.0,5,1614831334
2021-03-04 05:03:35+00:00,55.44957,8.471169,0.0,111.0,13.0,5,1614834215
2021-03-04 06:15:38+00:00,55.44955,8.471182,0.0,111.0,217.0,5,1614838538
2021-03-04 07:03:40+00:00,55.44957,8.471184,0.0,111.0,244.0,5,1614841420
2021-03-04 08:15:42+00:00,55.44958,8.471204,0.0,111.0,356.0,5,1614845742
2021-03-04 09:03:44+00:00,55.44957,8.471155,0.0,111.0,225.0,5,1614848624
2021-03-04 10:18:37+00:00,55.44955,8.471185,0.0,111.0,228.0,5,1614853117
2021-03-04 11:03:49+00:00,55.44953,8.471283,0.0,111.0,207.0,5,1614855829
2021-03-04 12:15:50+00:00,55.44957,8.471209,0.0,111.0,144.0,5,1614860150
2021-03-04 13:03:52+00:00,55.44963,8.47105,0.0,111.0,254.0,5,1614863032
2021-03-04 14:15:54+00:00,55.4496,8.471171,0.0,111.0,88.0,5,1614867354
2021-03-04 15:03:56+00:00,55.44957,8.471177,0.0,111.0,103.0,5,1614870236
2021-03-04 16:15:58+00:00,55.44953,8.471282,0.0,111.0,56.0,5,1614874558
2021-03-04 17:03:59+00:00,55.44957,8.471185,0.0,111.0,245.0,5,1614877439
2021-03-04 18:16:01+00:00,55.44956,8.47118,0.0,111.0,249.0,5,1614881761
2021-03-04 19:04:03+00:00,55.44954,8.471191,0.0,111.0,260.0,5,1614884643
2021-03-04 20:10:05+00:00,55.44957,8.471171,0.0,111.0,324.0,5,1614888605
2021-03-04 21:22:07+00:00,55.44957,8.47117,0.0,111.0,184.0,5,1614892927
2021-03-04 22:10:09+00:00,55.44957,8.471235,0.0,111.0,207.0,5,1614895809
2021-03-04 23:22:12+00:00,55.44957,8.47115,0.0,111.0,332.0,5,1614900132
2021-03-05 00:10:13+00:00,55.44955,8.471164,0.0,111.0,63.0,5,1614903013
2021-03-05 01:22:15+00:00,55.44955,8.471187,0.0,111.0,77.0,5,1614907335
2021-03-05 02:10:16+00:00,55.44958,8.471197,0.0,111.0,70.0,5,1614910216
2021-03-05 03:22:19+00:00,55.44955,8.471205,0.0,111.0,234.0,5,1614914539
2021-03-05 04:10:20+00:00,55.44957,8.471151,0.0,111.0,75.0,5,1614917420
2021-03-05 05:22:23+00:00,55.44956,8.471198,0.0,111.0,41.0,5,1614921743
2021-03-05 06:10:25+00:00,55.44956,8.471162,0.0,111.0,211.0,5,1614924625
2021-03-05 07:22:28+00:00,55.44956,8.471164,0.0,111.0,268.0,5,1614928948
2021-03-05 08:10:29+00:00,55.44957,8.471197,0.0,111.0,240.0,5,1614931829
2021-03-05 09:22:31+00:00,55.44957,8.471178,0.0,111.0,212.0,5,1614936151
2021-03-05 10:10:33+00:00,55.44953,8.47122,0.0,111.0,225.0,5,1614939033
2021-03-05 11:22:35+00:00,55.44958,8.471169,0.0,111.0,307.0,5,1614943355
2021-03-05 12:10:37+00:00,55.44956,8.471175,0.0,111.0,69.0,5,1614946237
2021-03-05 13:22:39+00:00,55.44955,8.471185,0.0,111.0,50.0,5,1614950559
2021-03-05 14:10:41+00:00,55.44958,8.471178,0.0,111.0,259.0,5,1614953441
2021-03-05 15:22:43+00:00,55.44955,8.471145,0.0,111.0,107.0,5,1614957763
2021-03-05 16:10:45+00:00,55.44955,8.471198,0.0,111.0,57.0,5,1614960645
2021-03-05 17:22:47+00:00,55.44956,8.471164,0.0,111.0,73.0,5,1614964967
2021-03-05 18:10:49+00:00,55.44957,8.47115,0.0,111.0,41.0,5,1614967849
2021-03-05 19:22:51+00:00,55.44953,8.471142,0.0,111.0,55.0,5,1614972171
2021-03-05 20:10:52+00:00,55.44957,8.47115,0.0,111.0,127.0,5,1614975052
2021-03-05 21:22:54+00:00,55.44958,8.471165,0.0,111.0,88.0,5,1614979374
2021-03-05 22:07:44+00:00,55.44957,8.471243,0.0,111.0,238.0,5,1614982064
2021-03-05 23:16:58+00:00,55.44957,8.471133,0.0,111.0,137.0,5,1614986218
2021-03-06 00:04:59+00:00,55.44955,8.471155,0.0,111.0,88.0,5,1614989099
2021-03-06 01:17:01+00:00,55.44956,8.471184,0.0,111.0,232.0,5,1614993421
2021-03-06 02:05:03+00:00,55.4496,8.471164,0.0,111.0,338.0,5,1614996303
2021-03-06 03:17:06+00:00,55.44953,8.471245,0.0,111.0,128.0,5,1615000626
2021-03-06 04:05:07+00:00,55.44953,8.471204,0.0,111.0,79.0,5,1615003507
2021-03-06 05:17:10+00:00,55.44971,8.471315,0.0,111.0,276.0,5,1615007830
2021-03-06 06:05:11+00:00,55.44957,8.47115,0.0,111.0,228.0,5,1615010711
2021-03-06 07:17:14+00:00,55.44955,8.471165,0.0,111.0,63.0,5,1615015034
2021-03-06 08:05:15+00:00,55.44957,8.471216,0.0,111.0,20.0,5,1615017915
2021-03-06 09:17:18+00:00,55.44957,8.4712,0.0,111.0,176.0,5,1615022238
2021-03-06 10:05:19+00:00,55.44955,8.471171,0.0,111.0,217.0,5,1615025119
2021-03-06 11:17:21+00:00,55.44957,8.471185,0.0,111.0,329.0,5,1615029441
2021-03-06 12:05:22+00:00,55.44957,8.471177,0.0,111.0,52.0,5,1615032322
2021-03-06 13:17:25+00:00,55.44955,8.471202,0.0,111.0,269.0,5,1615036645
2021-03-06 14:05:26+00:00,55.44961,8.471155,0.0,111.0,267.0,5,1615039526
2021-03-06 15:20:16+00:00,55.44957,8.471151,0.0,111.0,267.0,5,1615044016
2021-03-06 16:05:31+00:00,55.44953,8.47124,0.0,111.0,75.0,5,1615046731
2021-03-06 17:17:32+00:00,55.44959,8.47123,0.0,111.0,292.0,5,1615051052
2021-03-06 18:05:33+00:00,55.44957,8.471177,0.0,111.0,236.0,5,1615053933
2021-03-06 19:17:36+00:00,55.44953,8.471135,0.0,111.0,267.0,5,1615058256
2021-03-06 20:05:36+00:00,55.44959,8.471247,0.0,111.0,115.0,5,1615061136
2021-03-06 21:14:28+00:00,55.44957,8.471184,0.0,111.0,131.0,5,1615065268
2021-03-06 22:23:40+00:00,55.44957,8.471165,0.0,111.0,196.0,5,1615069420
2021-03-06 23:08:32+00:00,55.44958,8.471127,0.0,111.0,264.0,5,1615072112
2021-03-07 00:17:43+00:00,55.44953,8.471204,0.0,111.0,266.0,5,1615076263
2021-03-07 01:05:45+00:00,55.44954,8.47123,0.0,111.0,46.0,5,1615079145
2021-03-07 02:17:47+00:00,55.44958,8.471173,0.0,111.0,52.0,5,1615083467
2021-03-07 03:05:49+00:00,55.44951,8.471278,0.0,111.0,84.0,5,1615086349
2021-03-07 04:17:50+00:00,55.44957,8.471182,0.0,111.0,268.0,5,1615090670
2021-03-07 05:05:52+00:00,55.44956,8.471182,0.0,111.0,220.0,5,1615093552
2021-03-07 06:17:54+00:00,55.44956,8.471171,0.0,111.0,284.0,5,1615097874
2021-03-07 07:05:55+00:00,55.44957,8.471162,0.0,111.0,8.0,5,1615100755
2021-03-07 08:17:58+00:00,55.44957,8.471175,0.0,111.0,138.0,5,1615105078
2021-03-07 09:05:59+00:00,55.44957,8.471195,0.0,111.0,172.0,5,1615107959
2021-03-07 10:18:02+00:00,55.44957,8.471175,0.0,111.0,197.0,5,1615112282
2021-03-07 11:06:03+00:00,55.44959,8.471175,0.0,111.0,64.0,5,1615115163
2021-03-07 12:18:05+00:00,55.44957,8.471185,0.0,111.0,66.0,5,1615119485
2021-03-07 13:06:07+00:00,55.44955,8.471177,0.0,111.0,353.0,5,1615122367
2021-03-07 14:18:08+00:00,55.44961,8.471233,0.0,111.0,72.0,5,1615126688
2021-03-07 15:06:09+00:00,55.44958,8.471185,0.0,111.0,90.0,5,1615129569
2021-03-07 16:18:12+00:00,55.44954,8.471191,0.0,111.0,59.0,5,1615133892
2021-03-07 17:06:14+00:00,55.44959,8.47115,0.0,111.0,247.0,5,1615136774
2021-03-07 18:18:16+00:00,55.44957,8.471171,0.0,111.0,89.0,5,1615141096
2021-03-07 19:06:18+00:00,55.44955,8.471142,0.0,111.0,244.0,5,1615143978
2021-03-07 20:18:21+00:00,55.44956,8.47121,0.0,111.0,58.0,5,1615148301
2021-03-07 21:06:22+00:00,55.44956,8.471223,0.0,111.0,191.0,5,1615151182
2021-03-07 22:18:25+00:00,55.44956,8.471198,0.0,111.0,347.0,5,1615155505
2021-03-07 23:06:26+00:00,55.44954,8.471209,0.0,111.0,263.0,5,1615158386
2021-03-08 00:18:29+00:00,55.44956,8.471142,0.0,111.0,266.0,5,1615162709
2021-03-08 01:06:30+00:00,55.44954,8.471198,0.0,111.0,62.0,5,1615165590
2021-03-08 02:18:34+00:00,55.44955,8.471171,0.0,111.0,262.0,5,1615169914
2021-03-08 03:06:36+00:00,55.44957,8.471215,0.0,111.0,158.0,5,1615172796
2021-03-08 04:18:38+00:00,55.44958,8.471235,0.0,111.0,48.0,5,1615177118
2021-03-08 05:06:40+00:00,55.44961,8.471273,0.0,111.0,10.0,5,1615180000
2021-03-08 06:18:42+00:00,55.44957,8.471173,0.0,111.0,33.0,5,1615184322
2021-03-08 07:06:43+00:00,55.44957,8.471155,0.0,111.0,78.0,5,1615187203
2021-03-08 08:18:45+00:00,55.44955,8.471227,0.0,111.0,209.0,5,1615191525
2021-03-08 09:06:47+00:00,55.44957,8.471216,0.0,111.0,197.0,5,1615194407
2021-03-08 10:18:49+00:00,55.44957,8.471184,0.0,111.0,193.0,5,1615198729
2021-03-08 11:06:51+00:00,55.44957,8.471218,0.0,111.0,210.0,5,1615201611
2021-03-08 12:18:53+00:00,55.44958,8.471184,0.0,111.0,64.0,5,1615205933
2021-03-08 13:06:56+00:00,55.44955,8.471178,0.0,111.0,86.0,5,1615208816
2021-03-08 14:18:56+00:00,55.4496,8.471202,0.0,111.0,244.0,5,1615213136
2021-03-08 15:06:58+00:00,55.44957,8.47118,0.0,111.0,262.0,5,1615216018
2021-03-08 16:18:59+00:00,55.44954,8.471204,0.0,111.0,44.0,5,1615220339
2021-03-08 17:07:00+00:00,55.44959,8.471198,0.0,111.0,66.0,5,1615223220
2021-03-08 18:19:02+00:00,55.44957,8.471171,0.0,111.0,82.0,5,1615227542
2021-03-08 19:07:04+00:00,55.44951,8.471148,0.0,111.0,306.0,5,1615230424
2021-03-08 20:19:06+00:00,55.44956,8.471142,0.0,111.0,0.0,5,1615234746
2021-03-08 21:07:07+00:00,55.44956,8.471158,0.0,111.0,321.0,5,1615237627
2021-03-08 22:19:09+00:00,55.44957,8.47115,0.0,111.0,249.0,5,1615241949
2021-03-08 23:07:11+00:00,55.44958,8.471091,0.0,111.0,66.0,5,1615244831
2021-03-09 00:19:13+00:00,55.44957,8.471122,0.0,111.0,337.0,5,1615249153
2021-03-09 01:07:15+00:00,55.44957,8.471104,0.0,111.0,201.0,5,1615252035
2021-03-09 02:19:18+00:00,55.44957,8.471102,0.0,111.0,201.0,5,1615256358
2021-03-09 03:07:20+00:00,55.44956,8.471145,0.0,111.0,172.0,5,1615259240
2021-03-09 04:19:22+00:00,55.44956,8.471184,0.0,111.0,171.0,5,1615263562
2021-03-09 05:07:23+00:00,55.44964,8.471195,0.0,111.0,34.0,5,1615266443
2021-03-09 06:19:26+00:00,55.44956,8.471158,0.0,111.0,56.0,5,1615270766
2021-03-09 07:07:27+00:00,55.44955,8.471169,0.0,111.0,253.0,5,1615273647
2021-03-09 08:19:29+00:00,55.44955,8.471233,0.0,111.0,238.0,5,1615277969
2021-03-09 09:07:30+00:00,55.44956,8.471197,0.0,111.0,194.0,5,1615280850
2021-03-09 10:13:33+00:00,55.44956,8.4712,0.0,111.0,199.0,5,1615284813
2021-03-09 11:01:35+00:00,55.44955,8.471197,0.0,111.0,310.0,5,1615287695
2021-03-09 12:13:37+00:00,55.44957,8.471193,0.0,111.0,42.0,5,1615292017
2021-03-09 13:01:39+00:00,55.44957,8.471138,0.0,111.0,56.0,5,1615294899
2021-03-09 14:07:41+00:00,55.4496,8.471144,0.0,111.0,245.0,5,1615298861
2021-03-09 15:13:43+00:00,55.44957,8.471145,0.0,111.0,56.0,5,1615302823
2021-03-09 16:01:44+00:00,55.44955,8.471171,0.0,111.0,29.0,5,1615305704
2021-03-09 17:13:47+00:00,55.44952,8.471216,0.0,111.0,83.0,5,1615310027
2021-03-09 18:01:49+00:00,55.44957,8.471162,0.0,111.0,279.0,5,1615312909
2021-03-09 19:07:52+00:00,55.44954,8.471216,0.0,111.0,89.0,5,1615316872
2021-03-09 20:19:53+00:00,55.44957,8.471147,0.0,111.0,33.0,5,1615321193
2021-03-09 21:07:55+00:00,55.44957,8.471178,0.0,111.0,77.0,5,1615324075
2021-03-09 22:19:58+00:00,55.44957,8.471171,0.0,111.0,10.0,5,1615328398
2021-03-09 23:08:00+00:00,55.44954,8.471211,0.0,111.0,51.0,5,1615331280
2021-03-10 00:20:02+00:00,55.44956,8.471151,0.0,111.0,288.0,5,1615335602
2021-03-10 01:08:04+00:00,55.44956,8.471158,0.0,111.0,54.0,5,1615338484
2021-03-10 02:20:06+00:00,55.44958,8.471137,0.0,111.0,207.0,5,1615342806
2021-03-10 03:08:08+00:00,55.44956,8.471171,0.0,111.0,0.0,5,1615345688
2021-03-10 04:20:09+00:00,55.44955,8.471211,0.0,111.0,46.0,5,1615350009
2021-03-10 05:08:11+00:00,55.44957,8.471162,0.0,111.0,188.0,5,1615352891
2021-03-10 06:20:13+00:00,55.44954,8.47118,0.0,111.0,213.0,5,1615357213
2021-03-10 07:08:15+00:00,55.44954,8.471157,0.0,111.0,243.0,5,1615360095
2021-03-10 08:20:16+00:00,55.44955,8.471184,0.0,111.0,228.0,5,1615364416
2021-03-10 09:08:19+00:00,55.44957,8.471177,0.0,111.0,253.0,5,1615367299
2021-03-10 10:20:21+00:00,55.44956,8.471184,0.0,111.0,205.0,5,1615371621
2021-03-10 11:08:22+00:00,55.44957,8.471209,0.0,111.0,324.0,5,1615374502
2021-03-10 12:20:24+00:00,55.4495,8.471245,0.0,111.0,63.0,5,1615378824
2021-03-10 13:08:26+00:00,55.44955,8.471198,0.0,111.0,52.0,5,1615381706
2021-03-10 14:20:29+00:00,55.44958,8.471177,0.0,111.0,238.0,5,1615386029
2021-03-10 15:08:30+00:00,55.44955,8.471164,0.0,111.0,55.0,5,1615388910
2021-03-10 16:17:25+00:00,55.44956,8.471182,0.0,111.0,29.0,5,1615393045
2021-03-10 17:02:34+00:00,55.4496,8.471249,0.0,111.0,101.0,5,1615395754
2021-03-10 18:14:36+00:00,55.44957,8.471148,0.0,111.0,253.0,5,1615400076
2021-03-10 19:02:38+00:00,55.44953,8.471138,0.0,111.0,50.0,5,1615402958
2021-03-10 20:14:40+00:00,55.44958,8.471102,0.0,111.0,76.0,5,1615407280
2021-03-10 21:02:41+00:00,55.44957,8.471187,0.0,111.0,294.0,5,1615410161
2021-03-10 22:14:43+00:00,55.44956,8.471157,0.0,111.0,298.0,5,1615414483
2021-03-10 23:08:45+00:00,55.44953,8.471085,0.0,111.0,299.0,5,1615417725
2021-03-11 00:20:48+00:00,55.44945,8.471367,0.0,111.0,17.0,5,1615422048
2021-03-11 01:08:49+00:00,55.44955,8.471137,0.0,111.0,155.0,5,1615424929
2021-03-11 02:20:51+00:00,55.44955,8.471137,0.0,111.0,266.0,5,1615429251
2021-03-11 03:02:53+00:00,55.44957,8.471164,0.0,111.0,109.0,5,1615431773
2021-03-11 04:14:55+00:00,55.44956,8.471184,0.0,111.0,358.0,5,1615436095
2021-03-11 05:05:51+00:00,55.44958,8.471055,0.0,111.0,178.0,5,1615439151
2021-03-11 06:14:58+00:00,55.44955,8.471153,0.0,111.0,108.0,5,1615443298
2021-03-11 07:03:00+00:00,55.44954,8.471162,0.0,111.0,59.0,5,1615446180
2021-03-11 08:15:02+00:00,55.44955,8.471205,0.0,111.0,101.0,5,1615450502
2021-03-11 09:03:04+00:00,55.44956,8.471145,0.0,111.0,212.0,5,1615453384
2021-03-11 10:15:06+00:00,55.44956,8.471182,0.0,111.0,219.0,5,1615457706
2021-03-11 11:03:08+00:00,55.44954,8.471216,0.0,111.0,313.0,5,1615460588
2021-03-11 12:15:11+00:00,55.44949,8.471255,0.0,111.0,196.0,5,1615464911
2021-03-11 13:03:12+00:00,55.44955,8.471165,0.0,111.0,200.0,5,1615467792
2021-03-11 14:15:15+00:00,55.44958,8.471269,0.0,111.0,158.0,5,1615472115
2021-03-11 15:03:16+00:00,55.44953,8.471184,0.0,111.0,234.0,5,1615474996
2021-03-11 16:15:18+00:00,55.44955,8.471148,0.0,111.0,252.0,5,1615479318
2021-03-11 17:03:20+00:00,55.44958,8.471151,0.0,111.0,268.0,5,1615482200
2021-03-11 18:15:22+00:00,55.44955,8.471158,0.0,111.0,301.0,5,1615486522
2021-03-11 19:03:25+00:00,55.44952,8.471108,0.0,111.0,242.0,5,1615489405
2021-03-11 20:09:27+00:00,55.44958,8.471064,0.0,111.0,295.0,5,1615493367
2021-03-11 21:21:29+00:00,55.44957,8.471164,0.0,111.0,239.0,5,1615497689
2021-03-11 22:09:30+00:00,55.44957,8.471137,0.0,111.0,18.0,5,1615500570
2021-03-11 23:21:32+00:00,55.44952,8.47103,0.0,111.0,294.0,5,1615504892
2021-03-12 00:09:33+00:00,55.44954,8.471191,0.0,111.0,343.0,5,1615507773
2021-03-12 01:21:36+00:00,55.44964,8.471113,0.0,111.0,47.0,5,1615512096
2021-03-12 02:09:41+00:00,55.44956,8.471145,0.0,111.0,78.0,5,1615514981
2021-03-12 03:00:34+00:00,55.44956,8.471171,0.0,111.0,149.0,5,1615518034
2021-03-12 04:03:40+00:00,55.44957,8.471184,0.0,111.0,315.0,5,1615521820
2021-03-12 05:09:42+00:00,55.44954,8.471167,0.0,111.0,249.0,5,1615525782
2021-03-12 06:15:44+00:00,55.44953,8.471145,0.0,111.0,106.0,5,1615529744
2021-03-12 07:18:43+00:00,55.44954,8.47115,0.0,111.0,225.0,5,1615533523
2021-03-12 08:00:44+00:00,55.44955,8.471209,0.0,111.0,72.0,5,1615536044
2021-03-12 09:03:49+00:00,55.44957,8.471162,0.0,111.0,279.0,5,1615539829
2021-03-12 10:06:48+00:00,55.44956,8.471216,0.0,111.0,43.0,5,1615543608
2021-03-12 11:09:53+00:00,55.44957,8.471182,0.0,111.0,164.0,5,1615547393
2021-03-12 12:12:52+00:00,55.44953,8.471211,0.0,111.0,82.0,5,1615551172
2021-03-12 13:15:57+00:00,55.44954,8.471138,0.0,111.0,119.0,5,1615554957
2021-03-12 14:22:00+00:00,55.44957,8.471273,0.0,111.0,254.0,5,1615558920
2021-03-12 15:06:58+00:00,55.44955,8.471167,0.0,111.0,38.0,5,1615561618
2021-03-12 16:13:00+00:00,55.44957,8.471164,0.0,111.0,263.0,5,1615565580
2021-03-12 17:19:02+00:00,55.44957,8.471124,0.0,111.0,107.0,5,1615569542
2021-03-12 18:04:07+00:00,55.44958,8.471165,0.0,111.0,289.0,5,1615572247
2021-03-12 19:10:09+00:00,55.44955,8.471088,0.0,111.0,197.0,5,1615576209
2021-03-12 20:16:11+00:00,55.44961,8.471144,0.0,111.0,273.0,5,1615580171
2021-03-12 21:04:13+00:00,55.44956,8.471167,0.0,111.0,128.0,5,1615583053
2021-03-12 22:16:15+00:00,55.44959,8.471162,0.0,111.0,325.0,5,1615587375
2021-03-12 23:01:13+00:00,55.44956,8.471169,0.0,111.0,47.0,5,1615590073
2021-03-13 00:04:18+00:00,55.44955,8.47117,0.0,111.0,187.0,5,1615593858
2021-03-13 01:07:17+00:00,55.44955,8.471155,0.0,111.0,61.0,5,1615597637
2021-03-13 02:16:23+00:00,55.44956,8.471162,0.0,111.0,97.0,5,1615601783
2021-03-13 03:01:21+00:00,55.44955,8.47116,0.0,111.0,322.0,5,1615604481
2021-03-13 04:04:26+00:00,55.44956,8.471197,0.0,111.0,323.0,5,1615608266
2021-03-13 05:13:25+00:00,55.44955,8.471189,0.0,111.0,18.0,5,1615612405
2021-03-13 06:22:31+00:00,55.44958,8.471185,0.0,111.0,117.0,5,1615616551
2021-03-13 07:10:32+00:00,55.44954,8.471175,0.0,111.0,67.0,5,1615619432
2021-03-13 08:22:34+00:00,55.44956,8.471315,0.0,111.0,262.0,5,1615623754
2021-03-13 09:10:36+00:00,55.44958,8.471164,0.0,111.0,125.0,5,1615626636
2021-03-13 10:22:38+00:00,55.44956,8.471195,0.0,111.0,293.0,5,1615630958
2021-03-13 11:10:39+00:00,55.44958,8.471258,0.0,111.0,332.0,5,1615633839
2021-03-13 12:22:42+00:00,55.44956,8.471177,0.0,111.0,207.0,5,1615638162
2021-03-13 13:10:44+00:00,55.44956,8.471138,0.0,111.0,283.0,5,1615641044
2021-03-13 14:22:45+00:00,55.44957,8.471175,0.0,111.0,242.0,5,1615645365
2021-03-13 15:10:47+00:00,55.44956,8.471182,0.0,111.0,79.0,5,1615648247
2021-03-13 16:22:50+00:00,55.44955,8.471169,0.0,111.0,92.0,5,1615652570
2021-03-13 17:10:50+00:00,55.44957,8.471138,0.0,111.0,80.0,5,1615655450
2021-03-13 18:22:53+00:00,55.44957,8.471193,0.0,111.0,252.0,5,1615659773
2021-03-13 19:10:54+00:00,55.44955,8.471142,0.0,111.0,274.0,5,1615662654
2021-03-13 20:22:56+00:00,55.44957,8.471223,0.0,111.0,230.0,5,1615666976
2021-03-13 21:10:58+00:00,55.44957,8.471167,0.0,111.0,329.0,5,1615669858
2021-03-13 22:23:01+00:00,55.44956,8.47119,0.0,111.0,200.0,5,1615674181
2021-03-13 23:11:02+00:00,55.44955,8.471133,0.0,111.0,173.0,5,1615677062
2021-03-14 00:23:06+00:00,55.44955,8.471175,0.0,111.0,75.0,5,1615681386
2021-03-14 01:11:06+00:00,55.44958,8.471162,0.0,111.0,235.0,5,1615684266
2021-03-14 02:20:04+00:00,55.44955,8.471177,0.0,111.0,65.0,5,1615688404
2021-03-14 03:05:09+00:00,55.44957,8.471227,0.0,111.0,237.0,5,1615691109
2021-03-14 04:17:11+00:00,55.44958,8.471169,0.0,111.0,21.0,5,1615695431
2021-03-14 05:23:13+00:00,55.44957,8.471151,0.0,111.0,263.0,5,1615699393
2021-03-14 06:05:14+00:00,55.44957,8.471158,0.0,111.0,249.0,5,1615701914
2021-03-14 07:08:12+00:00,55.44956,8.471162,0.0,111.0,267.0,5,1615705692
2021-03-14 08:11:17+00:00,55.44955,8.471215,0.0,111.0,308.0,5,1615709477
2021-03-14 09:14:17+00:00,55.44955,8.471227,0.0,111.0,234.0,5,1615713257
2021-03-14 10:17:21+00:00,55.44955,8.471202,0.0,111.0,261.0,5,1615717041
2021-03-14 11:02:20+00:00,55.44957,8.471165,0.0,111.0,155.0,5,1615719740
2021-03-14 12:05:25+00:00,55.44954,8.47121,0.0,111.0,329.0,5,1615723525
2021-03-14 13:08:24+00:00,55.44957,8.471138,0.0,111.0,261.0,5,1615727304
2021-03-14 14:11:29+00:00,55.44956,8.471213,0.0,111.0,218.0,5,1615731089
2021-03-14 15:14:28+00:00,55.44955,8.47119,0.0,111.0,297.0,5,1615734868
2021-03-14 16:17:33+00:00,55.44955,8.47117,0.0,111.0,267.0,5,1615738653
2021-03-14 17:20:32+00:00,55.44956,8.471182,0.0,111.0,270.0,5,1615742432
2021-03-14 18:02:34+00:00,55.44958,8.471164,0.0,111.0,103.0,5,1615744954
2021-03-14 19:05:39+00:00,55.44955,8.471155,0.0,111.0,76.0,5,1615748739
2021-03-14 20:08:38+00:00,55.4496,8.471135,0.0,111.0,286.0,5,1615752518
2021-03-14 21:11:43+00:00,55.44956,8.471182,0.0,111.0,133.0,5,1615756303
2021-03-14 22:17:45+00:00,55.44955,8.47113,0.0,111.0,318.0,5,1615760265
2021-03-14 23:20:44+00:00,55.44957,8.471118,0.0,111.0,243.0,5,1615764044
2021-03-15 00:02:45+00:00,55.44954,8.471189,0.0,111.0,246.0,5,1615766565
2021-03-15 01:11:51+00:00,55.44954,8.471178,0.0,111.0,305.0,5,1615770711
2021-03-15 02:26:50+00:00,55.44956,8.471162,0.0,111.0,350.0,5,1615775210
2021-03-15 03:08:51+00:00,55.44957,8.471169,0.0,111.0,112.0,5,1615777731
2021-03-15 04:11:56+00:00,55.44963,8.471148,0.0,111.0,5.0,5,1615781516
2021-03-15 05:17:58+00:00,55.44957,8.471178,0.0,111.0,124.0,5,1615785478
2021-03-15 06:24:00+00:00,55.44957,8.471175,0.0,111.0,323.0,5,1615789440
2021-03-15 07:08:58+00:00,55.44957,8.471164,0.0,111.0,246.0,5,1615792138
2021-03-15 08:15:00+00:00,55.44955,8.47117,0.0,111.0,285.0,5,1615796100
2021-03-15 09:00:05+00:00,55.44958,8.471173,0.0,111.0,286.0,5,1615798805
2021-03-15 10:12:07+00:00,55.44957,8.471209,0.0,111.0,101.0,5,1615803127
2021-03-15 11:00:09+00:00,55.44958,8.471187,0.0,111.0,2.0,5,1615806009
2021-03-15 12:12:11+00:00,55.44961,8.471098,0.0,111.0,233.0,5,1615810331
2021-03-15 13:00:12+00:00,55.44957,8.471138,0.0,111.0,95.0,5,1615813212
2021-03-15 14:12:14+00:00,55.44958,8.471169,0.0,111.0,221.0,5,1615817534
2021-03-15 15:00:17+00:00,55.44951,8.47127,0.0,111.0,239.0,5,1615820417
2021-03-15 16:12:18+00:00,55.44957,8.471184,0.0,111.0,75.0,5,1615824738
2021-03-15 17:00:20+00:00,55.44956,8.471151,0.0,111.0,76.0,5,1615827620
2021-03-15 18:12:22+00:00,55.44957,8.471158,0.0,111.0,137.0,5,1615831942
2021-03-15 19:00:29+00:00,55.44955,8.471111,0.0,111.0,6.0,5,1615834829
2021-03-15 20:12:28+00:00,55.44958,8.471182,0.0,111.0,41.0,5,1615839148
2021-03-15 21:00:28+00:00,55.44956,8.471175,0.0,111.0,171.0,5,1615842028
2021-03-15 22:12:30+00:00,55.44956,8.471157,0.0,111.0,269.0,5,1615846350
2021-03-15 23:00:32+00:00,55.44957,8.471124,0.0,111.0,133.0,5,1615849232
2021-03-16 00:12:34+00:00,55.44951,8.471253,0.0,111.0,217.0,5,1615853554
2021-03-16 01:00:38+00:00,55.44955,8.471165,0.0,111.0,53.0,5,1615856438
2021-03-16 02:12:39+00:00,55.44956,8.47114,0.0,111.0,247.0,5,1615860759
2021-03-16 03:00:40+00:00,55.44956,8.471169,0.0,111.0,245.0,5,1615863640
2021-03-16 04:12:42+00:00,55.44958,8.471151,0.0,111.0,267.0,5,1615867962
2021-03-16 05:00:44+00:00,55.44958,8.471125,0.0,111.0,235.0,5,1615870844
2021-03-16 06:12:46+00:00,55.44956,8.471171,0.0,111.0,252.0,5,1615875166
2021-03-16 07:18:48+00:00,55.44955,8.471182,0.0,111.0,57.0,5,1615879128
2021-03-16 08:06:49+00:00,55.44954,8.471169,0.0,111.0,76.0,5,1615882009
2021-03-16 09:12:51+00:00,55.44955,8.471205,0.0,111.0,240.0,5,1615885971
2021-03-16 10:15:50+00:00,55.44957,8.471229,0.0,111.0,233.0,5,1615889750
2021-03-16 11:18:54+00:00,55.44957,8.471185,0.0,111.0,199.0,5,1615893534
2021-03-16 12:00:56+00:00,55.44957,8.471164,0.0,111.0,79.0,5,1615896056
2021-03-16 13:03:56+00:00,55.44957,8.471124,0.0,111.0,291.0,5,1615899836
2021-03-16 14:07:00+00:00,55.44957,8.47116,0.0,111.0,61.0,5,1615903620
2021-03-16 15:10:00+00:00,55.44954,8.47121,0.0,111.0,247.0,5,1615907400
2021-03-16 16:13:04+00:00,55.44953,8.471071,0.0,111.0,275.0,5,1615911184
2021-03-16 17:16:03+00:00,55.44956,8.471177,0.0,111.0,19.0,5,1615914963
2021-03-16 18:19:08+00:00,55.44955,8.47118,0.0,111.0,57.0,5,1615918748
2021-03-16 19:01:10+00:00,55.44956,8.471118,0.0,111.0,252.0,5,1615921270
2021-03-16 20:04:09+00:00,55.44965,8.4709,0.0,111.0,19.0,5,1615925049
2021-03-16 21:07:13+00:00,55.44953,8.471242,0.0,111.0,79.0,5,1615928833
2021-03-16 22:10:13+00:00,55.44956,8.471162,0.0,111.0,208.0,5,1615932613
2021-03-16 23:13:18+00:00,55.44956,8.471128,0.0,111.0,350.0,5,1615936398
2021-03-17 00:16:17+00:00,55.44955,8.47117,0.0,111.0,243.0,5,1615940177
2021-03-17 01:19:21+00:00,55.44958,8.471153,0.0,111.0,16.0,5,1615943961
2021-03-17 02:01:22+00:00,55.44956,8.471147,0.0,111.0,132.0,5,1615946482
2021-03-17 03:04:22+00:00,55.44951,8.471198,0.0,111.0,32.0,5,1615950262
2021-03-17 04:07:26+00:00,55.44961,8.471155,0.0,111.0,243.0,5,1615954046
2021-03-17 05:10:28+00:00,55.44955,8.471157,0.0,111.0,228.0,5,1615957828
2021-03-17 06:13:30+00:00,55.44955,8.471171,0.0,111.0,87.0,5,1615961610
2021-03-17 07:16:32+00:00,55.44955,8.471184,0.0,111.0,42.0,5,1615965392
2021-03-17 08:19:34+00:00,55.44956,8.471155,0.0,111.0,341.0,5,1615969174
2021-03-17 09:01:36+00:00,55.44956,8.471191,0.0,111.0,235.0,5,1615971696
2021-03-17 10:04:37+00:00,55.44954,8.471189,0.0,111.0,268.0,5,1615975477
2021-03-17 11:07:39+00:00,55.44958,8.471197,0.0,111.0,200.0,5,1615979259
2021-03-17 12:10:42+00:00,55.44955,8.471162,0.0,111.0,234.0,5,1615983042
2021-03-17 13:13:42+00:00,55.44952,8.47129,0.0,111.0,82.0,5,1615986822
2021-03-17 14:16:46+00:00,55.44957,8.471155,0.0,111.0,87.0,5,1615990606
2021-03-17 15:19:46+00:00,55.44951,8.47127,0.0,111.0,76.0,5,1615994386
2021-03-17 16:01:47+00:00,55.44958,8.471187,0.0,111.0,35.0,5,1615996907
2021-03-17 17:04:52+00:00,55.44957,8.471177,0.0,111.0,47.0,5,1616000692
2021-03-17 18:10:55+00:00,55.44953,8.471195,0.0,111.0,77.0,5,1616004655
2021-03-17 19:19:54+00:00,55.44957,8.471177,0.0,111.0,11.0,5,1616008794
2021-03-17 20:07:54+00:00,55.44956,8.471229,0.0,111.0,209.0,5,1616011674
2021-03-17 21:17:01+00:00,55.44955,8.471197,0.0,111.0,217.0,5,1616015821
2021-03-17 22:05:03+00:00,55.44955,8.47113,0.0,111.0,335.0,5,1616018703
2021-03-17 23:14:01+00:00,55.44955,8.471151,0.0,111.0,233.0,5,1616022841
2021-03-18 00:20:03+00:00,55.44953,8.471233,0.0,111.0,222.0,5,1616026803
2021-03-18 01:05:08+00:00,55.44954,8.47117,0.0,111.0,259.0,5,1616029508
2021-03-18 02:08:06+00:00,55.44956,8.471151,0.0,111.0,110.0,5,1616033286
2021-03-18 03:14:09+00:00,55.44956,8.471169,0.0,111.0,73.0,5,1616037249
2021-03-18 04:17:13+00:00,55.44955,8.471145,0.0,111.0,39.0,5,1616041033
2021-03-18 05:20:13+00:00,55.44954,8.471204,0.0,111.0,41.0,5,1616044813
2021-03-18 06:02:14+00:00,55.44957,8.471184,0.0,111.0,42.0,5,1616047334
2021-03-18 07:05:19+00:00,55.44958,8.471202,0.0,111.0,55.0,5,1616051119
2021-03-18 08:08:19+00:00,55.44953,8.471303,0.0,111.0,207.0,5,1616054899
2021-03-18 09:11:22+00:00,55.44954,8.471211,0.0,111.0,234.0,5,1616058682
2021-03-18 10:14:23+00:00,55.44963,8.47119,0.0,111.0,237.0,5,1616062463
2021-03-18 11:17:26+00:00,55.44956,8.471175,0.0,111.0,102.0,5,1616066246
2021-03-18 12:20:26+00:00,55.44954,8.471209,0.0,111.0,42.0,5,1616070026
2021-03-18 13:02:28+00:00,55.44955,8.471207,0.0,111.0,95.0,5,1616072548
2021-03-18 14:05:31+00:00,55.44956,8.471165,0.0,111.0,24.0,5,1616076331
2021-03-18 15:08:32+00:00,55.44956,8.471151,0.0,111.0,26.0,5,1616080112
2021-03-18 16:11:35+00:00,55.44959,8.471158,0.0,111.0,52.0,5,1616083895
2021-03-18 17:14:36+00:00,55.44956,8.47117,0.0,111.0,259.0,5,1616087676
2021-03-18 18:17:38+00:00,55.44955,8.471177,0.0,111.0,49.0,5,1616091458
2021-03-18 19:23:40+00:00,55.44957,8.47113,0.0,111.0,108.0,5,1616095420
2021-03-18 20:05:42+00:00,55.44953,8.471235,0.0,111.0,43.0,5,1616097942
2021-03-18 21:08:43+00:00,55.44956,8.471202,0.0,111.0,43.0,5,1616101723
2021-03-18 22:11:45+00:00,55.44955,8.4712,0.0,111.0,308.0,5,1616105505
2021-03-18 23:14:47+00:00,55.44956,8.47114,0.0,111.0,208.0,5,1616109287
2021-03-19 00:17:49+00:00,55.44958,8.47119,0.0,111.0,247.0,5,1616113069
2021-03-19 01:20:51+00:00,55.44957,8.471164,0.0,111.0,218.0,5,1616116851
2021-03-19 02:02:52+00:00,55.44954,8.471185,0.0,111.0,95.0,5,1616119372
2021-03-19 03:05:54+00:00,55.44955,8.471182,0.0,111.0,217.0,5,1616123154
2021-03-19 04:08:57+00:00,55.44955,8.471262,0.0,111.0,356.0,5,1616126937
2021-03-19 05:14:59+00:00,55.44955,8.47119,0.0,111.0,14.0,5,1616130899
2021-03-19 06:18:02+00:00,55.44958,8.471145,0.0,111.0,42.0,5,1616134682
2021-03-19 07:00:04+00:00,55.44961,8.471202,0.0,111.0,61.0,5,1616137204
2021-03-19 08:03:05+00:00,55.44953,8.471296,0.0,111.0,278.0,5,1616140985
2021-03-19 09:06:08+00:00,55.44953,8.47122,0.0,111.0,227.0,5,1616144768
2021-03-19 10:12:10+00:00,55.44965,8.471184,0.0,111.0,81.0,5,1616148730
2021-03-19 11:15:11+00:00,55.44957,8.471263,0.0,111.0,96.0,5,1616152511
2021-03-19 12:18:14+00:00,55.44956,8.471191,0.0,111.0,14.0,5,1616156294
2021-03-19 13:00:15+00:00,55.44955,8.471153,0.0,111.0,115.0,5,1616158815
2021-03-19 14:03:15+00:00,55.44957,8.471157,0.0,111.0,213.0,5,1616162595
2021-03-19 15:06:18+00:00,55.44955,8.471137,0.0,111.0,89.0,5,1616166378
2021-03-19 16:09:19+00:00,55.44959,8.471145,0.0,111.0,69.0,5,1616170159
2021-03-19 17:12:23+00:00,55.44956,8.471175,0.0,111.0,260.0,5,1616173943
2021-03-19 18:18:26+00:00,55.44954,8.471165,0.0,111.0,72.0,5,1616177906
2021-03-19 19:00:27+00:00,55.44955,8.47115,0.0,111.0,322.0,5,1616180427
2021-03-19 20:03:27+00:00,55.44949,8.471375,0.0,111.0,74.0,5,1616184207
2021-03-19 21:06:30+00:00,55.44955,8.471171,0.0,111.0,11.0,5,1616187990
2021-03-19 22:09:31+00:00,55.44957,8.47113,0.0,111.0,144.0,5,1616191771
2021-03-19 23:12:34+00:00,55.44955,8.471137,0.0,111.0,67.0,5,1616195554
2021-03-20 00:15:34+00:00,55.44958,8.471122,0.0,111.0,64.0,5,1616199334
2021-03-20 01:18:37+00:00,55.44958,8.471158,0.0,111.0,225.0,5,1616203117
2021-03-20 02:00:38+00:00,55.44956,8.471145,0.0,111.0,114.0,5,1616205638
2021-03-20 03:03:39+00:00,55.44956,8.471245,0.0,111.0,147.0,5,1616209419
2021-03-20 04:06:42+00:00,55.44955,8.471175,0.0,111.0,263.0,5,1616213202
2021-03-20 05:09:43+00:00,55.44954,8.471177,0.0,111.0,256.0,5,1616216983
2021-03-20 06:12:45+00:00,55.44957,8.47114,0.0,111.0,245.0,5,1616220765
2021-03-20 07:15:47+00:00,55.44957,8.471162,0.0,111.0,164.0,5,1616224547
2021-03-20 08:18:50+00:00,55.44953,8.471273,0.0,111.0,344.0,5,1616228330
2021-03-20 09:00:51+00:00,55.44952,8.471213,0.0,111.0,36.0,5,1616230851
2021-03-20 10:03:54+00:00,55.4496,8.471158,0.0,111.0,104.0,5,1616234634
2021-03-20 11:06:56+00:00,55.44956,8.471197,0.0,111.0,298.0,5,1616238416
2021-03-20 12:09:59+00:00,55.44954,8.471204,0.0,111.0,41.0,5,1616242199
2021-03-20 13:13:01+00:00,55.44953,8.4712,0.0,111.0,295.0,5,1616245981
2021-03-20 14:16:03+00:00,55.44956,8.471158,0.0,111.0,325.0,5,1616249763
2021-03-20 15:19:06+00:00,55.44955,8.471205,0.0,111.0,310.0,5,1616253546
2021-03-20 16:01:07+00:00,55.44957,8.471213,0.0,111.0,97.0,5,1616256067
2021-03-20 17:07:10+00:00,55.44956,8.471165,0.0,111.0,92.0,5,1616260030
2021-03-20 18:10:11+00:00,55.44953,8.471158,0.0,111.0,192.0,5,1616263811
2021-03-20 19:13:14+00:00,55.44958,8.471189,0.0,111.0,333.0,5,1616267594
2021-03-20 20:16:15+00:00,55.44955,8.471189,0.0,111.0,46.0,5,1616271375
2021-03-20 21:19:17+00:00,55.44955,8.471178,0.0,111.0,24.0,5,1616275157
2021-03-20 22:01:19+00:00,55.44955,8.471182,0.0,111.0,54.0,5,1616277679
2021-03-20 23:04:21+00:00,55.44955,8.47115,0.0,111.0,40.0,5,1616281461
2021-03-21 00:07:23+00:00,55.44954,8.471189,0.0,111.0,69.0,5,1616285243
2021-03-21 01:10:25+00:00,55.44958,8.471167,0.0,111.0,65.0,5,1616289025
2021-03-21 02:13:27+00:00,55.44949,8.471273,0.0,111.0,193.0,5,1616292807
2021-03-21 03:16:28+00:00,55.44955,8.471165,0.0,111.0,173.0,5,1616296588
2021-03-21 04:19:31+00:00,55.44953,8.47123,0.0,111.0,55.0,5,1616300371
2021-03-21 05:01:32+00:00,55.44955,8.471165,0.0,111.0,46.0,5,1616302892
2021-03-21 06:04:33+00:00,55.44955,8.471164,0.0,111.0,35.0,5,1616306673
2021-03-21 07:07:37+00:00,55.44955,8.471193,0.0,111.0,267.0,5,1616310457
2021-03-21 08:10:37+00:00,55.44954,8.471213,0.0,111.0,355.0,5,1616314237
2021-03-21 09:13:41+00:00,55.44954,8.471175,0.0,111.0,9.0,5,1616318021
2021-03-21 10:19:44+00:00,55.44955,8.471189,0.0,111.0,321.0,5,1616321984
2021-03-21 11:01:45+00:00,55.44957,8.471178,0.0,111.0,297.0,5,1616324505
2021-03-21 12:04:47+00:00,55.44955,8.47117,0.0,111.0,5.0,5,1616328287
2021-03-21 13:07:48+00:00,55.44957,8.47119,0.0,111.0,85.0,5,1616332068
2021-03-21 14:13:50+00:00,55.44958,8.471157,0.0,111.0,355.0,5,1616336030
2021-03-21 15:19:52+00:00,55.44954,8.471229,0.0,111.0,149.0,5,1616339992
2021-03-21 16:04:50+00:00,55.4496,8.471137,0.0,111.0,55.0,5,1616342690
2021-03-21 17:13:56+00:00,55.44957,8.471209,0.0,111.0,84.0,5,1616346836
2021-03-21 18:01:57+00:00,55.44954,8.471171,0.0,111.0,73.0,5,1616349717
2021-03-21 19:14:00+00:00,55.44955,8.471215,0.0,111.0,152.0,5,1616354040
2021-03-21 20:02:02+00:00,55.44967,8.470817,0.0,111.0,46.0,5,1616356922
2021-03-21 21:14:04+00:00,55.44956,8.471151,0.0,111.0,51.0,5,1616361244
2021-03-21 22:02:05+00:00,55.44955,8.471162,0.0,111.0,135.0,5,1616364125
2021-03-21 23:14:08+00:00,55.44953,8.471171,0.0,111.0,48.0,5,1616368448
2021-03-22 00:02:10+00:00,55.44955,8.471211,0.0,111.0,64.0,5,1616371330
2021-03-22 01:14:12+00:00,55.44958,8.471151,0.0,111.0,54.0,5,1616375652
2021-03-22 02:02:13+00:00,55.44955,8.471151,0.0,111.0,106.0,5,1616378533
2021-03-22 03:14:15+00:00,55.44955,8.471155,0.0,111.0,5.0,5,1616382855
2021-03-22 04:02:16+00:00,55.44955,8.471138,0.0,111.0,333.0,5,1616385736
2021-03-22 05:14:19+00:00,55.44953,8.471209,0.0,111.0,99.0,5,1616390059
2021-03-22 06:02:21+00:00,55.44955,8.471182,0.0,111.0,42.0,5,1616392941
2021-03-22 07:14:23+00:00,55.44955,8.471165,0.0,111.0,39.0,5,1616397263
2021-03-22 08:02:24+00:00,55.44955,8.471218,0.0,111.0,355.0,5,1616400144
2021-03-22 09:14:26+00:00,55.44946,8.47128,0.0,111.0,34.0,5,1616404466
2021-03-22 10:02:28+00:00,55.44962,8.471164,0.0,111.0,305.0,5,1616407348
2021-03-22 11:14:32+00:00,55.44955,8.471182,0.0,111.0,118.0,5,1616411672
2021-03-22 12:02:34+00:00,55.44953,8.471236,0.0,111.0,44.0,5,1616414554
2021-03-22 13:14:36+00:00,55.44958,8.471137,0.0,111.0,249.0,5,1616418876
2021-03-22 14:20:38+00:00,55.44954,8.471184,0.0,111.0,244.0,5,1616422838
2021-03-22 15:11:33+00:00,55.44955,8.471171,0.0,111.0,356.0,5,1616425893
2021-03-22 16:20:42+00:00,55.44956,8.471138,0.0,111.0,234.0,5,1616430042
2021-03-22 17:08:44+00:00,55.44957,8.471189,0.0,111.0,201.0,5,1616432924
2021-03-22 18:20:46+00:00,55.44952,8.471138,0.0,111.0,100.0,5,1616437246
2021-03-22 19:08:47+00:00,55.44955,8.471169,0.0,111.0,174.0,5,1616440127
2021-03-22 20:20:50+00:00,55.44956,8.471197,0.0,111.0,48.0,5,1616444450
2021-03-22 21:08:51+00:00,55.44955,8.471173,0.0,111.0,2.0,5,1616447331
2021-03-22 22:20:55+00:00,55.44953,8.471162,0.0,111.0,278.0,5,1616451655
2021-03-22 23:08:56+00:00,55.44954,8.471153,0.0,111.0,95.0,5,1616454536
2021-03-23 00:20:57+00:00,55.44955,8.471142,0.0,111.0,45.0,5,1616458857
2021-03-23 01:09:00+00:00,55.44957,8.471128,0.0,111.0,293.0,5,1616461740
2021-03-23 02:21:02+00:00,55.44954,8.471137,0.0,111.0,322.0,5,1616466062
2021-03-23 03:09:02+00:00,55.44955,8.47116,0.0,111.0,314.0,5,1616468942
2021-03-23 04:21:05+00:00,55.44956,8.471164,0.0,111.0,223.0,5,1616473265
2021-03-23 05:09:07+00:00,55.44953,8.471207,0.0,111.0,192.0,5,1616476147
2021-03-23 06:21:10+00:00,55.44954,8.471184,0.0,111.0,1.0,5,1616480470
2021-03-23 07:06:03+00:00,55.44956,8.471185,0.0,111.0,304.0,5,1616483163
2021-03-23 08:15:12+00:00,55.44957,8.471164,0.0,111.0,268.0,5,1616487312
2021-03-23 09:03:14+00:00,55.44955,8.47118,0.0,111.0,246.0,5,1616490194
2021-03-23 10:15:16+00:00,55.44956,8.471211,0.0,111.0,114.0,5,1616494516
2021-03-23 11:03:17+00:00,55.44956,8.47119,0.0,111.0,44.0,5,1616497397
2021-03-23 12:15:20+00:00,55.44957,8.471155,0.0,111.0,35.0,5,1616501720
2021-03-23 13:03:22+00:00,55.44967,8.471138,0.0,111.0,285.0,5,1616504602
2021-03-23 14:15:24+00:00,55.44957,8.471144,0.0,111.0,23.0,5,1616508924
2021-03-23 15:03:26+00:00,55.44955,8.47118,0.0,111.0,50.0,5,1616511806
2021-03-23 16:09:28+00:00,55.44957,8.471164,0.0,111.0,68.0,5,1616515768
2021-03-23 17:21:31+00:00,55.44955,8.47117,0.0,111.0,231.0,5,1616520091
2021-03-23 18:09:33+00:00,55.44956,8.471144,0.0,111.0,26.0,5,1616522973
2021-03-23 19:21:35+00:00,55.44956,8.47113,0.0,111.0,346.0,5,1616527295
2021-03-23 20:09:36+00:00,55.44957,8.471182,0.0,111.0,311.0,5,1616530176
2021-03-23 21:21:39+00:00,55.44957,8.471162,0.0,111.0,192.0,5,1616534499
2021-03-23 23:03:42+00:00,55.45015,8.46854,0.0,112.0,229.0,5,1616540622
2021-03-24 00:15:44+00:00,55.45016,8.468485,0.0,112.0,221.0,5,1616544944
2021-03-24 01:03:45+00:00,55.45016,8.468489,0.0,111.0,18.0,5,1616547825
2021-03-24 02:15:47+00:00,55.45016,8.46849,0.0,111.0,306.0,5,1616552147
2021-03-24 03:03:49+00:00,55.45017,8.468507,0.0,111.0,25.0,5,1616555029
2021-03-24 04:15:51+00:00,55.45016,8.468505,0.0,111.0,183.0,5,1616559351
2021-03-24 05:03:53+00:00,55.45016,8.468472,0.0,111.0,237.0,5,1616562233
2021-03-24 06:15:55+00:00,55.45015,8.468503,0.0,111.0,67.0,5,1616566555
2021-03-24 07:03:57+00:00,55.45016,8.468507,0.0,111.0,288.0,5,1616569437
2021-03-24 08:15:59+00:00,55.45016,8.46849,0.0,111.0,250.0,5,1616573759
2021-03-24 09:04:00+00:00,55.45008,8.468601,0.0,111.0,221.0,5,1616576640
2021-03-24 10:16:03+00:00,55.45018,8.46853,0.0,111.0,342.0,5,1616580963
2021-03-24 11:04:05+00:00,55.45019,8.46857,0.0,111.0,275.0,5,1616583845
2021-03-24 12:16:07+00:00,55.45017,8.468496,0.0,111.0,285.0,5,1616588167
2021-03-24 13:04:09+00:00,55.45018,8.468485,0.0,112.0,268.0,5,1616591049
2021-03-24 14:16:11+00:00,55.45015,8.468527,0.0,111.0,230.0,5,1616595371
2021-03-24 15:04:12+00:00,55.45017,8.468543,0.0,111.0,110.0,5,1616598252
2021-03-24 16:16:16+00:00,55.45023,8.468449,0.0,112.0,229.0,5,1616602576
2021-03-24 17:04:17+00:00,55.45018,8.468509,0.0,111.0,150.0,5,1616605457
2021-03-24 18:16:20+00:00,55.45015,8.468467,0.0,111.0,213.0,5,1616609780
2021-03-24 19:04:21+00:00,55.45016,8.468495,0.0,111.0,359.0,5,1616612661
2021-03-24 20:16:24+00:00,55.45017,8.468516,0.0,111.0,241.0,5,1616616984
2021-03-24 21:04:26+00:00,55.45016,8.468515,0.0,112.0,46.0,5,1616619866
2021-03-24 22:16:29+00:00,55.45015,8.468492,0.0,111.0,245.0,5,1616624189
2021-03-24 23:04:30+00:00,55.45016,8.468496,0.0,111.0,235.0,5,1616627070
2021-03-25 00:16:32+00:00,55.45015,8.468513,0.0,111.0,235.0,5,1616631392
2021-03-25 01:04:34+00:00,55.45015,8.468507,0.0,111.0,227.0,5,1616634274
2021-03-25 02:16:37+00:00,55.45016,8.468575,0.0,111.0,313.0,5,1616638597
2021-03-25 03:04:39+00:00,55.45017,8.468542,0.0,111.0,144.0,5,1616641479
2021-03-25 04:16:41+00:00,55.45015,8.468543,0.0,111.0,215.0,5,1616645801
2021-03-25 05:04:42+00:00,55.45016,8.468482,0.0,111.0,249.0,5,1616648682
2021-03-25 06:16:44+00:00,55.45015,8.468509,0.0,111.0,39.0,5,1616653004
2021-03-25 07:04:46+00:00,55.45016,8.468509,0.0,111.0,253.0,5,1616655886
2021-03-25 08:16:48+00:00,55.45018,8.46849,0.0,111.0,227.0,5,1616660208
2021-03-25 09:04:49+00:00,55.45012,8.468534,0.0,111.0,248.0,5,1616663089
2021-03-25 11:13:37+00:00,55.4502,8.468503,0.0,111.0,211.0,5,1616670817
2021-03-25 12:22:14+00:00,55.45015,8.46849,0.0,111.0,123.0,5,1616674934
2021-03-25 13:10:57+00:00,55.45014,8.468581,0.0,,299.0,5,1616677857
2021-03-25 14:23:00+00:00,55.45014,8.468581,0.0,86.0,223.0,5,1616682180
2021-03-25 15:11:03+00:00,55.45018,8.468556,0.0,120.0,33.0,5,1616685063
2021-03-25 16:23:03+00:00,55.45019,8.468509,0.0,112.0,277.0,5,1616689383
2021-03-25 17:11:05+00:00,55.45018,8.46853,0.0,113.0,311.0,5,1616692265
2021-03-25 18:23:08+00:00,55.45018,8.468507,0.0,111.0,271.0,5,1616696588
2021-03-25 19:11:09+00:00,55.45012,8.468543,0.0,111.0,45.0,5,1616699469
2021-03-25 20:23:10+00:00,55.45016,8.46851,0.0,111.0,109.0,5,1616703790
2021-03-25 21:11:12+00:00,55.45016,8.46851,0.0,111.0,239.0,5,1616706672
2021-03-25 22:23:14+00:00,55.45016,8.468496,0.0,111.0,184.0,5,1616710994
2021-03-25 23:11:16+00:00,55.45014,8.468516,0.0,111.0,239.0,5,1616713876
2021-03-26 00:23:19+00:00,55.45018,8.468527,0.0,111.0,87.0,5,1616718199
2021-03-26 01:11:21+00:00,55.45018,8.468554,0.0,111.0,296.0,5,1616721081
2021-03-26 02:23:24+00:00,55.45014,8.46858,0.0,112.0,68.0,5,1616725404
2021-03-26 03:11:25+00:00,55.45019,8.4685,0.0,112.0,29.0,5,1616728285
2021-03-26 04:23:29+00:00,55.45015,8.468565,0.0,111.0,234.0,5,1616732609
2021-03-26 05:11:31+00:00,55.45016,8.468507,0.0,112.0,204.0,5,1616735491
2021-03-26 06:23:34+00:00,55.45014,8.46849,0.0,111.0,62.0,5,1616739814
2021-03-26 07:11:35+00:00,55.45016,8.468552,0.0,111.0,55.0,5,1616742695
2021-03-26 08:23:38+00:00,55.45016,8.468507,0.0,112.0,246.0,5,1616747018
2021-03-26 09:11:40+00:00,55.45015,8.468503,0.0,111.0,212.0,5,1616749900
2021-03-26 10:23:42+00:00,55.45016,8.468509,0.0,112.0,320.0,5,1616754222
2021-03-26 11:11:45+00:00,55.45019,8.468498,0.0,112.0,214.0,5,1616757105
2021-03-26 12:23:46+00:00,55.45016,8.468496,0.0,111.0,285.0,5,1616761426
2021-03-26 13:11:47+00:00,55.45022,8.468522,0.0,111.0,277.0,5,1616764307
2021-03-26 14:23:50+00:00,55.45015,8.468555,0.0,112.0,228.0,5,1616768630
2021-03-26 15:11:51+00:00,55.45016,8.46852,0.0,111.0,232.0,5,1616771511
2021-03-26 16:23:53+00:00,55.45016,8.468495,0.0,112.0,223.0,5,1616775833
2021-03-26 17:11:55+00:00,55.45015,8.468482,0.0,112.0,207.0,5,1616778715
2021-03-26 18:23:58+00:00,55.45016,8.468473,0.0,111.0,236.0,5,1616783038
2021-03-26 19:11:59+00:00,55.45019,8.468395,0.0,112.0,219.0,5,1616785919
2021-03-26 20:00:01+00:00,55.45018,8.46851,0.0,111.0,95.0,5,1616788801
2021-03-26 21:12:03+00:00,55.45016,8.46853,0.0,112.0,58.0,5,1616793123
2021-03-26 22:00:04+00:00,55.45016,8.468496,0.0,111.0,259.0,5,1616796004
2021-03-26 23:12:06+00:00,55.45018,8.46843,0.0,111.0,282.0,5,1616800326
2021-03-27 00:00:08+00:00,55.45013,8.468536,0.0,111.0,215.0,5,1616803208
2021-03-27 01:12:10+00:00,55.45018,8.468476,0.0,111.0,60.0,5,1616807530
2021-03-27 02:00:11+00:00,55.45016,8.468552,0.0,111.0,31.0,5,1616810411
2021-03-27 03:12:13+00:00,55.45021,8.468478,0.0,112.0,43.0,5,1616814733
2021-03-27 04:00:15+00:00,55.45016,8.468495,0.0,111.0,101.0,5,1616817615
2021-03-27 05:12:17+00:00,55.45016,8.468515,0.0,111.0,225.0,5,1616821937
2021-03-27 06:00:18+00:00,55.45014,8.468492,0.0,112.0,198.0,5,1616824818
2021-03-27 07:12:20+00:00,55.45015,8.468575,0.0,112.0,203.0,5,1616829140
2021-03-27 08:00:22+00:00,55.45016,8.468483,0.0,112.0,228.0,5,1616832022
2021-03-27 09:12:24+00:00,55.45014,8.468513,0.0,112.0,257.0,5,1616836344
2021-03-27 10:00:25+00:00,55.45019,8.468522,0.0,112.0,318.0,5,1616839225
2021-03-27 11:12:28+00:00,55.45015,8.468518,0.0,112.0,37.0,5,1616843548
2021-03-27 12:00:29+00:00,55.45016,8.468502,0.0,111.0,37.0,5,1616846429
2021-03-27 13:12:31+00:00,55.45019,8.468523,0.0,112.0,215.0,5,1616850751
2021-03-27 14:00:33+00:00,55.45016,8.468498,0.0,111.0,230.0,5,1616853633
2021-03-27 15:12:35+00:00,55.45018,8.468518,0.0,111.0,50.0,5,1616857955
2021-03-27 16:00:37+00:00,55.45019,8.468475,0.0,111.0,56.0,5,1616860837
2021-03-27 17:12:40+00:00,55.45016,8.468509,0.0,112.0,180.0,5,1616865160
2021-03-27 18:00:42+00:00,55.45013,8.468487,0.0,112.0,219.0,5,1616868042
2021-03-27 19:12:44+00:00,55.45016,8.46849,0.0,111.0,263.0,5,1616872364
2021-03-27 20:00:46+00:00,55.45016,8.468542,0.0,111.0,39.0,5,1616875246
2021-03-27 21:12:49+00:00,55.45015,8.468483,0.0,112.0,252.0,5,1616879569
2021-03-27 22:00:50+00:00,55.45019,8.468487,0.0,111.0,273.0,5,1616882450
2021-03-27 23:12:53+00:00,55.45015,8.46851,0.0,112.0,277.0,5,1616886773
2021-03-28 00:00:55+00:00,55.45016,8.468447,0.0,112.0,245.0,5,1616889655
2021-03-28 01:12:58+00:00,55.45016,8.468495,0.0,111.0,61.0,5,1616893978
2021-03-28 02:00:59+00:00,55.45016,8.468483,0.0,111.0,256.0,5,1616896859
2021-03-28 03:07:01+00:00,55.45017,8.468503,0.0,111.0,36.0,5,1616900821
2021-03-28 04:19:03+00:00,55.45016,8.468483,0.0,111.0,234.0,5,1616905143
2021-03-28 05:07:05+00:00,55.45016,8.46849,0.0,111.0,244.0,5,1616908025
2021-03-28 06:19:07+00:00,55.45015,8.468476,0.0,111.0,122.0,5,1616912347
2021-03-28 07:07:10+00:00,55.45015,8.468513,0.0,111.0,11.0,5,1616915230
2021-03-28 08:19:12+00:00,55.45016,8.468493,0.0,111.0,39.0,5,1616919552
2021-03-28 09:07:14+00:00,55.45015,8.46851,0.0,111.0,33.0,5,1616922434
2021-03-28 10:19:15+00:00,55.45016,8.468515,0.0,111.0,1.0,5,1616926755
2021-03-28 11:07:17+00:00,55.45015,8.468515,0.0,111.0,131.0,5,1616929637
2021-03-28 12:19:19+00:00,55.45015,8.468516,0.0,111.0,46.0,5,1616933959
2021-03-28 13:07:21+00:00,55.45016,8.468498,0.0,111.0,48.0,5,1616936841
2021-03-28 14:19:23+00:00,55.45016,8.468516,0.0,111.0,38.0,5,1616941163
2021-03-28 15:07:24+00:00,55.45016,8.468509,0.0,111.0,235.0,5,1616944044
2021-03-28 16:19:26+00:00,55.45016,8.468487,0.0,111.0,224.0,5,1616948366
2021-03-28 17:07:27+00:00,55.45016,8.468492,0.0,111.0,270.0,5,1616951247
2021-03-28 18:19:30+00:00,55.45017,8.46851,0.0,111.0,244.0,5,1616955570
2021-03-28 19:07:31+00:00,55.45016,8.468475,0.0,111.0,45.0,5,1616958451
2021-03-28 20:19:34+00:00,55.45016,8.46851,0.0,111.0,354.0,5,1616962774
2021-03-28 21:07:35+00:00,55.45016,8.468478,0.0,111.0,55.0,5,1616965655
2021-03-28 22:19:37+00:00,55.45016,8.46849,0.0,111.0,57.0,5,1616969977
2021-03-28 23:07:39+00:00,55.45016,8.468483,0.0,111.0,34.0,5,1616972859
2021-03-29 00:19:41+00:00,55.45008,8.468542,0.0,111.0,104.0,5,1616977181
2021-03-29 01:07:42+00:00,55.45016,8.4685,0.0,111.0,66.0,5,1616980062
2021-03-29 02:19:44+00:00,55.45017,8.468523,0.0,111.0,62.0,5,1616984384
2021-03-29 03:07:45+00:00,55.45018,8.46851,0.0,111.0,142.0,5,1616987265
2021-03-29 04:19:47+00:00,55.45016,8.468476,0.0,111.0,256.0,5,1616991587
2021-03-29 05:07:49+00:00,55.45016,8.468485,0.0,111.0,343.0,5,1616994469
2021-03-29 06:19:51+00:00,55.45015,8.468493,0.0,111.0,349.0,5,1616998791
2021-03-29 07:07:53+00:00,55.45013,8.468621,0.0,111.0,32.0,5,1617001673
2021-03-29 08:19:55+00:00,55.45016,8.468496,0.0,111.0,43.0,5,1617005995
2021-03-29 09:07:57+00:00,55.45016,8.468536,0.0,111.0,288.0,5,1617008877
2021-03-29 10:20:00+00:00,55.45016,8.468489,0.0,111.0,233.0,5,1617013200
2021-03-29 11:08:02+00:00,55.45014,8.468522,0.0,111.0,269.0,5,1617016082
2021-03-29 12:20:05+00:00,55.45016,8.468534,0.0,111.0,330.0,5,1617020405
2021-03-29 13:08:06+00:00,55.45016,8.468493,0.0,111.0,244.0,5,1617023286
2021-03-29 14:20:08+00:00,55.45016,8.468495,0.0,111.0,266.0,5,1617027608
2021-03-29 15:02:10+00:00,55.45016,8.46851,0.0,111.0,228.0,5,1617030130
2021-03-29 16:14:12+00:00,55.45014,8.468527,0.0,111.0,232.0,5,1617034452
2021-03-29 17:02:13+00:00,55.45016,8.468489,0.0,111.0,56.0,5,1617037333
2021-03-29 18:14:17+00:00,55.45016,8.468513,0.0,111.0,215.0,5,1617041657
2021-03-29 19:02:18+00:00,55.45016,8.468476,0.0,111.0,48.0,5,1617044538
2021-03-29 20:14:20+00:00,55.45016,8.468495,0.0,111.0,35.0,5,1617048860
2021-03-29 21:05:04+00:00,55.45016,8.468473,0.0,111.0,24.0,5,1617051904
2021-03-29 22:14:25+00:00,55.45016,8.468487,0.0,111.0,51.0,5,1617056065
2021-03-29 23:02:26+00:00,55.45015,8.468503,0.0,111.0,262.0,5,1617058946
2021-03-30 00:14:28+00:00,55.45005,8.468554,0.0,111.0,102.0,5,1617063268
2021-03-30 01:02:29+00:00,55.45016,8.468495,0.0,111.0,50.0,5,1617066149
2021-03-30 02:14:31+00:00,55.45015,8.468525,0.0,111.0,94.0,5,1617070471
2021-03-30 03:02:33+00:00,55.45019,8.468515,0.0,111.0,108.0,5,1617073353
2021-03-30 04:14:35+00:00,55.45015,8.468487,0.0,111.0,252.0,5,1617077675
2021-03-30 05:02:37+00:00,55.45016,8.468492,0.0,111.0,31.0,5,1617080557
2021-03-30 06:14:40+00:00,55.45015,8.468487,0.0,111.0,342.0,5,1617084880
2021-03-30 07:02:41+00:00,55.45013,8.468654,0.0,111.0,54.0,5,1617087761
2021-03-30 08:14:42+00:00,55.45016,8.468509,0.0,111.0,270.0,5,1617092082
2021-03-30 09:02:44+00:00,55.45015,8.468507,0.0,111.0,147.0,5,1617094964
2021-03-30 10:14:47+00:00,55.45016,8.46849,0.0,111.0,312.0,5,1617099287
2021-03-30 11:02:48+00:00,55.45015,8.468518,0.0,111.0,319.0,5,1617102168
2021-03-30 12:14:50+00:00,55.45016,8.46852,0.0,111.0,22.0,5,1617106490
2021-03-30 13:02:52+00:00,55.45016,8.468513,0.0,111.0,75.0,5,1617109372
2021-03-30 14:14:55+00:00,55.45016,8.468532,0.0,111.0,32.0,5,1617113695
2021-03-30 15:02:56+00:00,55.45016,8.468522,0.0,111.0,50.0,5,1617116576
2021-03-30 16:14:58+00:00,55.45015,8.468493,0.0,111.0,223.0,5,1617120898
2021-03-30 17:03:00+00:00,55.45015,8.468496,0.0,111.0,234.0,5,1617123780
2021-03-30 18:15:02+00:00,55.45016,8.468503,0.0,111.0,241.0,5,1617128102
2021-03-30 19:03:03+00:00,55.45016,8.4685,0.0,111.0,44.0,5,1617130983
2021-03-30 20:15:06+00:00,55.45016,8.468518,0.0,111.0,0.0,5,1617135306
2021-03-30 21:03:07+00:00,55.45015,8.468493,0.0,111.0,31.0,5,1617138187
2021-03-30 22:15:09+00:00,55.45016,8.468482,0.0,111.0,244.0,5,1617142509
2021-03-30 23:03:11+00:00,55.45015,8.46849,0.0,111.0,252.0,5,1617145391
2021-03-31 00:15:13+00:00,55.45009,8.468543,0.0,111.0,178.0,5,1617149713
2021-03-31 01:03:15+00:00,55.45016,8.468498,0.0,111.0,107.0,5,1617152595
2021-03-31 02:15:17+00:00,55.45013,8.468554,0.0,111.0,103.0,5,1617156917
2021-03-31 03:03:19+00:00,55.45019,8.468529,0.0,111.0,88.0,5,1617159799
2021-03-31 04:15:22+00:00,55.45014,8.46852,0.0,111.0,243.0,5,1617164122
2021-03-31 05:03:24+00:00,55.45016,8.468487,0.0,111.0,218.0,5,1617167004
2021-03-31 06:15:26+00:00,55.45016,8.46849,0.0,111.0,42.0,5,1617171326
2021-03-31 07:03:28+00:00,55.45016,8.468505,0.0,111.0,72.0,5,1617174208
2021-03-31 08:15:30+00:00,55.45016,8.468509,0.0,111.0,33.0,5,1617178530
2021-03-31 09:03:32+00:00,55.45015,8.468509,0.0,111.0,57.0,5,1617181412
2021-03-31 10:15:34+00:00,55.45016,8.46848,0.0,111.0,266.0,5,1617185734
2021-03-31 11:03:35+00:00,55.45012,8.46854,0.0,111.0,182.0,5,1617188615
2021-03-31 12:15:39+00:00,55.45015,8.46851,0.0,111.0,300.0,5,1617192939
2021-03-31 13:03:40+00:00,55.45016,8.4685,0.0,111.0,293.0,5,1617195820
2021-03-31 14:15:43+00:00,55.45016,8.468503,0.0,112.0,246.0,5,1617200143
2021-03-31 15:03:45+00:00,55.45017,8.46852,0.0,111.0,65.0,5,1617203025
2021-03-31 16:15:47+00:00,55.45016,8.468512,0.0,111.0,50.0,5,1617207347
2021-03-31 17:03:48+00:00,55.45016,8.46851,0.0,111.0,75.0,5,1617210228
2021-03-31 18:15:51+00:00,55.45016,8.468529,0.0,111.0,31.0,5,1617214551
2021-03-31 19:03:53+00:00,55.45017,8.46851,0.0,111.0,18.0,5,1617217433
2021-03-31 20:12:37+00:00,55.45016,8.468522,0.0,111.0,13.0,5,1617221557
2021-03-31 21:21:57+00:00,55.45016,8.468503,0.0,111.0,32.0,5,1617225717
2021-03-31 22:09:58+00:00,55.45016,8.468496,0.0,111.0,197.0,5,1617228598
2021-03-31 23:22:02+00:00,55.45016,8.468498,0.0,111.0,240.0,5,1617232922
2021-04-01 00:10:03+00:00,55.45015,8.468567,0.0,111.0,177.0,5,1617235803
2021-04-01 01:22:05+00:00,55.45016,8.468509,0.0,111.0,101.0,5,1617240125
2021-04-01 02:10:07+00:00,55.45015,8.468543,0.0,111.0,52.0,5,1617243007
2021-04-01 03:22:09+00:00,55.45016,8.46849,0.0,111.0,336.0,5,1617247329
2021-04-01 04:10:10+00:00,55.45015,8.468487,0.0,111.0,250.0,5,1617250210
2021-04-01 05:22:13+00:00,55.45016,8.468485,0.0,111.0,264.0,5,1617254533
2021-04-01 06:10:15+00:00,55.45015,8.468492,0.0,111.0,62.0,5,1617257415
2021-04-01 07:22:17+00:00,55.45016,8.468489,0.0,111.0,9.0,5,1617261737
2021-04-01 08:10:18+00:00,55.45016,8.468507,0.0,111.0,253.0,5,1617264618
2021-04-01 09:25:02+00:00,55.45017,8.468498,0.0,111.0,297.0,5,1617269102
2021-04-01 10:10:23+00:00,55.45017,8.46849,0.0,111.0,150.0,5,1617271823
2021-04-01 11:22:25+00:00,55.45016,8.468507,0.0,111.0,184.0,5,1617276145
2021-04-01 12:10:26+00:00,55.45016,8.46853,0.0,111.0,265.0,5,1617279026
2021-04-01 13:22:27+00:00,55.45016,8.468492,0.0,111.0,275.0,5,1617283347
2021-04-01 14:10:29+00:00,55.45016,8.468495,0.0,111.0,55.0,5,1617286229
2021-04-01 15:22:31+00:00,55.45016,8.468529,0.0,111.0,13.0,5,1617290551
2021-04-01 16:10:32+00:00,55.45016,8.46849,0.0,111.0,218.0,5,1617293432
2021-04-01 17:22:35+00:00,55.45015,8.468489,0.0,111.0,224.0,5,1617297755
2021-04-01 18:10:37+00:00,55.45016,8.46851,0.0,111.0,29.0,5,1617300637
2021-04-01 19:22:40+00:00,55.45027,8.468205,0.0,111.0,201.0,5,1617304960
2021-04-01 20:10:40+00:00,55.45016,8.468534,0.0,111.0,214.0,5,1617307840
2021-04-01 21:22:42+00:00,55.45017,8.468467,0.0,111.0,164.0,5,1617312162
2021-04-01 22:10:43+00:00,55.45017,8.468493,0.0,111.0,270.0,5,1617315043
2021-04-01 23:22:46+00:00,55.45015,8.468563,0.0,111.0,257.0,5,1617319366
2021-04-02 00:10:46+00:00,55.45015,8.468515,0.0,111.0,294.0,5,1617322246
2021-04-02 01:22:48+00:00,55.45016,8.46851,0.0,111.0,359.0,5,1617326568
2021-04-02 02:10:50+00:00,55.45016,8.468512,0.0,111.0,105.0,5,1617329450
2021-04-02 03:22:52+00:00,55.45016,8.468554,0.0,111.0,64.0,5,1617333772
2021-04-02 04:10:54+00:00,55.45017,8.468492,0.0,111.0,243.0,5,1617336654
2021-04-02 05:22:56+00:00,55.45012,8.468554,0.0,111.0,213.0,5,1617340976
2021-04-02 06:10:57+00:00,55.45016,8.468549,0.0,111.0,284.0,5,1617343857
2021-04-02 07:22:59+00:00,55.45016,8.468482,0.0,111.0,15.0,5,1617348179
2021-04-02 08:11:01+00:00,55.45016,8.468493,0.0,111.0,247.0,5,1617351061
2021-04-02 09:23:04+00:00,55.45038,8.468445,0.0,111.0,308.0,5,1617355384
2021-04-02 10:11:05+00:00,55.45016,8.468515,0.0,111.0,208.0,5,1617358265
2021-04-02 11:23:07+00:00,55.45018,8.468478,0.0,111.0,5.0,5,1617362587
2021-04-02 12:11:09+00:00,55.45015,8.468502,0.0,111.0,299.0,5,1617365469
2021-04-02 13:23:11+00:00,55.45016,8.468485,0.0,111.0,285.0,5,1617369791
2021-04-02 14:11:12+00:00,55.45014,8.468535,0.0,111.0,227.0,5,1617372672
2021-04-02 15:25:57+00:00,55.45016,8.468532,0.0,111.0,2.0,5,1617377157
2021-04-02 16:11:16+00:00,55.45016,8.468485,0.0,111.0,71.0,5,1617379876
2021-04-02 17:23:18+00:00,55.45015,8.4685,0.0,111.0,214.0,5,1617384198
2021-04-02 18:11:20+00:00,55.45016,8.468495,0.0,111.0,287.0,5,1617387080
2021-04-02 19:23:22+00:00,55.45017,8.468505,0.0,111.0,331.0,5,1617391402
2021-04-02 20:11:24+00:00,55.45015,8.468535,0.0,111.0,275.0,5,1617394284
2021-04-02 21:23:26+00:00,55.45016,8.46848,0.0,111.0,89.0,5,1617398606
2021-04-02 22:11:27+00:00,55.45016,8.46848,0.0,111.0,35.0,5,1617401487
2021-04-02 23:23:30+00:00,55.45016,8.468492,0.0,111.0,215.0,5,1617405810
2021-04-03 00:11:32+00:00,55.45014,8.468498,0.0,111.0,114.0,5,1617408692
2021-04-03 01:23:35+00:00,55.45016,8.468482,0.0,111.0,79.0,5,1617413015
2021-04-03 02:11:36+00:00,55.45016,8.468509,0.0,111.0,12.0,5,1617415896
2021-04-03 03:23:39+00:00,55.45015,8.468534,0.0,111.0,324.0,5,1617420219
2021-04-03 04:11:41+00:00,55.45016,8.468467,0.0,111.0,240.0,5,1617423101
2021-04-03 05:23:42+00:00,55.45016,8.468485,0.0,111.0,222.0,5,1617427422
2021-04-03 06:11:44+00:00,55.45015,8.468496,0.0,111.0,86.0,5,1617430304
2021-04-03 07:23:46+00:00,55.45016,8.468475,0.0,111.0,22.0,5,1617434626
2021-04-03 08:11:48+00:00,55.45016,8.468489,0.0,111.0,32.0,5,1617437508
2021-04-03 09:23:50+00:00,55.45016,8.4685,0.0,111.0,327.0,5,1617441830
2021-04-03 10:11:51+00:00,55.45016,8.46849,0.0,111.0,300.0,5,1617444711
2021-04-03 11:23:53+00:00,55.45014,8.46851,0.0,111.0,91.0,5,1617449033
2021-04-03 12:11:54+00:00,55.45015,8.4685,0.0,111.0,49.0,5,1617451914
2021-04-03 13:23:56+00:00,55.45016,8.468489,0.0,111.0,314.0,5,1617456236
2021-04-03 14:11:58+00:00,55.45014,8.468554,0.0,111.0,48.0,5,1617459118
2021-04-03 15:24:00+00:00,55.45016,8.468498,0.0,111.0,68.0,5,1617463440
2021-04-03 16:12:01+00:00,55.45016,8.4685,0.0,111.0,56.0,5,1617466321
2021-04-03 17:00:03+00:00,55.45016,8.4685,0.0,111.0,67.0,5,1617469203
2021-04-03 18:12:05+00:00,55.45016,8.468493,0.0,111.0,195.0,5,1617473525
2021-04-03 19:00:07+00:00,55.45016,8.4685,0.0,111.0,32.0,5,1617476407
2021-04-03 20:12:10+00:00,55.45016,8.468502,0.0,111.0,49.0,5,1617480730
2021-04-03 21:00:11+00:00,55.45015,8.468487,0.0,111.0,310.0,5,1617483611
2021-04-03 22:12:14+00:00,55.45015,8.468493,0.0,111.0,259.0,5,1617487934
2021-04-03 23:00:15+00:00,55.45015,8.468509,0.0,111.0,256.0,5,1617490815
2021-04-04 00:12:17+00:00,55.45016,8.468495,0.0,111.0,260.0,5,1617495137
2021-04-04 01:00:19+00:00,55.45016,8.468495,0.0,111.0,31.0,5,1617498019
2021-04-04 02:12:20+00:00,55.45016,8.4685,0.0,111.0,68.0,5,1617502340
2021-04-04 03:00:22+00:00,55.45015,8.46852,0.0,111.0,200.0,5,1617505222
2021-04-04 04:12:23+00:00,55.45013,8.468534,0.0,111.0,199.0,5,1617509543
2021-04-04 05:00:25+00:00,55.45016,8.468487,0.0,111.0,114.0,5,1617512425
2021-04-04 06:12:27+00:00,55.45015,8.468492,0.0,111.0,48.0,5,1617516747
2021-04-04 07:00:30+00:00,55.45015,8.468555,0.0,111.0,259.0,5,1617519630
2021-04-04 08:12:32+00:00,55.45015,8.468507,0.0,111.0,30.0,5,1617523952
2021-04-04 09:00:33+00:00,55.45016,8.468505,0.0,111.0,265.0,5,1617526833
2021-04-04 10:12:36+00:00,55.45016,8.468495,0.0,111.0,229.0,5,1617531156
2021-04-04 11:00:37+00:00,55.45015,8.468515,0.0,111.0,260.0,5,1617534037
2021-04-04 12:12:39+00:00,55.45016,8.468516,0.0,111.0,86.0,5,1617538359
2021-04-04 13:00:41+00:00,55.45017,8.468485,0.0,111.0,262.0,5,1617541241
2021-04-04 14:12:43+00:00,55.45016,8.468534,0.0,111.0,254.0,5,1617545563
2021-04-04 15:00:44+00:00,55.45016,8.468502,0.0,111.0,7.0,5,1617548444
2021-04-04 16:12:46+00:00,55.45015,8.468529,0.0,111.0,45.0,5,1617552766
2021-04-04 17:00:48+00:00,55.45016,8.468496,0.0,111.0,252.0,5,1617555648
2021-04-04 18:12:50+00:00,55.45017,8.468495,0.0,111.0,316.0,5,1617559970
2021-04-04 19:00:52+00:00,55.45016,8.468515,0.0,111.0,261.0,5,1617562852
2021-04-04 20:12:54+00:00,55.45015,8.468522,0.0,111.0,233.0,5,1617567174
2021-04-04 21:00:55+00:00,55.45016,8.468496,0.0,111.0,206.0,5,1617570055
2021-04-04 22:12:57+00:00,55.45015,8.468502,0.0,110.0,240.0,5,1617574377
2021-04-04 23:00:59+00:00,55.45015,8.46851,0.0,112.0,241.0,5,1617577259
2021-04-05 00:13:01+00:00,55.45016,8.46852,0.0,111.0,311.0,5,1617581581
2021-04-05 01:01:03+00:00,55.45015,8.468513,0.0,111.0,107.0,5,1617584463
2021-04-05 02:15:54+00:00,55.45016,8.468496,0.0,111.0,72.0,5,1617588954
2021-04-05 03:01:07+00:00,55.45016,8.468516,0.0,111.0,236.0,5,1617591667
2021-04-05 04:13:10+00:00,55.45016,8.468489,0.0,111.0,78.0,5,1617595990
2021-04-05 05:01:11+00:00,55.45016,8.468489,0.0,111.0,66.0,5,1617598871
2021-04-05 06:13:13+00:00,55.45015,8.468503,0.0,111.0,333.0,5,1617603193
2021-04-05 07:01:15+00:00,55.45016,8.468509,0.0,111.0,343.0,5,1617606075
2021-04-05 08:13:18+00:00,55.45015,8.468502,0.0,111.0,38.0,5,1617610398
2021-04-05 09:01:19+00:00,55.45016,8.468512,0.0,111.0,232.0,5,1617613279
2021-04-05 10:13:21+00:00,55.45015,8.468574,0.0,111.0,200.0,5,1617617601
2021-04-05 11:01:23+00:00,55.45015,8.468492,0.0,111.0,210.0,5,1617620483
2021-04-05 12:13:26+00:00,55.45015,8.468554,0.0,111.0,257.0,5,1617624806
2021-04-05 13:01:28+00:00,55.45016,8.46849,0.0,111.0,25.0,5,1617627688
2021-04-05 14:13:30+00:00,55.45016,8.468523,0.0,111.0,343.0,5,1617632010
2021-04-05 15:01:32+00:00,55.45016,8.468502,0.0,111.0,237.0,5,1617634892
2021-04-05 16:13:33+00:00,55.45016,8.468505,0.0,111.0,263.0,5,1617639213
2021-04-05 17:01:35+00:00,55.45016,8.468513,0.0,111.0,52.0,5,1617642095
2021-04-05 18:13:38+00:00,55.45019,8.46851,0.0,112.0,20.0,5,1617646418
2021-04-05 19:01:39+00:00,55.45016,8.468529,0.0,111.0,45.0,5,1617649299
2021-04-05 20:13:41+00:00,55.45016,8.468516,0.0,111.0,222.0,5,1617653621
2021-04-05 21:01:42+00:00,55.45018,8.46851,0.0,112.0,272.0,5,1617656502
2021-04-05 22:13:45+00:00,55.45016,8.468496,0.0,111.0,14.0,5,1617660825
2021-04-05 23:01:46+00:00,55.45016,8.468495,0.0,111.0,82.0,5,1617663706
2021-04-06 00:13:49+00:00,55.45016,8.468483,0.0,112.0,307.0,5,1617668029
2021-04-06 01:01:51+00:00,55.45015,8.468507,0.0,111.0,96.0,5,1617670911
2021-04-06 02:13:53+00:00,55.45016,8.468529,0.0,111.0,102.0,5,1617675233
2021-04-06 03:01:54+00:00,55.45015,8.468554,0.0,111.0,25.0,5,1617678114
2021-04-06 04:13:57+00:00,55.45016,8.468507,0.0,111.0,347.0,5,1617682437
2021-04-06 05:01:59+00:00,55.45016,8.468505,0.0,111.0,237.0,5,1617685319
2021-04-06 06:14:01+00:00,55.45016,8.468495,0.0,111.0,79.0,5,1617689641
2021-04-06 07:02:02+00:00,55.45017,8.468489,0.0,112.0,215.0,5,1617692522
2021-04-06 08:14:05+00:00,55.45016,8.468523,0.0,111.0,352.0,5,1617696845
2021-04-06 09:02:07+00:00,55.45016,8.468509,0.0,111.0,156.0,5,1617699727
2021-04-06 10:14:09+00:00,55.45015,8.46857,0.0,111.0,38.0,5,1617704049
2021-04-06 11:02:10+00:00,55.45016,8.468509,0.0,111.0,201.0,5,1617706930
2021-04-06 12:14:12+00:00,55.45016,8.468516,0.0,111.0,69.0,5,1617711252
2021-04-06 13:02:14+00:00,55.45017,8.46849,0.0,111.0,59.0,5,1617714134
2021-04-06 14:14:16+00:00,55.45016,8.468518,0.0,111.0,61.0,5,1617718456
2021-04-06 15:02:17+00:00,55.45015,8.468505,0.0,111.0,66.0,5,1617721337
2021-04-06 16:14:20+00:00,55.45015,8.468527,0.0,112.0,213.0,5,1617725660
2021-04-06 17:02:21+00:00,55.45015,8.468495,0.0,111.0,194.0,5,1617728541
2021-04-06 18:14:24+00:00,55.45017,8.468498,0.0,111.0,95.0,5,1617732864
2021-04-06 19:02:26+00:00,55.45016,8.468516,0.0,111.0,278.0,5,1617735746
2021-04-06 20:14:28+00:00,55.45016,8.468489,0.0,111.0,3.0,5,1617740068
2021-04-06 21:02:28+00:00,55.45015,8.46849,0.0,111.0,245.0,5,1617742948
2021-04-06 22:14:31+00:00,55.45015,8.46848,0.0,111.0,24.0,5,1617747271
2021-04-06 23:02:32+00:00,55.45015,8.468515,0.0,112.0,247.0,5,1617750152
2021-04-07 00:14:34+00:00,55.45017,8.46848,0.0,111.0,62.0,5,1617754474
2021-04-07 01:02:36+00:00,55.45015,8.468463,0.0,111.0,24.0,5,1617757356
2021-04-07 02:14:39+00:00,55.45016,8.46852,0.0,111.0,8.0,5,1617761679
2021-04-07 03:20:41+00:00,55.45015,8.468515,0.0,111.0,346.0,5,1617765641
2021-04-07 04:08:42+00:00,55.45015,8.468527,0.0,111.0,69.0,5,1617768522
2021-04-07 05:20:45+00:00,55.45016,8.468505,0.0,112.0,53.0,5,1617772845
2021-04-07 06:08:46+00:00,55.45015,8.468487,0.0,111.0,26.0,5,1617775726
2021-04-07 07:20:50+00:00,55.45016,8.468495,0.0,111.0,12.0,5,1617780050
2021-04-07 08:08:51+00:00,55.45015,8.4685,0.0,112.0,9.0,5,1617782931
2021-04-07 09:20:54+00:00,55.45016,8.468496,0.0,111.0,68.0,5,1617787254
2021-04-07 10:08:55+00:00,55.45016,8.468549,0.0,111.0,350.0,5,1617790135
2021-04-07 11:20:57+00:00,55.45015,8.468503,0.0,111.0,90.0,5,1617794457
2021-04-07 12:08:59+00:00,55.45016,8.46852,0.0,111.0,68.0,5,1617797339
2021-04-07 13:21:01+00:00,55.45016,8.468515,0.0,111.0,65.0,5,1617801661
2021-04-07 14:09:02+00:00,55.45016,8.468516,0.0,111.0,43.0,5,1617804542
2021-04-07 15:21:05+00:00,55.45015,8.468503,0.0,111.0,257.0,5,1617808865
2021-04-07 16:09:06+00:00,55.45016,8.468502,0.0,111.0,248.0,5,1617811746
2021-04-07 17:21:08+00:00,55.45015,8.468487,0.0,111.0,231.0,5,1617816068
2021-04-07 18:09:09+00:00,55.45016,8.46849,0.0,111.0,118.0,5,1617818949
2021-04-07 19:21:12+00:00,55.45016,8.468498,0.0,111.0,332.0,5,1617823272
2021-04-07 20:09:12+00:00,55.45016,8.4685,0.0,111.0,357.0,5,1617826152
2021-04-07 21:21:14+00:00,55.45016,8.46848,0.0,111.0,266.0,5,1617830474
2021-04-07 22:09:16+00:00,55.45015,8.468507,0.0,112.0,46.0,5,1617833356
2021-04-07 23:21:18+00:00,55.45016,8.468493,0.0,111.0,254.0,5,1617837678
2021-04-08 00:09:20+00:00,55.45016,8.468489,0.0,112.0,240.0,5,1617840560
2021-04-08 01:21:22+00:00,55.45015,8.468522,0.0,111.0,321.0,5,1617844882
2021-04-08 02:09:24+00:00,55.45019,8.468467,0.0,111.0,266.0,5,1617847764
2021-04-08 03:21:27+00:00,55.45015,8.468509,0.0,112.0,227.0,5,1617852087
2021-04-08 04:09:29+00:00,55.45015,8.46851,0.0,111.0,51.0,5,1617854969
2021-04-08 05:21:31+00:00,55.45016,8.468509,0.0,111.0,40.0,5,1617859291
2021-04-08 06:09:33+00:00,55.45016,8.468543,0.0,111.0,292.0,5,1617862173
2021-04-08 07:21:36+00:00,55.45016,8.468503,0.0,111.0,274.0,5,1617866496
2021-04-08 08:09:37+00:00,55.45014,8.468496,0.0,111.0,326.0,5,1617869377
2021-04-08 09:21:39+00:00,55.45018,8.468558,0.0,111.0,334.0,5,1617873699
2021-04-08 10:09:40+00:00,55.45019,8.468523,0.0,111.0,270.0,5,1617876580
2021-04-08 11:21:43+00:00,55.45015,8.4685,0.0,111.0,270.0,5,1617880903
2021-04-09 06:22:18+00:00,55.44978,8.467816,0.0,113.0,203.0,0,1617949338
2021-04-09 08:11:03+00:00,55.45016,8.46852,0.0,112.0,90.0,0,1617955863
2021-04-09 09:15:29+00:00,55.45018,8.468556,0.0,111.0,310.0,5,1617959729
2021-04-09 10:18:32+00:00,55.45015,8.468625,0.0,112.0,49.0,5,1617963512
2021-04-09 11:00:33+00:00,55.45015,8.468532,0.0,111.0,54.0,5,1617966033
2021-04-09 12:03:33+00:00,55.45018,8.46851,0.0,111.0,277.0,5,1617969813
2021-04-09 13:06:38+00:00,55.45015,8.46852,0.0,111.0,225.0,5,1617973598
2021-04-09 14:09:37+00:00,55.45016,8.468522,0.0,111.0,278.0,5,1617977377
2021-04-09 15:12:42+00:00,55.45017,8.468475,0.0,111.0,64.0,5,1617981162
2021-04-09 16:15:41+00:00,55.45017,8.468487,0.0,111.0,45.0,5,1617984941
2021-04-09 17:18:47+00:00,55.45014,8.46845,0.0,111.0,90.0,5,1617988727
2021-04-09 18:03:45+00:00,55.45018,8.468523,0.0,111.0,68.0,5,1617991425
2021-04-09 19:09:47+00:00,55.45016,8.46853,0.0,103.0,45.0,5,1617995387
2021-04-09 20:12:52+00:00,55.45018,8.46848,0.0,113.0,32.0,5,1617999172
2021-04-09 21:15:50+00:00,55.45016,8.468513,0.0,111.0,61.0,5,1618002950
2021-04-09 22:00:55+00:00,55.45016,8.468489,0.0,111.0,47.0,5,1618005655
2021-04-09 23:03:53+00:00,55.45016,8.468527,0.0,111.0,239.0,5,1618009433
2021-04-10 00:12:59+00:00,55.45019,8.468498,0.0,111.0,65.0,5,1618013579
2021-04-10 01:15:57+00:00,55.45016,8.4685,0.0,111.0,279.0,5,1618017357
2021-04-10 02:19:02+00:00,55.45023,8.468513,0.0,111.0,45.0,5,1618021142
2021-04-10 03:04:00+00:00,55.45015,8.468507,0.0,111.0,229.0,5,1618023840
2021-04-10 04:13:07+00:00,55.45017,8.468507,0.0,111.0,333.0,5,1618027987
2021-04-10 05:01:08+00:00,55.45016,8.468493,0.0,111.0,231.0,5,1618030868
2021-04-10 06:13:10+00:00,55.45016,8.468527,0.0,111.0,263.0,5,1618035190
2021-04-10 07:19:12+00:00,55.45016,8.468522,0.0,111.0,291.0,5,1618039152
2021-04-10 08:07:13+00:00,55.45016,8.468529,0.0,111.0,265.0,5,1618042033
2021-04-10 09:19:16+00:00,55.45016,8.468493,0.0,111.0,108.0,5,1618046356
2021-04-10 10:07:18+00:00,55.45016,8.468549,0.0,111.0,352.0,5,1618049238
2021-04-10 11:19:20+00:00,55.45015,8.468509,0.0,111.0,79.0,5,1618053560
2021-04-10 12:07:22+00:00,55.45016,8.46849,0.0,111.0,66.0,5,1618056442
2021-04-10 13:19:24+00:00,55.45016,8.468507,0.0,111.0,33.0,5,1618060764
2021-04-10 14:07:25+00:00,55.45015,8.468522,0.0,111.0,36.0,5,1618063645
2021-04-10 15:16:24+00:00,55.45016,8.468503,0.0,111.0,302.0,5,1618067784
2021-04-10 16:22:26+00:00,55.45016,8.468496,0.0,111.0,76.0,5,1618071746
2021-04-10 17:04:27+00:00,55.45015,8.468493,0.0,111.0,211.0,5,1618074267
2021-04-10 18:07:31+00:00,55.45016,8.468509,0.0,111.0,6.0,5,1618078051
2021-04-10 19:10:32+00:00,55.45016,8.468502,0.0,111.0,14.0,5,1618081832
2021-04-10 20:13:35+00:00,55.45015,8.468473,0.0,111.0,267.0,5,1618085615
2021-04-10 21:16:37+00:00,55.45015,8.468516,0.0,111.0,68.0,5,1618089397
2021-04-10 22:19:40+00:00,55.45015,8.468495,0.0,111.0,243.0,5,1618093180
2021-04-10 23:01:41+00:00,55.45016,8.468487,0.0,111.0,241.0,5,1618095701
2021-04-11 00:04:40+00:00,55.45018,8.46847,0.0,111.0,256.0,5,1618099480
2021-04-11 01:07:44+00:00,55.45017,8.468485,0.0,111.0,291.0,5,1618103264
2021-04-11 02:12:35+00:00,55.45022,8.468475,0.0,111.0,87.0,0,1618107155
2021-04-20 12:01:15+00:00,55.45017,8.468536,0.0,110.0,52.0,0,1618920075
2021-04-20 13:03:56+00:00,55.45016,8.468547,0.0,111.0,274.0,5,1618923836
2021-04-20 14:06:56+00:00,55.45017,8.468536,0.0,111.0,96.0,5,1618927616
2021-04-20 15:12:57+00:00,55.45015,8.46854,0.0,111.0,238.0,5,1618931577
2021-04-20 16:16:02+00:00,55.45015,8.468502,0.0,111.0,203.0,5,1618935362
2021-04-20 17:19:03+00:00,55.45017,8.468492,0.0,111.0,308.0,5,1618939143
2021-04-20 18:01:05+00:00,55.45016,8.468525,0.0,111.0,96.0,5,1618941665
2021-04-20 19:04:07+00:00,55.45017,8.468507,0.0,111.0,70.0,5,1618945447
2021-04-20 20:07:06+00:00,55.45016,8.468493,0.0,111.0,74.0,5,1618949226
2021-04-20 21:10:11+00:00,55.45014,8.468529,0.0,111.0,51.0,5,1618953011
2021-04-20 22:13:11+00:00,55.45016,8.468495,0.0,111.0,51.0,5,1618956791
2021-04-20 23:16:15+00:00,55.45016,8.468495,0.0,111.0,50.0,5,1618960575
2021-04-21 00:19:14+00:00,55.45016,8.468495,0.0,111.0,298.0,5,1618964354
2021-04-21 01:01:15+00:00,55.45015,8.468556,0.0,111.0,37.0,5,1618966875
2021-04-21 02:10:21+00:00,55.45016,8.468556,0.0,111.0,51.0,5,1618971021
2021-04-21 03:13:20+00:00,55.45016,8.468512,0.0,111.0,246.0,5,1618974800
2021-04-21 04:19:22+00:00,55.45017,8.468523,0.0,111.0,275.0,5,1618978762
2021-04-21 05:01:25+00:00,55.45017,8.468492,0.0,111.0,244.0,5,1618981285
2021-04-21 06:04:28+00:00,55.45016,8.4685,0.0,111.0,16.0,5,1618985068
2021-04-21 07:07:28+00:00,55.45016,8.468507,0.0,111.0,55.0,5,1618988848
2021-04-21 08:10:31+00:00,55.45016,8.468518,0.0,111.0,292.0,5,1618992631
2021-04-21 09:13:32+00:00,55.45016,8.46855,0.0,111.0,230.0,5,1618996412
2021-04-21 10:16:35+00:00,55.45014,8.468527,0.0,111.0,236.0,5,1619000195
2021-04-21 11:19:35+00:00,55.45016,8.468523,0.0,111.0,342.0,5,1619003975
2021-04-21 12:01:37+00:00,55.45017,8.468489,0.0,111.0,299.0,5,1619006497
2021-04-21 13:04:41+00:00,55.45015,8.468588,0.0,111.0,309.0,5,1619010281
2021-04-21 14:07:41+00:00,55.45017,8.46854,0.0,111.0,280.0,5,1619014061
2021-04-21 15:10:47+00:00,55.45016,8.468529,0.0,111.0,271.0,5,1619017847
2021-04-21 16:13:48+00:00,55.45016,8.468509,0.0,111.0,234.0,5,1619021628
2021-04-21 17:16:50+00:00,55.45016,8.468515,0.0,111.0,41.0,5,1619025410
2021-04-21 18:22:52+00:00,55.45018,8.468545,0.0,111.0,37.0,5,1619029372
2021-04-21 19:04:53+00:00,55.45015,8.468543,0.0,111.0,47.0,5,1619031893
2021-04-21 20:07:56+00:00,55.45016,8.468503,0.0,111.0,67.0,5,1619035676
2021-04-21 21:10:58+00:00,55.45015,8.468509,0.0,111.0,17.0,5,1619039458
2021-04-21 22:17:00+00:00,55.45016,8.468495,0.0,111.0,191.0,5,1619043420
2021-04-21 23:20:03+00:00,55.45016,8.468492,0.0,111.0,12.0,5,1619047203
2021-04-22 00:02:04+00:00,55.45015,8.468489,0.0,111.0,342.0,5,1619049724
2021-04-22 01:08:05+00:00,55.45016,8.468535,0.0,111.0,72.0,5,1619053685
2021-04-22 02:11:06+00:00,55.45015,8.468543,0.0,111.0,223.0,5,1619057466
2021-04-22 03:14:09+00:00,55.45016,8.468507,0.0,111.0,184.0,5,1619061249
2021-04-22 04:17:11+00:00,55.45016,8.468505,0.0,111.0,252.0,5,1619065031
2021-04-22 05:20:13+00:00,55.45016,8.468536,0.0,111.0,39.0,5,1619068813
2021-04-22 06:02:14+00:00,55.45016,8.46849,0.0,111.0,21.0,5,1619071334
2021-04-22 07:05:17+00:00,55.45016,8.468502,0.0,111.0,212.0,5,1619075117
2021-04-22 08:08:18+00:00,55.45017,8.468502,0.0,111.0,285.0,5,1619078898
2021-04-22 09:11:21+00:00,55.45016,8.468518,0.0,111.0,213.0,5,1619082681
2021-04-22 10:14:22+00:00,55.45016,8.4685,0.0,111.0,32.0,5,1619086462
2021-04-22 11:17:25+00:00,55.45016,8.468513,0.0,111.0,244.0,5,1619090245
2021-04-22 12:20:26+00:00,55.45016,8.468527,0.0,111.0,258.0,5,1619094026
2021-04-22 13:02:28+00:00,55.45017,8.468569,0.0,111.0,336.0,5,1619096548
2021-04-22 14:05:30+00:00,55.45016,8.468515,0.0,111.0,255.0,5,1619100330
2021-04-22 15:08:32+00:00,55.45018,8.468532,0.0,111.0,266.0,5,1619104112
2021-04-22 16:11:34+00:00,55.45016,8.46852,0.0,111.0,248.0,5,1619107894
2021-04-22 17:14:36+00:00,55.45019,8.468462,0.0,111.0,346.0,5,1619111676
2021-04-22 18:17:39+00:00,55.45019,8.46855,0.0,111.0,58.0,5,1619115459
2021-04-22 19:05:40+00:00,55.45016,8.468489,0.0,111.0,33.0,5,1619118340
2021-04-22 20:11:43+00:00,55.45017,8.46849,0.0,111.0,78.0,5,1619122303
2021-04-22 21:14:44+00:00,55.45015,8.468495,0.0,111.0,10.0,5,1619126084
2021-04-22 22:17:47+00:00,55.45013,8.468607,0.0,111.0,220.0,5,1619129867
2021-04-22 23:20:47+00:00,55.45021,8.468433,0.0,111.0,17.0,5,1619133647
2021-04-23 00:02:48+00:00,55.45016,8.468513,0.0,111.0,255.0,5,1619136168
2021-04-23 01:05:53+00:00,55.45016,8.468522,0.0,111.0,64.0,5,1619139953
2021-04-23 02:11:55+00:00,55.45018,8.468516,0.0,111.0,69.0,5,1619143915
2021-04-23 03:17:57+00:00,55.45016,8.468516,0.0,111.0,52.0,5,1619147877
2021-04-23 04:05:59+00:00,55.45015,8.468507,0.0,111.0,248.0,5,1619150759
2021-04-23 05:12:01+00:00,55.45019,8.468469,0.0,111.0,78.0,5,1619154721
2021-04-23 06:18:03+00:00,55.45016,8.468498,0.0,111.0,292.0,5,1619158683
2021-04-23 07:06:05+00:00,55.45016,8.468495,0.0,111.0,194.0,5,1619161565
2021-04-23 08:18:07+00:00,55.45018,8.468545,0.0,111.0,323.0,5,1619165887
2021-04-23 09:06:08+00:00,55.45017,8.468512,0.0,111.0,29.0,5,1619168768
2021-04-23 10:18:10+00:00,55.45016,8.4685,0.0,111.0,86.0,5,1619173090
2021-04-23 11:06:11+00:00,55.45017,8.46848,0.0,111.0,285.0,5,1619175971
2021-04-23 12:18:14+00:00,55.45016,8.468503,0.0,111.0,261.0,5,1619180294
2021-04-23 13:06:15+00:00,55.45006,8.468657,0.0,111.0,282.0,5,1619183175
2021-04-23 14:15:13+00:00,55.45023,8.468447,0.0,111.0,255.0,5,1619187313
2021-04-23 15:18:19+00:00,55.45017,8.468515,0.0,111.0,243.0,5,1619191099
2021-04-23 16:06:21+00:00,55.4501,8.468442,0.0,111.0,217.0,5,1619193981
2021-04-23 17:18:23+00:00,55.45016,8.468467,0.0,112.0,194.0,5,1619198303
2021-04-25 05:15:39+00:00,55.45016,8.468522,0.0,111.0,56.0,0,1619327739
2021-04-25 06:20:59+00:00,55.45016,8.468549,0.0,111.0,270.0,0,1619331659
2021-04-25 07:04:39+00:00,55.45015,8.468513,0.0,111.0,255.0,0,1619334279
2021-04-25 08:09:19+00:00,55.45016,8.468489,0.0,111.0,143.0,5,1619338159
2021-04-25 09:12:21+00:00,55.45014,8.468518,0.0,111.0,173.0,5,1619341941
2021-04-25 10:15:23+00:00,55.45014,8.468503,0.0,111.0,67.0,5,1619345723
2021-04-25 11:18:25+00:00,55.45016,8.468538,0.0,111.0,85.0,5,1619349505
2021-04-25 12:00:27+00:00,55.45016,8.468493,0.0,111.0,61.0,5,1619352027
2021-04-25 13:03:27+00:00,55.45018,8.468503,0.0,111.0,227.0,5,1619355807
2021-04-25 14:06:31+00:00,55.45016,8.46852,0.0,111.0,72.0,5,1619359591
2021-04-25 15:09:32+00:00,55.45015,8.468525,0.0,111.0,77.0,5,1619363372
2021-04-25 16:12:35+00:00,55.45016,8.468509,0.0,111.0,262.0,5,1619367155
2021-04-25 17:15:36+00:00,55.45015,8.468516,0.0,111.0,91.0,5,1619370936
2021-04-25 18:18:38+00:00,55.45016,8.46851,0.0,111.0,50.0,5,1619374718
2021-04-25 19:00:39+00:00,55.45017,8.468483,0.0,111.0,223.0,5,1619377239
2021-04-25 20:03:41+00:00,55.45016,8.468493,0.0,111.0,209.0,5,1619381021
2021-04-25 21:06:42+00:00,55.45015,8.468522,0.0,111.0,225.0,5,1619384802
2021-04-25 22:09:45+00:00,55.45015,8.468538,0.0,111.0,7.0,5,1619388585
2021-04-25 23:12:46+00:00,55.45016,8.468482,0.0,111.0,110.0,5,1619392366
2021-04-26 00:15:49+00:00,55.45016,8.46849,0.0,111.0,226.0,5,1619396149
2021-04-26 01:00:49+00:00,55.45016,8.468536,0.0,111.0,27.0,5,1619398849
2021-04-26 02:03:52+00:00,55.45015,8.468516,0.0,111.0,205.0,5,1619402632
2021-04-26 03:06:53+00:00,55.45015,8.468502,0.0,111.0,223.0,5,1619406413
2021-04-26 04:09:56+00:00,55.45015,8.468496,0.0,111.0,63.0,5,1619410196
2021-04-26 05:12:57+00:00,55.45016,8.468516,0.0,111.0,257.0,5,1619413977
2021-04-26 06:16:00+00:00,55.45016,8.468502,0.0,111.0,34.0,5,1619417760
2021-04-26 07:19:01+00:00,55.45016,8.468509,0.0,111.0,87.0,5,1619421541
2021-04-26 08:01:02+00:00,55.45016,8.468507,0.0,111.0,113.0,5,1619424062
2021-04-26 09:04:06+00:00,55.45014,8.46853,0.0,111.0,304.0,5,1619427846
2021-04-26 10:07:06+00:00,55.45015,8.468487,0.0,111.0,71.0,5,1619431626
2021-04-26 11:10:10+00:00,55.45016,8.468498,0.0,111.0,51.0,5,1619435410
2021-04-26 12:13:11+00:00,55.45015,8.468516,0.0,111.0,44.0,5,1619439191
2021-04-26 13:16:14+00:00,55.45014,8.468534,0.0,112.0,318.0,5,1619442974
2021-04-26 14:19:14+00:00,55.45016,8.468502,0.0,111.0,289.0,5,1619446754
2021-04-26 15:01:16+00:00,55.45016,8.46851,0.0,111.0,84.0,5,1619449276
2021-04-26 16:07:19+00:00,55.45012,8.468542,0.0,111.0,47.0,5,1619453239
2021-04-26 17:10:22+00:00,55.45016,8.46848,0.0,111.0,40.0,5,1619457022
2021-04-26 18:13:24+00:00,55.45016,8.468496,0.0,111.0,178.0,5,1619460804
2021-04-26 19:16:27+00:00,55.45014,8.468495,0.0,111.0,322.0,5,1619464587
2021-04-26 20:19:28+00:00,55.45016,8.468495,0.0,112.0,31.0,5,1619468368
2021-04-26 21:01:29+00:00,55.45014,8.468549,0.0,111.0,109.0,5,1619470889
2021-04-26 22:04:32+00:00,55.45012,8.46863,0.0,111.0,45.0,5,1619474672
2021-04-26 23:07:36+00:00,55.45016,8.468489,0.0,111.0,193.0,5,1619478456
2021-04-27 00:10:37+00:00,55.45016,8.46849,0.0,111.0,45.0,5,1619482237
2021-04-27 01:13:38+00:00,55.45018,8.468522,0.0,111.0,73.0,5,1619486018
2021-04-27 02:19:41+00:00,55.45015,8.468503,0.0,111.0,115.0,5,1619489981
2021-04-27 03:01:42+00:00,55.45016,8.468507,0.0,112.0,49.0,5,1619492502
2021-04-27 04:10:44+00:00,55.45016,8.46851,0.0,111.0,49.0,5,1619496644
2021-04-27 05:13:46+00:00,55.45013,8.468607,0.0,111.0,298.0,5,1619500426
2021-04-27 06:16:48+00:00,55.45016,8.468509,0.0,111.0,51.0,5,1619504208
2021-04-27 07:01:51+00:00,55.45015,8.468472,0.0,112.0,95.0,5,1619506911
2021-04-27 08:04:53+00:00,55.45018,8.468507,0.0,111.0,191.0,5,1619510693
2021-04-27 09:07:54+00:00,55.45017,8.468487,0.0,111.0,283.0,5,1619514474
2021-04-27 10:13:56+00:00,55.45014,8.46851,0.0,111.0,83.0,5,1619518436
2021-04-27 11:16:59+00:00,55.45016,8.468489,0.0,111.0,85.0,5,1619522219
2021-04-27 12:20:01+00:00,55.45016,8.468527,0.0,111.0,42.0,5,1619526001
2021-04-27 13:02:02+00:00,55.45018,8.468513,0.0,111.0,43.0,5,1619528522
2021-04-27 14:05:04+00:00,55.45017,8.468478,0.0,111.0,277.0,5,1619532304
2021-04-27 15:08:07+00:00,55.45016,8.46852,0.0,111.0,230.0,5,1619536087
2021-04-27 16:11:08+00:00,55.45018,8.468496,0.0,111.0,117.0,5,1619539868
2021-04-27 17:14:11+00:00,55.45023,8.468397,0.0,111.0,332.0,5,1619543651
2021-04-27 18:17:13+00:00,55.45017,8.468505,0.0,111.0,221.0,5,1619547433
2021-04-27 19:02:14+00:00,55.45016,8.46848,0.0,112.0,252.0,5,1619550134
2021-04-27 20:05:16+00:00,55.45016,8.468518,0.0,111.0,38.0,5,1619553916
2021-04-27 21:08:19+00:00,55.4502,8.468391,0.0,111.0,24.0,5,1619557699
2021-04-27 22:11:19+00:00,55.45019,8.468523,0.0,111.0,237.0,5,1619561479
2021-04-27 23:14:23+00:00,55.45016,8.46851,0.0,111.0,232.0,5,1619565263
2021-04-28 00:17:23+00:00,55.45016,8.46853,0.0,111.0,214.0,5,1619569043
2021-04-28 01:20:27+00:00,55.45013,8.468575,0.0,112.0,211.0,5,1619572827
2021-04-28 02:02:28+00:00,55.45012,8.46856,0.0,111.0,217.0,5,1619575348
2021-04-28 03:05:28+00:00,55.45015,8.468505,0.0,111.0,284.0,5,1619579128
2021-04-28 04:08:33+00:00,55.45015,8.468482,0.0,111.0,102.0,5,1619582913
2021-04-28 05:20:35+00:00,55.45015,8.4686,0.0,111.0,0.0,5,1619587235
2021-04-28 06:08:37+00:00,55.45015,8.468534,0.0,111.0,29.0,5,1619590117
2021-04-28 07:20:39+00:00,55.45017,8.468578,0.0,111.0,260.0,5,1619594439
2021-04-28 08:08:41+00:00,55.45017,8.468534,0.0,111.0,153.0,5,1619597321
2021-04-28 09:20:42+00:00,55.45014,8.468523,0.0,111.0,224.0,5,1619601642
2021-04-28 10:08:44+00:00,55.45016,8.468496,0.0,111.0,38.0,5,1619604524
2021-04-28 11:20:47+00:00,55.45017,8.468562,0.0,111.0,62.0,5,1619608847
2021-04-28 12:08:48+00:00,55.45015,8.46856,0.0,111.0,69.0,5,1619611728
2021-04-28 13:20:50+00:00,55.45017,8.468515,0.0,111.0,73.0,5,1619616050
2021-04-28 14:08:52+00:00,55.45016,8.468516,0.0,111.0,39.0,5,1619618932
2021-04-28 15:20:54+00:00,55.45014,8.468509,0.0,111.0,223.0,5,1619623254
2021-04-28 16:08:55+00:00,55.45015,8.46852,0.0,111.0,67.0,5,1619626135
2021-04-28 17:20:58+00:00,55.45012,8.468621,0.0,111.0,3.0,5,1619630458
2021-04-28 18:09:00+00:00,55.45016,8.468489,0.0,111.0,45.0,5,1619633340
2021-04-28 19:21:03+00:00,55.45016,8.468493,0.0,111.0,119.0,5,1619637663
2021-04-28 20:09:04+00:00,55.45015,8.468496,0.0,111.0,59.0,5,1619640544
2021-04-28 21:21:06+00:00,55.45016,8.468489,0.0,111.0,61.0,5,1619644866
2021-04-28 22:03:07+00:00,55.45019,8.468522,0.0,111.0,62.0,5,1619647387
2021-04-28 23:15:09+00:00,55.45016,8.468523,0.0,111.0,187.0,5,1619651709
2021-04-29 00:03:11+00:00,55.45016,8.468512,0.0,111.0,221.0,5,1619654591
2021-04-29 01:15:13+00:00,55.45015,8.468575,0.0,111.0,226.0,5,1619658913
2021-04-29 02:03:14+00:00,55.45016,8.468516,0.0,111.0,224.0,5,1619661794
2021-04-29 03:15:17+00:00,55.45016,8.468569,0.0,111.0,79.0,5,1619666117
2021-04-29 04:03:18+00:00,55.45018,8.468487,0.0,111.0,89.0,5,1619668998
2021-04-29 05:15:20+00:00,55.45016,8.468527,0.0,111.0,34.0,5,1619673320
2021-04-29 06:21:22+00:00,55.45015,8.468498,0.0,111.0,261.0,5,1619677282
2021-04-29 07:03:23+00:00,55.45018,8.468534,0.0,111.0,48.0,5,1619679803
2021-04-29 08:08:41+00:00,55.45019,8.468503,0.0,111.0,178.0,5,1619683721
2021-04-29 09:11:43+00:00,55.45015,8.468507,0.0,111.0,280.0,5,1619687503
2021-04-29 10:14:46+00:00,55.45016,8.468513,0.0,111.0,297.0,5,1619691286
2021-04-29 11:17:46+00:00,55.45019,8.468513,0.0,111.0,224.0,5,1619695066
2021-04-29 12:20:52+00:00,55.45014,8.468562,0.0,111.0,256.0,5,1619698852
2021-04-29 13:02:52+00:00,55.45017,8.468509,0.0,111.0,248.0,5,1619701372
2021-04-29 14:05:54+00:00,55.45016,8.468578,0.0,111.0,47.0,5,1619705154
2021-04-29 15:08:55+00:00,55.45015,8.468502,0.0,111.0,244.0,5,1619708935
2021-04-29 16:11:56+00:00,55.45028,8.468562,0.0,111.0,61.0,5,1619712716
2021-04-29 17:14:59+00:00,55.45018,8.468476,0.0,111.0,246.0,5,1619716499
2021-04-29 18:18:01+00:00,55.45017,8.46851,0.0,111.0,258.0,5,1619720281
2021-04-29 19:00:01+00:00,55.45016,8.468505,0.0,111.0,1.0,5,1619722801
2021-04-29 20:06:03+00:00,55.45017,8.46848,0.0,112.0,38.0,5,1619726763
2021-04-29 21:09:05+00:00,55.45014,8.468542,0.0,111.0,241.0,5,1619730545
2021-04-29 22:12:07+00:00,55.45024,8.46845,0.0,111.0,270.0,5,1619734327
2021-04-29 23:03:09+00:00,55.45017,8.468498,0.0,111.0,68.0,5,1619737389
2021-04-30 00:09:11+00:00,55.45016,8.468516,0.0,112.0,51.0,5,1619741351
2021-04-30 01:15:14+00:00,55.45012,8.468598,0.0,111.0,25.0,5,1619745314
2021-04-30 02:00:14+00:00,55.45014,8.468515,0.0,111.0,221.0,5,1619748014
2021-04-30 03:06:16+00:00,55.45021,8.468518,0.0,111.0,117.0,5,1619751976
2021-04-30 04:09:20+00:00,55.45024,8.468515,0.0,111.0,91.0,5,1619755760
2021-04-30 05:12:20+00:00,55.45016,8.468578,0.0,111.0,188.0,5,1619759540
2021-04-30 06:15:24+00:00,55.45015,8.4685,0.0,111.0,255.0,5,1619763324
2021-04-30 07:18:24+00:00,55.45027,8.468509,0.0,111.0,276.0,5,1619767104
2021-04-30 08:00:25+00:00,55.45017,8.468558,0.0,111.0,265.0,5,1619769625
2021-04-30 09:03:29+00:00,55.45021,8.468581,0.0,110.0,295.0,5,1619773409
2021-04-30 10:06:29+00:00,55.45016,8.468509,0.0,111.0,32.0,5,1619777189
2021-04-30 11:09:34+00:00,55.45016,8.468493,0.0,111.0,63.0,5,1619780974
2021-04-30 12:12:33+00:00,55.45018,8.468534,0.0,111.0,270.0,5,1619784753
2021-04-30 13:18:35+00:00,55.45021,8.468367,0.0,112.0,275.0,5,1619788715
2021-04-30 14:03:40+00:00,55.45015,8.468547,0.0,111.0,16.0,5,1619791420
2021-04-30 15:15:41+00:00,55.45015,8.468503,0.0,111.0,224.0,5,1619795741
2021-04-30 16:03:43+00:00,55.45015,8.468493,0.0,111.0,296.0,5,1619798623
2021-04-30 17:12:42+00:00,55.45008,8.468598,0.0,112.0,325.0,5,1619802762
2021-04-30 18:15:47+00:00,55.45015,8.468493,0.0,111.0,73.0,5,1619806547
2021-04-30 19:18:46+00:00,55.45016,8.468507,0.0,111.0,47.0,5,1619810326
2021-04-30 20:00:47+00:00,55.45016,8.46849,0.0,111.0,9.0,5,1619812847
2021-04-30 21:03:52+00:00,55.45013,8.468554,0.0,111.0,233.0,5,1619816632
2021-04-30 22:09:53+00:00,55.45024,8.468453,0.0,111.0,66.0,5,1619820593
2021-04-30 23:21:56+00:00,55.45015,8.468522,0.0,111.0,334.0,5,1619824916
2021-05-01 00:09:58+00:00,55.45016,8.468515,0.0,111.0,247.0,5,1619827798
2021-05-01 01:15:59+00:00,55.45014,8.468509,0.0,111.0,245.0,5,1619831759
2021-05-01 02:18:58+00:00,55.45014,8.468555,0.0,111.0,232.0,5,1619835538
2021-05-01 03:00:59+00:00,55.45015,8.4685,0.0,111.0,243.0,5,1619838059
2021-05-01 04:07:01+00:00,55.45016,8.468549,0.0,111.0,52.0,5,1619842021
2021-05-01 05:13:03+00:00,55.45016,8.468509,0.0,111.0,23.0,5,1619845983
2021-05-01 06:19:05+00:00,55.45014,8.468515,0.0,111.0,250.0,5,1619849945
2021-05-01 07:04:10+00:00,55.45016,8.468505,0.0,111.0,255.0,5,1619852650
2021-05-01 08:10:12+00:00,55.45016,8.4685,0.0,111.0,180.0,5,1619856612
2021-05-01 09:19:11+00:00,55.45013,8.468542,0.0,111.0,45.0,5,1619860751
2021-05-01 10:01:13+00:00,55.45016,8.468495,0.0,111.0,51.0,5,1619863273
2021-05-01 11:04:18+00:00,55.45016,8.4685,0.0,111.0,52.0,5,1619867058
2021-05-01 12:07:18+00:00,55.45016,8.468495,0.0,111.0,272.0,5,1619870838
2021-05-01 13:10:22+00:00,55.45024,8.468427,0.0,111.0,256.0,5,1619874622
2021-05-01 14:13:22+00:00,55.45017,8.468503,0.0,111.0,75.0,5,1619878402
2021-05-01 15:22:27+00:00,55.45016,8.468493,0.0,111.0,71.0,5,1619882547
2021-05-01 16:10:28+00:00,55.45017,8.468529,0.0,111.0,72.0,5,1619885428
2021-05-01 17:22:30+00:00,55.45016,8.468554,0.0,112.0,220.0,5,1619889750
2021-05-01 18:10:32+00:00,55.45016,8.468512,0.0,111.0,236.0,5,1619892632
2021-05-01 19:22:33+00:00,55.45017,8.46852,0.0,111.0,223.0,5,1619896953
2021-05-01 20:04:35+00:00,55.45016,8.468496,0.0,111.0,248.0,5,1619899475
2021-05-01 21:16:36+00:00,55.45016,8.46849,0.0,111.0,220.0,5,1619903796
2021-05-01 22:01:37+00:00,55.45026,8.468443,0.0,111.0,231.0,5,1619906497
2021-05-01 23:07:39+00:00,55.45016,8.468509,0.0,111.0,235.0,5,1619910459
2021-05-02 00:13:40+00:00,55.45013,8.468615,0.0,111.0,54.0,5,1619914420
2021-05-02 01:19:42+00:00,55.45016,8.468475,0.0,111.0,59.0,5,1619918382
2021-05-02 02:01:44+00:00,55.45013,8.468493,0.0,111.0,57.0,5,1619920904
2021-05-02 03:07:46+00:00,55.45016,8.468495,0.0,111.0,245.0,5,1619924866
2021-05-02 04:10:48+00:00,55.45017,8.46852,0.0,111.0,31.0,5,1619928648
2021-05-02 05:13:50+00:00,55.45016,8.468527,0.0,111.0,352.0,5,1619932430
2021-05-02 06:16:53+00:00,55.45016,8.468498,0.0,111.0,238.0,5,1619936213
2021-05-02 07:19:54+00:00,55.45025,8.46849,0.0,111.0,251.0,5,1619939994
2021-05-02 08:01:55+00:00,55.45017,8.468535,0.0,111.0,177.0,5,1619942515
2021-05-02 09:04:59+00:00,55.45012,8.468587,0.0,111.0,265.0,5,1619946299
2021-05-02 10:08:00+00:00,55.45016,8.468505,0.0,111.0,69.0,5,1619950080
2021-05-02 11:11:03+00:00,55.45016,8.468498,0.0,111.0,50.0,5,1619953863
2021-05-02 12:14:04+00:00,55.45016,8.46851,0.0,111.0,49.0,5,1619957644
2021-05-02 13:17:05+00:00,55.45022,8.468476,0.0,111.0,59.0,5,1619961425
2021-05-02 14:05:07+00:00,55.45016,8.468522,0.0,111.0,266.0,5,1619964307
2021-05-02 15:11:10+00:00,55.45015,8.468507,0.0,111.0,206.0,5,1619968270
2021-05-02 16:23:12+00:00,55.45018,8.468515,0.0,111.0,347.0,5,1619972592
2021-05-02 17:08:14+00:00,55.45016,8.468543,0.0,111.0,64.0,5,1619975294
2021-05-02 18:11:15+00:00,55.45016,8.468507,0.0,111.0,90.0,5,1619979075
2021-05-02 19:17:17+00:00,55.45019,8.468503,0.0,111.0,227.0,5,1619983037
2021-05-02 20:05:19+00:00,55.45016,8.46847,0.0,111.0,214.0,5,1619985919
2021-05-02 21:11:20+00:00,55.45018,8.46853,0.0,111.0,242.0,5,1619989880
2021-05-02 22:17:22+00:00,55.45016,8.468495,0.0,111.0,359.0,5,1619993842
2021-05-02 23:05:24+00:00,55.45016,8.46853,0.0,111.0,29.0,5,1619996724
2021-05-03 00:17:26+00:00,55.45012,8.468615,0.0,111.0,234.0,5,1620001046
2021-05-03 01:35:28+00:00,55.45024,8.468545,0.0,111.0,102.0,5,1620005728
2021-05-03 02:23:30+00:00,55.45016,8.468469,0.0,111.0,227.0,5,1620008610
2021-05-03 03:08:32+00:00,55.45015,8.468516,0.0,111.0,62.0,5,1620011312
2021-05-03 04:11:33+00:00,55.45015,8.46857,0.0,111.0,247.0,5,1620015093
2021-05-03 05:14:38+00:00,55.45017,8.468495,0.0,111.0,1.0,5,1620018878
2021-05-03 06:17:37+00:00,55.45015,8.468502,0.0,111.0,224.0,5,1620022657
2021-05-03 07:20:41+00:00,55.45018,8.468522,0.0,111.0,294.0,5,1620026441
2021-05-03 08:02:43+00:00,55.45016,8.468502,0.0,111.0,238.0,5,1620028963
2021-05-03 09:05:43+00:00,55.45015,8.468522,0.0,111.0,216.0,5,1620032743
2021-05-03 10:08:47+00:00,55.45019,8.468495,0.0,111.0,286.0,5,1620036527
2021-05-03 11:11:47+00:00,55.45016,8.46848,0.0,111.0,28.0,5,1620040307
2021-05-03 12:14:50+00:00,55.45015,8.468562,0.0,111.0,286.0,5,1620044090
2021-05-03 13:20:53+00:00,55.45018,8.468447,0.0,111.0,258.0,5,1620048053
2021-05-03 14:05:51+00:00,55.45015,8.468509,0.0,111.0,88.0,5,1620050751
2021-05-03 15:11:53+00:00,55.45013,8.468523,0.0,111.0,236.0,5,1620054713
2021-05-03 16:20:58+00:00,55.45017,8.468536,0.0,111.0,9.0,5,1620058858
2021-05-03 17:11:56+00:00,55.45016,8.468567,0.0,111.0,147.0,5,1620061916
2021-05-03 18:21:03+00:00,55.45016,8.468489,0.0,111.0,249.0,5,1620066063
2021-05-03 19:09:05+00:00,55.45016,8.468585,0.0,111.0,43.0,5,1620068945
2021-05-03 20:18:02+00:00,55.45015,8.468498,0.0,111.0,78.0,5,1620073082
2021-05-03 21:06:03+00:00,55.45016,8.468503,0.0,111.0,43.0,5,1620075963
2021-05-03 22:15:12+00:00,55.45017,8.468507,0.0,111.0,47.0,5,1620080112
2021-05-03 23:03:13+00:00,55.45013,8.468638,0.0,111.0,39.0,5,1620082993
2021-05-04 00:15:15+00:00,55.45013,8.46862,0.0,111.0,204.0,5,1620087315
2021-05-04 01:03:16+00:00,55.45016,8.468487,0.0,111.0,342.0,5,1620090196
2021-05-04 02:18:14+00:00,55.45016,8.468482,0.0,111.0,221.0,5,1620094694
2021-05-04 03:00:16+00:00,55.45016,8.468525,0.0,111.0,292.0,5,1620097216
2021-05-04 04:06:18+00:00,55.45018,8.468532,0.0,111.0,234.0,5,1620101178
2021-05-04 05:12:20+00:00,55.45016,8.468554,0.0,111.0,240.0,5,1620105140
2021-05-04 06:15:25+00:00,55.45014,8.468515,0.0,111.0,212.0,5,1620108925
2021-05-04 07:03:27+00:00,55.45033,8.468489,0.0,111.0,262.0,5,1620111807
2021-05-04 08:09:29+00:00,55.45017,8.468534,0.0,111.0,255.0,5,1620115769
2021-05-04 09:12:28+00:00,55.45017,8.468469,0.0,111.0,187.0,5,1620119548
2021-05-04 10:15:33+00:00,55.45027,8.468509,0.0,111.0,71.0,5,1620123333
2021-05-04 11:00:31+00:00,55.45016,8.468489,0.0,111.0,72.0,5,1620126031
2021-05-04 12:03:37+00:00,55.45016,8.468527,0.0,111.0,64.0,5,1620129817
2021-05-04 13:06:35+00:00,55.45019,8.468495,0.0,111.0,237.0,5,1620133595
2021-05-04 14:09:41+00:00,55.45016,8.468502,0.0,111.0,285.0,5,1620137381
2021-05-04 15:15:43+00:00,55.45012,8.4685,0.0,111.0,213.0,5,1620141343
2021-05-04 16:06:41+00:00,55.45017,8.468536,0.0,111.0,300.0,5,1620144401
2021-05-04 17:15:47+00:00,55.4502,8.46848,0.0,111.0,131.0,5,1620148547
2021-05-04 18:18:44+00:00,55.45016,8.468492,0.0,111.0,98.0,5,1620152324
2021-05-04 19:06:47+00:00,55.45017,8.468467,0.0,111.0,236.0,5,1620155207
2021-05-04 20:09:53+00:00,55.45017,8.468458,0.0,111.0,298.0,5,1620158993
2021-05-04 21:21:56+00:00,55.45015,8.468512,0.0,111.0,35.0,5,1620163316
2021-05-04 22:03:57+00:00,55.45016,8.468547,0.0,111.0,71.0,5,1620165837
2021-05-04 23:12:54+00:00,55.45016,8.468513,0.0,111.0,329.0,5,1620169974
2021-05-05 00:16:02+00:00,55.45016,8.468543,0.0,111.0,96.0,5,1620173762
2021-05-05 01:00:57+00:00,55.45017,8.468532,0.0,111.0,51.0,5,1620176457
2021-05-05 02:10:05+00:00,55.45014,8.468567,0.0,111.0,37.0,5,1620180605
2021-05-05 03:22:07+00:00,55.45016,8.468515,0.0,111.0,286.0,5,1620184927
2021-05-05 04:10:08+00:00,55.45016,8.468549,0.0,111.0,86.0,5,1620187808
2021-05-05 05:22:11+00:00,55.45016,8.468492,0.0,111.0,264.0,5,1620192131
2021-05-05 06:10:12+00:00,55.45015,8.468498,0.0,111.0,260.0,5,1620195012
2021-05-05 07:22:14+00:00,55.45017,8.468543,0.0,111.0,292.0,5,1620199334
2021-05-05 08:10:16+00:00,55.45016,8.468493,0.0,111.0,170.0,5,1620202216
2021-05-05 09:22:19+00:00,55.45016,8.468496,0.0,111.0,236.0,5,1620206539
2021-05-05 10:10:20+00:00,55.45015,8.468509,0.0,111.0,72.0,5,1620209420
2021-05-05 11:22:23+00:00,55.45012,8.468563,0.0,111.0,248.0,5,1620213743
2021-05-05 12:10:24+00:00,55.45016,8.468492,0.0,111.0,319.0,5,1620216624
2021-05-05 13:01:19+00:00,55.45016,8.468493,0.0,111.0,272.0,5,1620219679
2021-05-05 14:10:28+00:00,55.45016,8.468518,0.0,111.0,286.0,5,1620223828
2021-05-05 15:01:23+00:00,55.45015,8.468523,0.0,111.0,217.0,5,1620226883
2021-05-05 16:25:26+00:00,55.45016,8.468495,0.0,111.0,8.0,5,1620231926
2021-05-05 17:10:33+00:00,55.45016,8.468503,0.0,111.0,13.0,5,1620234633
2021-05-05 18:22:36+00:00,55.45015,8.468487,0.0,111.0,32.0,5,1620238956
2021-05-05 19:10:37+00:00,55.45015,8.468487,0.0,111.0,244.0,5,1620241837
2021-05-05 20:31:33+00:00,55.45013,8.46856,0.0,111.0,251.0,5,1620246693
2021-05-05 21:19:34+00:00,55.45016,8.46851,0.0,111.0,34.0,5,1620249574
2021-05-05 22:07:35+00:00,55.45016,8.46854,0.0,111.0,6.0,5,1620252455
2021-05-05 23:13:37+00:00,55.45016,8.4685,0.0,111.0,327.0,5,1620256417
2021-05-06 00:16:46+00:00,55.45016,8.468522,0.0,111.0,21.0,5,1620260206
2021-05-06 01:04:47+00:00,55.45015,8.46851,0.0,111.0,46.0,5,1620263087
2021-05-06 02:01:43+00:00,55.45016,8.468513,0.0,111.0,247.0,5,1620266503
2021-05-06 03:16:52+00:00,55.45016,8.468523,0.0,111.0,285.0,5,1620271012
2021-05-06 04:04:53+00:00,55.45017,8.468489,0.0,111.0,250.0,5,1620273893
2021-05-06 05:16:55+00:00,55.45017,8.46849,0.0,111.0,321.0,5,1620278215
2021-05-06 06:04:57+00:00,55.45016,8.468498,0.0,111.0,211.0,5,1620281097
2021-05-06 07:16:58+00:00,55.45016,8.468503,0.0,111.0,126.0,5,1620285418
2021-05-06 08:05:00+00:00,55.45016,8.468532,0.0,111.0,30.0,5,1620288300
2021-05-06 09:17:01+00:00,55.45015,8.46852,0.0,111.0,189.0,5,1620292621
2021-05-06 10:05:03+00:00,55.45016,8.46851,0.0,111.0,234.0,5,1620295503
2021-05-06 11:17:06+00:00,55.45016,8.468515,0.0,111.0,28.0,5,1620299826
2021-05-06 12:05:07+00:00,55.45016,8.468516,0.0,111.0,57.0,5,1620302707
2021-05-06 13:14:05+00:00,55.45016,8.468495,0.0,111.0,59.0,5,1620306845
2021-05-06 14:20:07+00:00,55.45016,8.468523,0.0,111.0,76.0,5,1620310807
2021-05-06 15:05:13+00:00,55.45016,8.46848,0.0,111.0,165.0,5,1620313513
2021-05-06 16:17:15+00:00,55.45017,8.468502,0.0,111.0,334.0,5,1620317835
2021-05-06 17:05:16+00:00,55.45016,8.468523,0.0,111.0,310.0,5,1620320716
2021-05-06 18:17:19+00:00,55.45016,8.4685,0.0,111.0,46.0,5,1620325039
2021-05-06 19:08:15+00:00,55.45016,8.46848,0.0,111.0,264.0,5,1620328095
2021-05-06 20:17:22+00:00,55.45015,8.468495,0.0,111.0,192.0,5,1620332242
2021-05-06 21:11:24+00:00,55.45016,8.46849,0.0,111.0,29.0,5,1620335484
2021-05-06 22:08:21+00:00,55.45016,8.468496,0.0,111.0,89.0,5,1620338901
2021-05-06 23:20:23+00:00,55.45016,8.468507,0.0,111.0,19.0,5,1620343223
2021-05-07 00:11:29+00:00,55.45016,8.468513,0.0,111.0,227.0,5,1620346289
2021-05-07 01:23:31+00:00,55.45015,8.46851,0.0,111.0,261.0,5,1620350611
2021-05-07 02:11:32+00:00,55.45016,8.468516,0.0,111.0,50.0,5,1620353492
2021-05-07 03:02:31+00:00,55.45015,8.4685,0.0,111.0,41.0,5,1620356551
2021-05-07 04:20:33+00:00,55.45016,8.468505,0.0,111.0,66.0,5,1620361233
2021-05-07 05:11:38+00:00,55.45016,8.46849,0.0,111.0,344.0,5,1620364298
2021-05-07 06:14:37+00:00,55.45015,8.468495,0.0,111.0,95.0,5,1620368077
2021-05-07 07:02:38+00:00,55.45016,8.468512,0.0,111.0,125.0,5,1620370958
2021-05-07 08:14:40+00:00,55.45015,8.468516,0.0,111.0,150.0,5,1620375280
2021-05-07 09:14:43+00:00,55.45015,8.468503,0.0,111.0,66.0,5,1620378883
2021-05-07 10:05:48+00:00,55.45016,8.468482,0.0,111.0,73.0,5,1620381948
2021-05-07 11:32:47+00:00,55.45016,8.468527,0.0,111.0,214.0,5,1620387167
2021-05-07 12:17:52+00:00,55.45016,8.468513,0.0,111.0,63.0,5,1620389872
2021-05-07 13:26:50+00:00,55.45016,8.468496,0.0,111.0,310.0,5,1620394010
2021-05-07 14:17:56+00:00,55.45015,8.468503,0.0,111.0,278.0,5,1620397076
2021-05-07 15:05:57+00:00,55.45015,8.468485,0.0,111.0,46.0,5,1620399957
2021-05-07 16:20:56+00:00,55.45016,8.468489,0.0,111.0,9.0,5,1620404456
2021-05-07 17:24:02+00:00,55.45016,8.468516,0.0,111.0,117.0,5,1620408242
2021-05-07 18:14:59+00:00,55.45016,8.46851,0.0,111.0,26.0,5,1620411299
2021-05-07 19:03:01+00:00,55.45015,8.468512,0.0,111.0,243.0,5,1620414181
2021-05-07 20:27:03+00:00,55.45012,8.468549,0.0,111.0,15.0,5,1620419223
2021-05-07 21:15:05+00:00,55.45014,8.468555,0.0,111.0,24.0,5,1620422105
2021-05-07 22:06:12+00:00,55.45016,8.468536,0.0,111.0,65.0,5,1620425172
2021-05-07 23:00:13+00:00,55.45016,8.468513,0.0,111.0,240.0,5,1620428413
2021-05-08 00:21:11+00:00,55.45027,8.468489,0.0,111.0,240.0,5,1620433271
2021-05-08 01:09:12+00:00,55.45016,8.468496,0.0,111.0,220.0,5,1620436152
2021-05-08 02:03:14+00:00,55.45017,8.46845,0.0,111.0,48.0,5,1620439394
2021-05-08 03:12:22+00:00,55.45012,8.468493,0.0,111.0,81.0,5,1620443542
2021-05-08 04:15:18+00:00,55.45016,8.468512,0.0,111.0,38.0,5,1620447318
2021-05-08 05:09:20+00:00,55.45017,8.468482,0.0,111.0,125.0,5,1620450560
2021-05-08 06:18:29+00:00,55.45015,8.468535,0.0,111.0,170.0,5,1620454709
2021-05-08 07:06:30+00:00,55.45016,8.468523,0.0,111.0,153.0,5,1620457590
2021-05-08 08:12:32+00:00,55.45022,8.468502,0.0,111.0,260.0,5,1620461552
2021-05-08 09:18:35+00:00,55.45017,8.468487,0.0,111.0,233.0,5,1620465515
2021-05-08 10:03:29+00:00,55.45016,8.468522,0.0,111.0,72.0,5,1620468209
2021-05-08 11:15:32+00:00,55.45015,8.468513,0.0,111.0,45.0,5,1620472532
2021-05-08 12:24:41+00:00,55.45015,8.468515,0.0,111.0,46.0,5,1620476681
2021-05-08 13:15:36+00:00,55.45015,8.468493,0.0,111.0,347.0,5,1620479736
2021-05-08 14:00:44+00:00,55.45014,8.468518,0.0,111.0,349.0,5,1620482444
2021-05-08 15:18:48+00:00,55.45015,8.468522,0.0,111.0,24.0,5,1620487128
2021-05-08 16:06:50+00:00,55.45017,8.468509,0.0,111.0,312.0,5,1620490010
2021-05-08 17:21:46+00:00,55.45016,8.468515,0.0,111.0,45.0,5,1620494506
2021-05-08 18:09:47+00:00,55.45016,8.468503,0.0,111.0,43.0,5,1620497387
2021-05-08 19:18:55+00:00,55.45016,8.468503,0.0,111.0,34.0,5,1620501535
2021-05-08 20:21:52+00:00,55.45016,8.46848,0.0,111.0,333.0,5,1620505312
2021-05-08 21:03:54+00:00,55.45016,8.468503,0.0,111.0,35.0,5,1620507834
2021-05-08 22:21:56+00:00,55.45016,8.468503,0.0,111.0,40.0,5,1620512516
2021-05-08 23:19:02+00:00,55.45016,8.468495,0.0,111.0,127.0,5,1620515942
2021-05-09 00:22:01+00:00,55.45017,8.468516,0.0,111.0,271.0,5,1620519721
2021-05-09 01:13:06+00:00,55.45016,8.468515,0.0,111.0,96.0,5,1620522786
2021-05-09 02:07:07+00:00,55.45016,8.46851,0.0,111.0,91.0,5,1620526027
2021-05-09 03:10:06+00:00,55.45016,8.468502,0.0,111.0,71.0,5,1620529806
2021-05-09 04:16:08+00:00,55.45015,8.468534,0.0,111.0,73.0,5,1620533768
2021-05-09 05:19:13+00:00,55.45015,8.46854,0.0,111.0,293.0,5,1620537553
2021-05-09 06:01:14+00:00,55.45015,8.468518,0.0,111.0,217.0,5,1620540074
2021-05-09 07:13:17+00:00,55.45017,8.468527,0.0,111.0,306.0,5,1620544397
2021-05-09 08:01:19+00:00,55.45016,8.468592,0.0,111.0,53.0,5,1620547279
2021-05-09 09:13:22+00:00,55.45016,8.468496,0.0,111.0,254.0,5,1620551602
2021-05-09 10:01:23+00:00,55.45016,8.46851,0.0,111.0,80.0,5,1620554483
2021-05-09 11:16:20+00:00,55.45016,8.468515,0.0,111.0,48.0,5,1620558980
2021-05-09 12:19:28+00:00,55.45017,8.468536,0.0,111.0,55.0,5,1620562768
2021-05-09 13:04:24+00:00,55.45016,8.468513,0.0,111.0,308.0,5,1620565464
2021-05-09 14:10:26+00:00,55.45015,8.468525,0.0,111.0,45.0,5,1620569426
2021-05-09 15:04:27+00:00,55.45016,8.468512,0.0,111.0,85.0,5,1620572667
2021-05-09 16:22:30+00:00,55.45016,8.468523,0.0,111.0,47.0,5,1620577350
2021-05-09 17:10:31+00:00,55.45017,8.468516,0.0,111.0,337.0,5,1620580231
2021-05-09 18:19:38+00:00,55.45016,8.46847,0.0,111.0,69.0,5,1620584378
2021-05-09 19:04:34+00:00,55.45016,8.46849,0.0,111.0,8.0,5,1620587074
2021-05-09 20:22:37+00:00,55.45014,8.468512,0.0,111.0,85.0,5,1620591757
2021-05-09 21:10:39+00:00,55.45014,8.468535,0.0,111.0,36.0,5,1620594639
2021-05-09 22:19:45+00:00,55.45016,8.46848,0.0,111.0,323.0,5,1620598785
2021-05-09 23:01:47+00:00,55.45016,8.468487,0.0,111.0,359.0,5,1620601307
2021-05-10 00:07:49+00:00,55.45016,8.468509,0.0,111.0,253.0,5,1620605269
2021-05-10 01:19:51+00:00,55.45014,8.468503,0.0,111.0,232.0,5,1620609591
2021-05-10 02:07:53+00:00,55.45015,8.468503,0.0,111.0,253.0,5,1620612473
2021-05-10 03:19:56+00:00,55.45016,8.46849,0.0,111.0,97.0,5,1620616796
2021-05-10 04:07:58+00:00,55.45016,8.4685,0.0,111.0,75.0,5,1620619678
2021-05-10 05:19:59+00:00,55.45016,8.468502,0.0,111.0,262.0,5,1620623999
2021-05-10 06:02:02+00:00,55.45015,8.468509,0.0,111.0,107.0,5,1620626522
2021-05-10 07:14:03+00:00,55.45016,8.468493,0.0,111.0,275.0,5,1620630843
2021-05-10 08:02:04+00:00,55.45016,8.468513,0.0,111.0,115.0,5,1620633724
2021-05-10 09:23:02+00:00,55.45014,8.46851,0.0,111.0,61.0,5,1620638582
2021-05-10 10:20:09+00:00,55.45016,8.46851,0.0,111.0,72.0,5,1620642009
2021-05-10 11:11:05+00:00,55.45016,8.468523,0.0,111.0,227.0,5,1620645065
2021-05-10 12:23:07+00:00,55.45016,8.468502,0.0,111.0,46.0,5,1620649387
2021-05-10 13:11:08+00:00,55.45015,8.468513,0.0,111.0,286.0,5,1620652268
2021-05-10 14:29:10+00:00,55.45015,8.468503,0.0,111.0,243.0,5,1620656950
2021-05-10 15:17:12+00:00,55.45012,8.468545,0.0,111.0,82.0,5,1620659832
2021-05-10 18:14:44+00:00,55.45015,8.468469,0.0,111.0,272.0,5,1620670484
2021-05-10 19:02:26+00:00,55.45016,8.468493,0.0,111.0,191.0,5,1620673346
2021-05-10 20:05:23+00:00,55.45014,8.468515,0.0,111.0,64.0,5,1620677123
2021-05-10 21:14:32+00:00,55.45015,8.468549,0.0,111.0,89.0,5,1620681272
2021-05-10 22:17:37+00:00,55.45016,8.468495,0.0,111.0,211.0,5,1620685057
2021-05-10 23:02:37+00:00,55.45017,8.468502,0.0,111.0,49.0,5,1620687757
2021-05-11 00:17:28+00:00,55.45018,8.468525,0.0,111.0,55.0,5,1620692248
2021-05-11 01:20:36+00:00,55.45016,8.468502,0.0,111.0,293.0,5,1620696036
2021-05-11 02:14:38+00:00,55.45016,8.468503,0.0,111.0,203.0,5,1620699278
2021-05-11 03:11:34+00:00,55.45016,8.468509,0.0,111.0,271.0,5,1620702694
2021-05-11 04:02:41+00:00,55.45016,8.468503,0.0,111.0,251.0,5,1620705761
2021-05-11 05:14:43+00:00,55.45016,8.468527,0.0,111.0,283.0,5,1620710083
2021-05-11 06:02:44+00:00,55.45016,8.468509,0.0,111.0,288.0,5,1620712964
2021-05-11 07:14:46+00:00,55.45016,8.468503,0.0,111.0,120.0,5,1620717286
2021-05-11 08:02:48+00:00,55.45016,8.468512,0.0,111.0,272.0,5,1620720168
2021-05-11 09:14:51+00:00,55.45015,8.468502,0.0,111.0,85.0,5,1620724491
2021-05-11 10:20:53+00:00,55.45017,8.468493,0.0,111.0,47.0,5,1620728453
2021-05-11 11:08:54+00:00,55.45016,8.46852,0.0,111.0,42.0,5,1620731334
2021-05-11 12:20:56+00:00,55.45016,8.468513,0.0,111.0,38.0,5,1620735656
2021-05-11 13:08:58+00:00,55.45016,8.46851,0.0,111.0,9.0,5,1620738538
2021-05-11 14:21:01+00:00,55.45015,8.468513,0.0,111.0,66.0,5,1620742861
2021-05-11 15:09:03+00:00,55.45016,8.46849,0.0,111.0,293.0,5,1620745743
2021-05-11 16:21:06+00:00,55.45016,8.468507,0.0,111.0,296.0,5,1620750066
2021-05-11 17:09:08+00:00,55.45016,8.468516,0.0,111.0,35.0,5,1620752948
2021-05-11 18:18:01+00:00,55.45016,8.468492,0.0,111.0,31.0,5,1620757081
2021-05-11 19:06:02+00:00,55.45016,8.4685,0.0,111.0,26.0,5,1620759962
2021-05-11 20:15:12+00:00,55.45015,8.468547,0.0,111.0,99.0,5,1620764112
2021-05-11 21:24:07+00:00,55.45015,8.46851,0.0,111.0,74.0,5,1620768247
2021-05-11 22:06:08+00:00,55.45016,8.468496,0.0,111.0,58.0,5,1620770768
2021-05-11 23:09:17+00:00,55.45015,8.468527,0.0,111.0,237.0,5,1620774557
2021-05-12 00:21:18+00:00,55.45016,8.468527,0.0,111.0,98.0,5,1620778878
2021-05-12 01:09:20+00:00,55.45015,8.4685,0.0,111.0,252.0,5,1620781760
2021-05-12 02:21:23+00:00,55.45016,8.468503,0.0,111.0,236.0,5,1620786083
2021-05-12 03:09:24+00:00,55.45016,8.4685,0.0,111.0,242.0,5,1620788964
2021-05-12 04:21:26+00:00,55.45016,8.468483,0.0,111.0,29.0,5,1620793286
2021-05-12 05:09:28+00:00,55.45016,8.468489,0.0,111.0,303.0,5,1620796168
2021-05-12 06:21:30+00:00,55.45014,8.468522,0.0,111.0,224.0,5,1620800490
2021-05-12 07:09:32+00:00,55.45015,8.468503,0.0,111.0,263.0,5,1620803372
2021-05-12 08:21:34+00:00,55.45014,8.468513,0.0,111.0,108.0,5,1620807694
2021-05-12 09:09:36+00:00,55.45015,8.468492,0.0,111.0,115.0,5,1620810576
2021-05-12 10:21:38+00:00,55.45016,8.468493,0.0,111.0,54.0,5,1620814898
2021-05-12 11:09:40+00:00,55.45016,8.468527,0.0,111.0,216.0,5,1620817780
2021-05-12 12:21:42+00:00,55.45016,8.468518,0.0,111.0,54.0,5,1620822102
2021-05-12 13:09:44+00:00,55.45016,8.468513,0.0,111.0,296.0,5,1620824984
2021-05-12 14:21:47+00:00,55.45016,8.468509,0.0,111.0,105.0,5,1620829307
2021-05-12 15:06:43+00:00,55.45016,8.468503,0.0,111.0,269.0,5,1620832003
2021-05-12 16:18:45+00:00,55.45016,8.468516,0.0,111.0,340.0,5,1620836325
2021-05-12 17:03:52+00:00,55.45016,8.46851,0.0,111.0,341.0,5,1620839032
2021-05-12 18:12:49+00:00,55.45015,8.468487,0.0,111.0,51.0,5,1620843169
2021-05-12 19:21:57+00:00,55.45016,8.468489,0.0,111.0,32.0,5,1620847317
2021-05-12 20:15:58+00:00,55.45015,8.4685,0.0,111.0,207.0,5,1620850558
2021-05-12 21:04:00+00:00,55.45015,8.468535,0.0,111.0,177.0,5,1620853440
2021-05-12 22:16:04+00:00,55.45016,8.468489,0.0,111.0,319.0,5,1620857764
2021-05-12 23:04:04+00:00,55.45018,8.46852,0.0,111.0,20.0,5,1620860644
2021-05-13 00:19:00+00:00,55.45016,8.468518,0.0,111.0,78.0,5,1620865140
2021-05-13 01:04:07+00:00,55.45015,8.4685,0.0,111.0,72.0,5,1620867847
2021-05-13 02:31:04+00:00,55.45015,8.46848,0.0,111.0,40.0,5,1620873064
2021-05-13 03:19:06+00:00,55.45014,8.468503,0.0,111.0,65.0,5,1620875946
2021-05-13 04:07:08+00:00,55.45016,8.468522,0.0,111.0,61.0,5,1620878828
2021-05-13 05:10:16+00:00,55.45016,8.468503,0.0,111.0,60.0,5,1620882616
2021-05-13 06:25:11+00:00,55.45015,8.468515,0.0,111.0,121.0,5,1620887111
2021-05-13 07:19:14+00:00,55.45016,8.46849,0.0,111.0,164.0,5,1620890354
2021-05-13 08:04:21+00:00,55.45015,8.468495,0.0,111.0,286.0,5,1620893061
2021-05-13 09:10:23+00:00,55.45016,8.468503,0.0,111.0,66.0,5,1620897023
2021-05-13 10:22:25+00:00,55.45016,8.468493,0.0,111.0,31.0,5,1620901345
2021-05-13 11:10:27+00:00,55.45016,8.468507,0.0,111.0,237.0,5,1620904227
2021-05-13 12:28:29+00:00,55.45016,8.46851,0.0,111.0,287.0,5,1620908909
2021-05-13 13:01:25+00:00,55.45016,8.468512,0.0,111.0,101.0,5,1620910885
2021-05-13 14:13:27+00:00,55.45015,8.468507,0.0,111.0,239.0,5,1620915207
2021-05-13 15:04:34+00:00,55.45016,8.468483,0.0,111.0,102.0,5,1620918274
2021-05-13 16:13:31+00:00,55.45015,8.468516,0.0,111.0,35.0,5,1620922411
2021-05-13 17:04:37+00:00,55.45017,8.468493,0.0,111.0,42.0,5,1620925477
2021-05-13 18:10:39+00:00,55.45015,8.46853,0.0,111.0,15.0,5,1620929439
2021-05-13 19:22:42+00:00,55.45016,8.468483,0.0,111.0,24.0,5,1620933762
2021-05-13 20:07:39+00:00,55.45015,8.468522,0.0,111.0,120.0,5,1620936459
2021-05-13 21:16:46+00:00,55.45015,8.468532,0.0,111.0,92.0,5,1620940606
2021-05-13 22:07:42+00:00,55.45016,8.468493,0.0,111.0,45.0,5,1620943662
2021-05-13 23:16:49+00:00,55.45016,8.468523,0.0,111.0,250.0,5,1620947809
2021-05-14 00:01:45+00:00,55.45021,8.468549,0.0,111.0,17.0,5,1620950505
2021-05-14 01:10:54+00:00,55.45016,8.4685,0.0,111.0,193.0,5,1620954654
2021-05-14 02:22:56+00:00,55.45016,8.468487,0.0,111.0,258.0,5,1620958976
2021-05-14 03:10:58+00:00,55.45016,8.468503,0.0,111.0,230.0,5,1620961858
2021-05-14 04:23:02+00:00,55.45017,8.468498,0.0,111.0,211.0,5,1620966182
2021-05-14 05:11:02+00:00,55.45016,8.468489,0.0,111.0,294.0,5,1620969062
2021-05-14 06:23:05+00:00,55.45015,8.468516,0.0,111.0,290.0,5,1620973385
2021-05-14 07:13:59+00:00,55.45016,8.468496,0.0,111.0,142.0,5,1620976439
2021-05-14 08:20:02+00:00,55.45015,8.468513,0.0,111.0,131.0,5,1620980402
2021-05-14 09:08:03+00:00,55.45013,8.468543,0.0,111.0,23.0,5,1620983283
2021-05-14 10:14:05+00:00,55.45016,8.468495,0.0,111.0,69.0,5,1620987245
2021-05-14 11:26:08+00:00,55.45016,8.468509,0.0,111.0,241.0,5,1620991568
2021-05-14 12:11:15+00:00,55.45016,8.468513,0.0,111.0,282.0,5,1620994275
2021-05-14 13:02:11+00:00,55.45016,8.468503,0.0,111.0,65.0,5,1620997331
2021-05-14 14:17:18+00:00,55.45017,8.4685,0.0,111.0,60.0,5,1621001838
2021-05-14 15:02:15+00:00,55.45016,8.468522,0.0,111.0,80.0,5,1621004535
2021-05-14 16:20:18+00:00,55.45016,8.46855,0.0,111.0,79.0,5,1621009218
2021-05-14 17:02:19+00:00,55.45017,8.468492,0.0,111.0,24.0,5,1621011739
2021-05-14 18:35:25+00:00,55.45016,8.468498,0.0,111.0,251.0,5,1621017325
2021-05-14 19:17:26+00:00,55.45016,8.468509,0.0,111.0,31.0,5,1621019846
2021-05-14 20:05:28+00:00,55.45015,8.468535,0.0,111.0,85.0,5,1621022728
2021-05-14 21:14:28+00:00,55.45016,8.468509,0.0,111.0,54.0,5,1621026868
2021-05-14 22:20:30+00:00,55.45016,8.468513,0.0,111.0,222.0,5,1621030830
2021-05-14 23:11:34+00:00,55.45017,8.468507,0.0,111.0,94.0,5,1621033894
2021-05-15 00:14:33+00:00,55.45016,8.468522,0.0,112.0,1.0,5,1621037673
2021-05-15 01:08:34+00:00,55.45016,8.4685,0.0,111.0,234.0,5,1621040914
2021-05-15 02:14:36+00:00,55.45018,8.468495,0.0,111.0,99.0,5,1621044876
2021-05-15 03:05:41+00:00,55.45017,8.4685,0.0,111.0,127.0,5,1621047941
2021-05-15 04:11:43+00:00,55.45016,8.468495,0.0,111.0,308.0,5,1621051903
2021-05-15 05:17:46+00:00,55.45016,8.468492,0.0,111.0,246.0,5,1621055866
2021-05-15 06:02:43+00:00,55.45015,8.46851,0.0,111.0,249.0,5,1621058563
2021-05-15 07:20:46+00:00,55.45015,8.468513,0.0,111.0,231.0,5,1621063246
2021-05-15 08:20:47+00:00,55.45016,8.46851,0.0,111.0,42.0,5,1621066847
2021-05-15 09:11:54+00:00,55.45016,8.468502,0.0,111.0,28.0,5,1621069914
2021-05-15 10:23:56+00:00,55.45016,8.468483,0.0,111.0,11.0,5,1621074236
2021-05-15 11:14:54+00:00,55.45016,8.468476,0.0,111.0,42.0,5,1621077294
2021-05-15 12:18:00+00:00,55.45016,8.4685,0.0,112.0,46.0,5,1621081080
2021-05-15 13:06:01+00:00,55.45016,8.468495,0.0,111.0,259.0,5,1621083961
2021-05-15 14:12:03+00:00,55.45016,8.4685,0.0,111.0,70.0,5,1621087923
2021-05-15 15:15:02+00:00,55.45016,8.4685,0.0,111.0,60.0,5,1621091702
2021-05-15 16:18:07+00:00,55.45015,8.468527,0.0,111.0,187.0,5,1621095487
2021-05-15 17:00:08+00:00,55.45017,8.468489,0.0,111.0,219.0,5,1621098008
2021-05-15 18:06:11+00:00,55.45014,8.468523,0.0,111.0,72.0,5,1621101971
2021-05-15 19:15:10+00:00,55.45015,8.46849,0.0,111.0,221.0,5,1621106110
2021-05-15 20:33:13+00:00,55.45016,8.468505,0.0,111.0,214.0,5,1621110793
2021-05-15 21:03:13+00:00,55.45015,8.468534,0.0,111.0,47.0,5,1621112593
2021-05-15 22:09:15+00:00,55.45017,8.468496,0.0,111.0,233.0,5,1621116555
2021-05-15 23:09:17+00:00,55.45016,8.468513,0.0,111.0,289.0,5,1621120157
2021-05-16 00:09:19+00:00,55.45016,8.468513,0.0,111.0,51.0,5,1621123759
2021-05-16 01:27:22+00:00,55.45015,8.468512,0.0,111.0,66.0,5,1621128442
2021-05-16 02:27:24+00:00,55.45015,8.468495,0.0,111.0,52.0,5,1621132044
2021-05-16 03:00:26+00:00,55.45016,8.468502,0.0,111.0,81.0,5,1621134026
2021-05-16 04:18:29+00:00,55.45016,8.46849,0.0,111.0,351.0,5,1621138709
2021-05-16 05:12:30+00:00,55.45016,8.468483,0.0,111.0,22.0,5,1621141950
2021-05-16 06:03:31+00:00,55.45015,8.468513,0.0,111.0,210.0,5,1621145011
2021-05-16 07:21:32+00:00,55.45016,8.468525,0.0,111.0,206.0,5,1621149692
2021-05-16 08:42:38+00:00,55.45015,8.4685,0.0,111.0,264.0,5,1621154558
2021-05-16 09:33:37+00:00,55.45017,8.468489,0.0,111.0,230.0,5,1621157617
2021-05-16 10:36:41+00:00,55.45016,8.46852,0.0,111.0,233.0,5,1621161401
2021-05-16 11:03:40+00:00,55.45017,8.46849,0.0,111.0,232.0,5,1621163020
2021-05-16 12:06:45+00:00,55.45016,8.468522,0.0,111.0,272.0,5,1621166805
2021-05-16 13:30:47+00:00,55.45015,8.468502,0.0,111.0,95.0,5,1621171847
2021-05-16 14:39:47+00:00,55.45017,8.468489,0.0,111.0,30.0,5,1621175987
2021-05-16 15:21:47+00:00,55.45018,8.468515,0.0,111.0,347.0,5,1621178507
2021-05-16 16:03:49+00:00,55.45015,8.468536,0.0,112.0,49.0,5,1621181029
2021-05-16 17:06:54+00:00,55.45016,8.468523,0.0,111.0,253.0,5,1621184814
2021-05-16 18:12:56+00:00,55.45015,8.468498,0.0,111.0,207.0,5,1621188776
2021-05-16 19:18:58+00:00,55.45016,8.468483,0.0,112.0,205.0,5,1621192738
2021-05-16 20:03:57+00:00,55.45016,8.468495,0.0,111.0,251.0,5,1621195437
2021-05-16 21:01:02+00:00,55.45016,8.468507,0.0,111.0,106.0,5,1621198862
2021-05-16 22:13:05+00:00,55.45016,8.468492,0.0,112.0,326.0,5,1621203185
2021-05-16 23:01:05+00:00,55.45016,8.4685,0.0,111.0,266.0,5,1621206065
2021-05-17 00:07:08+00:00,55.45016,8.468523,0.0,111.0,342.0,5,1621210028
2021-05-17 01:19:10+00:00,55.45016,8.468516,0.0,111.0,92.0,5,1621214350
2021-05-17 02:07:11+00:00,55.45018,8.468507,0.0,111.0,64.0,5,1621217231
2021-05-17 03:13:14+00:00,55.45015,8.468496,0.0,111.0,59.0,5,1621221194
2021-05-17 04:22:11+00:00,55.45015,8.46854,0.0,111.0,340.0,5,1621225331
2021-05-17 05:07:18+00:00,55.45016,8.468502,0.0,111.0,328.0,5,1621228038
2021-05-17 06:19:21+00:00,55.45016,8.468523,0.0,111.0,105.0,5,1621232361
2021-05-17 07:07:21+00:00,55.45016,8.468498,0.0,111.0,305.0,5,1621235241
2021-05-17 08:19:23+00:00,55.45015,8.468516,0.0,111.0,63.0,5,1621239563
2021-05-17 09:07:25+00:00,55.45017,8.46852,0.0,111.0,4.0,5,1621242445
2021-05-17 10:19:27+00:00,55.45016,8.4685,0.0,111.0,130.0,5,1621246767
2021-05-17 11:10:23+00:00,55.45015,8.468503,0.0,111.0,79.0,5,1621249823
2021-05-17 12:13:31+00:00,55.45016,8.468509,0.0,111.0,17.0,5,1621253611
2021-05-17 13:01:33+00:00,55.45015,8.468509,0.0,111.0,41.0,5,1621256493
2021-05-17 14:13:35+00:00,55.45015,8.468493,0.0,111.0,205.0,5,1621260815
2021-05-17 15:01:37+00:00,55.45016,8.468503,0.0,111.0,258.0,5,1621263697
2021-05-17 16:13:39+00:00,55.45016,8.468549,0.0,111.0,320.0,5,1621268019
2021-05-17 17:01:40+00:00,55.45017,8.46851,0.0,111.0,188.0,5,1621270900
2021-05-17 18:13:42+00:00,55.45017,8.468509,0.0,111.0,19.0,5,1621275222
2021-05-17 19:01:44+00:00,55.45016,8.46851,0.0,111.0,357.0,5,1621278104
2021-05-17 20:13:47+00:00,55.45017,8.468512,0.0,111.0,235.0,5,1621282427
2021-05-17 21:01:48+00:00,55.45016,8.468495,0.0,111.0,289.0,5,1621285308
2021-05-17 22:10:47+00:00,55.45016,8.468502,0.0,111.0,71.0,5,1621289447
2021-05-17 23:25:53+00:00,55.45016,8.46853,0.0,111.0,310.0,5,1621293953
2021-05-18 00:10:51+00:00,55.45014,8.468552,0.0,111.0,199.0,5,1621296651
2021-05-18 01:16:53+00:00,55.45015,8.468502,0.0,111.0,54.0,5,1621300613
2021-05-18 02:04:55+00:00,55.45017,8.468502,0.0,111.0,111.0,5,1621303495
2021-05-18 03:08:00+00:00,55.45015,8.468502,0.0,111.0,343.0,5,1621307280
2021-05-18 04:14:02+00:00,55.45015,8.468507,0.0,111.0,14.0,5,1621311242
2021-05-18 05:20:04+00:00,55.45016,8.468495,0.0,111.0,78.0,5,1621315204
2021-05-18 06:08:06+00:00,55.45015,8.468518,0.0,111.0,248.0,5,1621318086
2021-05-18 07:20:08+00:00,55.45016,8.468515,0.0,111.0,193.0,5,1621322408
2021-05-18 08:02:09+00:00,55.45015,8.468495,0.0,111.0,231.0,5,1621324929
2021-05-18 09:08:11+00:00,55.45017,8.46853,0.0,111.0,278.0,5,1621328891
2021-05-18 10:20:14+00:00,55.45016,8.468496,0.0,111.0,203.0,5,1621333214
2021-05-18 11:08:16+00:00,55.45017,8.46848,0.0,111.0,239.0,5,1621336096
2021-05-18 12:20:18+00:00,55.45016,8.4685,0.0,111.0,36.0,5,1621340418
2021-05-18 13:08:19+00:00,55.45015,8.468503,0.0,111.0,272.0,5,1621343299
2021-05-18 14:20:21+00:00,55.45015,8.468534,0.0,111.0,269.0,5,1621347621
2021-05-18 15:08:22+00:00,55.45017,8.468523,0.0,111.0,99.0,5,1621350502
2021-05-18 16:20:24+00:00,55.45017,8.468515,0.0,111.0,138.0,5,1621354824
2021-05-18 17:05:22+00:00,55.45016,8.468513,0.0,111.0,238.0,5,1621357522
2021-05-18 18:14:28+00:00,55.45012,8.468607,0.0,111.0,237.0,5,1621361668
2021-05-18 19:20:31+00:00,55.45015,8.468502,0.0,111.0,220.0,5,1621365631
2021-05-18 20:08:32+00:00,55.45016,8.468532,0.0,111.0,227.0,5,1621368512
2021-05-18 21:20:35+00:00,55.45017,8.468503,0.0,111.0,275.0,5,1621372835
2021-05-18 22:08:37+00:00,55.45015,8.46849,0.0,111.0,109.0,5,1621375717
2021-05-18 23:20:39+00:00,55.45016,8.468558,0.0,111.0,89.0,5,1621380039
2021-05-19 00:08:41+00:00,55.45015,8.46858,0.0,111.0,6.0,5,1621382921
2021-05-19 01:20:44+00:00,55.45016,8.468507,0.0,111.0,126.0,5,1621387244
2021-05-19 02:02:45+00:00,55.45018,8.468495,0.0,111.0,120.0,5,1621389765
2021-05-19 03:11:43+00:00,55.45017,8.468495,0.0,111.0,49.0,5,1621393903
2021-05-19 04:14:49+00:00,55.45016,8.468515,0.0,111.0,238.0,5,1621397689
2021-05-19 05:17:48+00:00,55.45016,8.468522,0.0,111.0,230.0,5,1621401468
2021-05-19 06:20:53+00:00,55.45019,8.468512,0.0,111.0,305.0,5,1621405253
2021-05-19 07:02:55+00:00,55.45016,8.468534,0.0,111.0,12.0,5,1621407775
2021-05-19 08:08:57+00:00,55.45017,8.468482,0.0,111.0,51.0,5,1621411737
2021-05-19 09:11:56+00:00,55.45023,8.468585,0.0,111.0,231.0,5,1621415516
2021-05-19 10:15:00+00:00,55.45017,8.468483,0.0,111.0,249.0,5,1621419300
2021-05-19 11:21:02+00:00,55.45018,8.468525,0.0,111.0,63.0,5,1621423262
2021-05-19 12:03:03+00:00,55.45022,8.468469,0.0,111.0,60.0,5,1621425783
2021-05-19 13:06:03+00:00,55.45016,8.468558,0.0,111.0,113.0,5,1621429563
2021-05-19 14:09:10+00:00,55.45009,8.468507,0.0,111.0,49.0,5,1621433350
2021-05-19 15:12:09+00:00,55.45019,8.468502,0.0,111.0,5.0,5,1621437129
2021-05-19 16:15:14+00:00,55.45016,8.468615,0.0,111.0,88.0,5,1621440914
2021-05-19 17:21:22+00:00,55.45019,8.468515,0.0,111.0,18.0,5,1621444882
2021-05-19 18:03:18+00:00,55.45018,8.4685,0.0,111.0,160.0,5,1621447398
2021-05-19 19:12:19+00:00,55.45016,8.468507,0.0,111.0,97.0,5,1621451539
2021-05-19 20:18:21+00:00,55.45018,8.468527,0.0,111.0,63.0,5,1621455501
2021-05-19 21:00:23+00:00,55.45019,8.468496,0.0,111.0,51.0,5,1621458023
2021-05-19 22:04:20+00:00,55.45018,8.46852,0.0,111.0,34.0,0,1621461860
